game_id,season,game_date,home_team_abbreviation,away_team_abbreviation,home_margin,home_win,friction_diff,friction_pct_diff,strength_diff
0022000083,2020-21,2021-01-02,ATL,CLE,-5.0,0,0.20688625787634154,13.981481481481488,0.20000000000000007
0022000095,2020-21,2021-01-04,ATL,NYK,-5.0,0,-0.8488788261758111,-58.47222222222223,0.16666666666666663
0022000110,2020-21,2021-01-06,ATL,CHA,-8.0,0,-0.8856546605220927,-61.04166666666667,0.2857142857142857
0022000153,2020-21,2021-01-11,ATL,PHI,18.0,1,-0.5239132378376955,-33.19444444444444,-0.25555555555555554
0022000205,2020-21,2021-01-18,ATL,MIN,11.0,1,1.027452854344569,60.50925925925927,0.09999999999999998
0022000219,2020-21,2021-01-20,ATL,DET,8.0,1,-0.6696739875682771,-44.467592592592595,0.0
0022000268,2020-21,2021-01-26,ATL,LAC,9.0,1,-0.6947406946802624,-32.083333333333336,-0.4
0022000274,2020-21,2021-01-27,ATL,BKN,-4.0,0,-0.38290071759653854,-26.388888888888886,-0.09999999999999998
0022000313,2020-21,2021-02-01,ATL,LAL,-8.0,0,-1.1203254513854737,-61.111111111111114,-0.09999999999999998
0022000330,2020-21,2021-02-03,ATL,DAL,-6.0,0,-1.02731291728763,-65.78703703703704,0.3
0022000338,2020-21,2021-02-04,ATL,UTA,-21.0,0,-0.6760217444138132,-46.94444444444444,-0.4
0022000356,2020-21,2021-02-06,ATL,TOR,11.0,1,-1.1713550771661396,-72.15277777777779,-0.09999999999999998
0022000397,2020-21,2021-02-12,ATL,SAS,-11.0,0,-0.022141523487544074,-3.19444444444445,-0.19999999999999996
0022000407,2020-21,2021-02-13,ATL,IND,-12.0,0,-0.7113606073659147,-43.958333333333336,-0.10000000000000003
0022000470,2020-21,2021-02-21,ATL,DEN,8.0,1,-0.31422426171586315,-24.444444444444436,-0.3
0022000490,2020-21,2021-02-24,ATL,BOS,15.0,1,-0.6290629650880019,-28.98148148148148,0.0
0022000590,2020-21,2021-03-13,ATL,SAC,15.0,1,-0.8699129846759266,-55.23148148148148,0.3
0022000597,2020-21,2021-03-14,ATL,CLE,18.0,1,-0.4868647631483144,-26.45833333333333,0.19999999999999996
0022000626,2020-21,2021-03-18,ATL,OKC,23.0,1,-0.1173660793802862,-8.518518518518519,0.19999999999999996
0022000759,2020-21,2021-04-04,ATL,GSW,6.0,1,-0.11643820059017179,-8.194444444444457,0.3
0022000770,2020-21,2021-04-06,ATL,NOP,16.0,1,-0.9972435130735264,-66.50462962962963,0.09999999999999998
0022000780,2020-21,2021-04-07,ATL,MEM,-18.0,0,-0.6696739875682771,-40.208333333333336,-0.09999999999999998
0022000791,2020-21,2021-04-09,ATL,CHI,12.0,1,-1.147292671968355,-71.55092592592592,0.09999999999999998
0022000840,2020-21,2021-04-15,ATL,MIL,-11.0,0,-0.7314043175567725,-39.81481481481481,0.19999999999999996
0022000861,2020-21,2021-04-18,ATL,IND,12.0,1,-1.6823714250996291,-89.53703703703704,0.19999999999999996
0022000876,2020-21,2021-04-20,ATL,ORL,16.0,1,-0.8363451472448226,-52.96296296296296,0.6000000000000001
0022000898,2020-21,2021-04-23,ATL,MIA,15.0,1,-0.34621780052495327,-26.111111111111107,0.09999999999999998
0022000913,2020-21,2021-04-25,ATL,MIL,7.0,1,-1.0483291539015365,-68.35648148148148,0.19999999999999996
0022000959,2020-21,2021-05-01,ATL,CHI,11.0,1,-0.011059610815504883,-0.4166666666666714,0.09999999999999998
0022000978,2020-21,2021-05-03,ATL,POR,9.0,1,-1.634152801408434,-78.44907407407408,0.0
0022000992,2020-21,2021-05-05,ATL,PHX,32.0,1,-1.0369417833241612,-67.80092592592592,-0.09999999999999998
0022001026,2020-21,2021-05-10,ATL,WAS,1.0,1,-0.9588924802429759,-66.9675925925926,-0.19999999999999996
0022001042,2020-21,2021-05-12,ATL,WAS,4.0,1,-0.7958452866861492,-49.143518518518526,0.0
0022001049,2020-21,2021-05-13,ATL,ORL,23.0,1,-0.8245400947901109,-52.245370370370374,0.3
0022001066,2020-21,2021-05-16,ATL,HOU,29.0,1,-1.1602907066303534,-75.06944444444444,0.39999999999999997
0022000086,2020-21,2021-01-03,BKN,WAS,-1.0,0,-0.8222838718036817,-55.439814814814824,0.33333333333333337
0022000102,2020-21,2021-01-05,BKN,UTA,34.0,1,-0.8438502039692626,-58.032407407407405,-0.23809523809523808
0022000118,2020-21,2021-01-07,BKN,PHI,13.0,1,-0.6357562654902966,-42.56944444444444,-0.375
0022000143,2020-21,2021-01-10,BKN,OKC,-13.0,0,-0.09666526392723979,-6.782407407407405,0.0
0022000158,2020-21,2021-01-12,BKN,DEN,6.0,1,-0.4533594407374717,-27.847222222222225,-0.09999999999999998
0022000190,2020-21,2021-01-16,BKN,ORL,7.0,1,-0.7487142248599645,-47.03703703703704,0.09999999999999998
0022000209,2020-21,2021-01-18,BKN,MIL,2.0,1,-0.19405282524794365,-11.319444444444443,-0.20000000000000007
0022000244,2020-21,2021-01-23,BKN,MIA,4.0,1,-0.3958019726332538,-26.38888888888888,0.19999999999999996
0022000260,2020-21,2021-01-25,BKN,MIA,13.0,1,-0.4623599724559473,-28.333333333333332,0.19999999999999996
0022000324,2020-21,2021-02-02,BKN,LAC,4.0,1,-0.3990965994293745,-25.810185185185176,-0.20000000000000007
0022000345,2020-21,2021-02-05,BKN,TOR,-6.0,0,-0.5918342772106062,-26.574074074074076,0.09999999999999998
0022000383,2020-21,2021-02-10,BKN,IND,10.0,1,0.6453625006552282,48.93518518518519,0.09999999999999998
0022000482,2020-21,2021-02-23,BKN,SAC,9.0,1,-0.05266786417096042,-2.037037037037038,0.39999999999999997
0022000499,2020-21,2021-02-25,BKN,ORL,37.0,1,-0.6941396052128346,-40.833333333333336,0.19999999999999996
0022000519,2020-21,2021-02-27,BKN,DAL,-17.0,0,-0.4727090719334698,-29.328703703703706,0.10000000000000009
0022000569,2020-21,2021-03-11,BKN,BOS,12.0,1,-0.4003346409160765,-1.3888888888888888,0.30000000000000004
0022000587,2020-21,2021-03-13,BKN,DET,5.0,1,-0.7949821822943401,-39.398148148148145,0.7
0022000604,2020-21,2021-03-15,BKN,NYK,5.0,1,-0.9508186948980086,-61.85185185185186,0.30000000000000004
0022000647,2020-21,2021-03-21,BKN,WAS,7.0,1,0.23825865700338872,13.842592592592588,0.5
0022000709,2020-21,2021-03-29,BKN,MIN,5.0,1,-0.6573151662587342,-39.675925925925924,0.4
0022000724,2020-21,2021-03-31,BKN,HOU,12.0,1,-0.9408561510692044,-61.43518518518519,0.6000000000000001
0022000732,2020-21,2021-04-01,BKN,CHA,22.0,1,-0.23798562709323084,-16.134259259259252,0.20000000000000007
0022000762,2020-21,2021-04-05,BKN,NYK,2.0,1,0.2931129810588229,22.93981481481481,0.19999999999999996
0022000779,2020-21,2021-04-07,BKN,NOP,28.0,1,-1.192673183027151,-72.98611111111111,0.19999999999999996
0022000800,2020-21,2021-04-10,BKN,LAL,-25.0,0,-1.2296927601116319,-78.35648148148148,0.4
0022000848,2020-21,2021-04-16,BKN,CHA,15.0,1,-0.2066831172468836,-13.148148148148145,0.29999999999999993
0022000899,2020-21,2021-04-23,BKN,BOS,5.0,1,-0.31056825993691295,-20.694444444444443,-0.30000000000000004
0022000912,2020-21,2021-04-25,BKN,PHX,9.0,1,-0.46846743358722337,-28.865740740740744,-0.09999999999999998
0022000952,2020-21,2021-04-30,BKN,POR,-19.0,0,-0.3137738559189508,-21.342592592592595,0.39999999999999997
0022001043,2020-21,2021-05-12,BKN,SAS,12.0,1,0.12404865553329514,8.449074074074076,0.19999999999999996
0022001060,2020-21,2021-05-15,BKN,CHI,14.0,1,-1.1857941806187726,-62.962962962962955,0.09999999999999998
0022001067,2020-21,2021-05-16,BKN,CLE,14.0,1,-0.23798562709323084,-16.134259259259252,0.5
0022000124,2020-21,2021-01-08,BOS,WAS,9.0,1,-0.16682876991811135,-9.722222222222221,0.41666666666666663
0022000180,2020-21,2021-01-15,BOS,ORL,27.0,1,-0.9205985638617855,-11.666666666666666,0.19999999999999996
0022000196,2020-21,2021-01-17,BOS,NYK,-30.0,0,-1.0012713849550194,-52.26851851851851,0.29999999999999993
0022000250,2020-21,2021-01-24,BOS,CLE,38.0,1,-0.14990299134739374,-4.722222222222225,0.09999999999999998
0022000302,2020-21,2021-01-30,BOS,LAL,-1.0,0,-0.693731595046932,-45.32407407407407,-0.09999999999999998
0022000398,2020-21,2021-02-11,BOS,TOR,14.0,1,-0.6550720561855994,-18.194444444444443,-0.19999999999999996
0022000412,2020-21,2021-02-12,BOS,DET,-6.0,0,-0.4552149359743392,-33.05555555555556,0.2
0022000427,2020-21,2021-02-16,BOS,DEN,13.0,1,-0.6422079087820556,-44.21296296296296,-0.3
0022000438,2020-21,2021-02-17,BOS,ATL,-8.0,0,-0.01629931087163057,-1.9212962962962905,0.2
0022000451,2020-21,2021-02-19,BOS,ATL,12.0,1,-0.3467699793419605,-22.87037037037037,0.10000000000000003
0022000505,2020-21,2021-02-26,BOS,IND,6.0,1,0.32760466915257247,15.694444444444446,-0.10000000000000003
0022000524,2020-21,2021-02-28,BOS,WAS,1.0,1,-0.9300375151009523,-62.70833333333334,-0.29999999999999993
0022000537,2020-21,2021-03-02,BOS,LAC,5.0,1,-1.0448508684140858,-68.125,-0.19999999999999996
0022000552,2020-21,2021-03-04,BOS,TOR,7.0,1,-0.550347774215399,-35.439814814814824,0.0
0022000609,2020-21,2021-03-16,BOS,UTA,-8.0,0,-0.7106527737779667,-45.37037037037037,0.09999999999999998
0022000631,2020-21,2021-03-19,BOS,SAC,-11.0,0,-0.44597423016126847,-31.018518518518526,0.09999999999999998
0022000167,2020-21,2021-03-21,BOS,ORL,16.0,1,-0.2669126005131404,-15.25462962962963,0.4
0022000708,2020-21,2021-03-29,BOS,NOP,-6.0,0,-0.11603818114130499,-8.981481481481474,-0.09999999999999998
0022000723,2020-21,2021-03-31,BOS,DAL,-5.0,0,-0.9566657085806147,-64.69907407407408,-0.09999999999999998
0022000738,2020-21,2021-04-02,BOS,HOU,16.0,1,-0.5133881538332221,-33.54166666666667,0.09999999999999998
0022000757,2020-21,2021-04-04,BOS,CHA,30.0,1,-0.8155125850212444,-54.88425925925927,-0.09999999999999998
0022000771,2020-21,2021-04-06,BOS,PHI,-10.0,0,-0.4155777513751956,-26.134259259259263,-0.09999999999999998
0022000778,2020-21,2021-04-07,BOS,NYK,2.0,1,-0.3503409602763953,-24.72222222222222,0.0
0022000792,2020-21,2021-04-09,BOS,MIN,9.0,1,-0.5843325987932708,-38.449074074074076,0.2
0022000858,2020-21,2021-04-17,BOS,GSW,5.0,1,0.4087250247506249,25.04629629629629,0.09999999999999998
0022000869,2020-21,2021-04-19,BOS,CHI,-6.0,0,-0.6977918265686778,-46.82870370370371,0.4
0022000892,2020-21,2021-04-22,BOS,PHX,13.0,1,-1.4219274320610116,-79.39814814814815,0.0
0022000927,2020-21,2021-04-27,BOS,OKC,-4.0,0,-0.46212568881285826,-31.43518518518519,0.7
0022000936,2020-21,2021-04-28,BOS,CHA,9.0,1,-0.4632692354611246,-33.541666666666664,0.3
0022000950,2020-21,2021-04-30,BOS,SAS,3.0,1,-0.839983612138777,-57.66203703703704,0.0
0022000968,2020-21,2021-05-02,BOS,POR,-10.0,0,-0.7445681400611958,-51.18055555555556,0.19999999999999996
0022000145,2020-21,2021-05-09,BOS,MIA,-6.0,0,0.08898820065787454,8.888888888888886,-0.29999999999999993
0022001032,2020-21,2021-05-11,BOS,MIA,-8.0,0,-0.013284665111758631,-7.777777777777779,-0.29999999999999993
0022000134,2020-21,2021-01-09,CHA,ATL,8.0,1,1.0842283555168901,74.53703703703704,-0.05555555555555558
0022000149,2020-21,2021-01-11,CHA,NYK,21.0,1,-0.8659558703337231,-59.97685185185186,0.0
0022000164,2020-21,2021-01-13,CHA,DAL,-11.0,0,-0.26774368141099364,-15.300925925925927,0.0444444444444444
0022000229,2020-21,2021-01-22,CHA,CHI,-13.0,0,-0.9280636050852213,-29.97685185185185,-0.09999999999999998
0022000271,2020-21,2021-01-27,CHA,IND,-10.0,0,0.0075034094757260444,0.5092592592592595,0.0
0022000288,2020-21,2021-01-29,CHA,IND,3.0,1,-0.23117998622797367,-13.055555555555554,-0.09999999999999998
0022000299,2020-21,2021-01-30,CHA,MIL,12.0,1,-0.8442751454932782,-43.86574074074074,-0.19999999999999996
0022000327,2020-21,2021-02-03,CHA,PHI,-7.0,0,0.3075760861184058,19.16666666666667,-0.4
0022000342,2020-21,2021-02-05,CHA,UTA,-17.0,0,-0.8005690059932856,-53.77314814814815,-0.5
0022000215,2020-21,2021-02-07,CHA,WAS,22.0,1,-0.833591178590738,-56.550925925925924,0.10000000000000003
0022000367,2020-21,2021-02-08,CHA,HOU,25.0,1,-0.5590270875487036,-39.81481481481481,-0.19999999999999996
0022000395,2020-21,2021-02-12,CHA,MIN,6.0,1,-0.053379825281772375,-4.351851851851848,0.3
0022000414,2020-21,2021-02-14,CHA,SAS,-12.0,0,-0.5219318193224719,-34.16666666666667,-0.09999999999999998
0022000459,2020-21,2021-02-20,CHA,GSW,2.0,1,-1.6763460459671835,-83.49537037037037,0.09999999999999998
0022000568,2020-21,2021-03-11,CHA,DET,3.0,1,-0.7062047477289545,-6.157407407407407,0.2
0022000588,2020-21,2021-03-13,CHA,TOR,10.0,1,-0.5897580033857561,-26.52777777777778,0.09999999999999998
0022000602,2020-21,2021-03-15,CHA,SAC,6.0,1,-0.5219318193224719,-31.75925925925926,0.3
0022000686,2020-21,2021-03-26,CHA,MIA,5.0,1,-0.1589740979280474,-10.833333333333329,0.09999999999999998
0022000703,2020-21,2021-03-28,CHA,PHX,-4.0,0,-0.9365279827277166,-63.263888888888886,0.0
0022000805,2020-21,2021-04-11,CHA,ATL,-4.0,0,-0.028555732674004318,-0.6481481481481453,0.09999999999999998
0022000825,2020-21,2021-04-13,CHA,LAL,-8.0,0,-1.559495829017644,-77.80092592592592,0.09999999999999998
0022000829,2020-21,2021-04-14,CHA,CLE,-13.0,0,0.09974081330101808,6.527777777777779,0.2
0022000362,2020-21,2021-04-18,CHA,POR,8.0,1,-0.15634580526455855,-12.962962962962962,-0.09999999999999998
0022000900,2020-21,2021-04-23,CHA,CLE,6.0,1,0.4156819174852239,32.546296296296305,-0.10000000000000003
0022000911,2020-21,2021-04-25,CHA,BOS,21.0,1,-0.7026744868434296,-47.61574074074075,-0.29999999999999993
0022000928,2020-21,2021-04-27,CHA,MIL,-10.0,0,-0.5219318193224719,-34.16666666666667,-0.09999999999999998
0022000957,2020-21,2021-05-01,CHA,DET,13.0,1,-0.04667861373453727,-3.518518518518519,0.0
0022000969,2020-21,2021-05-02,CHA,MIA,-10.0,0,-0.5731235531545962,-41.20370370370371,-0.19999999999999996
0022000434,2020-21,2021-05-06,CHA,CHI,-21.0,0,-0.07209632891119869,-2.824074074074076,0.09999999999999998
0022001004,2020-21,2021-05-07,CHA,ORL,10.0,1,-0.0711585294921108,-5.254629629629626,0.10000000000000003
0022001020,2020-21,2021-05-09,CHA,NOP,-2.0,0,-0.6930500901175667,-46.31944444444446,0.0
0022000448,2020-21,2021-05-11,CHA,DEN,-5.0,0,-0.6685084164537157,-44.28240740740742,-0.09999999999999998
0022001047,2020-21,2021-05-13,CHA,LAC,-23.0,0,-0.48745267538352793,-30.347222222222225,-0.19999999999999996
0022000090,2020-21,2021-01-03,CHI,DAL,10.0,1,-0.041835466722962095,-5.324074074074069,-0.06666666666666671
0022000211,2020-21,2021-01-18,CHI,HOU,5.0,1,-0.26750788281133936,-21.80555555555555,0.09999999999999998
0022000245,2020-21,2021-01-23,CHI,LAL,-11.0,0,0.5889247445100533,43.032407407407405,-0.30000000000000004
0022000262,2020-21,2021-01-25,CHI,BOS,-16.0,0,-1.305295342967515,-81.71296296296296,-0.09999999999999998
0022000298,2020-21,2021-01-30,CHI,POR,-1.0,0,-1.4117018979589178,-64.88425925925925,-0.19999999999999996
0022000315,2020-21,2021-02-01,CHI,NYK,8.0,1,-1.511998815166375,-85.2314814814815,-0.10000000000000003
0022000332,2020-21,2021-02-03,CHI,NYK,-4.0,0,-0.44907530734418877,-24.375,0.0
0022000368,2020-21,2021-02-08,CHI,WAS,-4.0,0,-0.8377527102124033,-31.851851851851862,0.2
0022000385,2020-21,2021-02-10,CHI,NOP,13.0,1,-0.8652151335490161,-59.88425925925927,-0.19999999999999996
0022000400,2020-21,2021-02-12,CHI,LAC,-19.0,0,-0.3258733438206272,-21.50462962962963,-0.19999999999999996
0022000564,2020-21,2021-02-17,CHI,DET,3.0,1,-0.0725968512998557,-4.074074074074069,0.0
0022000460,2020-21,2021-02-20,CHI,SAC,8.0,1,-0.11377729315532376,-4.7222222222222285,0.09999999999999998
0022000493,2020-21,2021-02-24,CHI,MIN,7.0,1,-0.399881388726999,-31.342592592592595,0.5
0022000508,2020-21,2021-02-26,CHI,PHX,-9.0,0,-0.7240388725600502,-50.20833333333334,-0.10000000000000009
0022000531,2020-21,2021-03-01,CHI,DEN,-6.0,0,-1.0733131243121092,-54.58333333333333,0.0
0022000572,2020-21,2021-03-11,CHI,PHI,-22.0,0,-0.7929525152239771,-10.462962962962962,0.0
0022000582,2020-21,2021-03-12,CHI,MIA,-11.0,0,-0.8278818238353917,-53.819444444444436,-0.20000000000000007
0022000600,2020-21,2021-03-14,CHI,TOR,23.0,1,-1.073957701391711,-70.60185185185186,0.09999999999999998
0022000612,2020-21,2021-03-16,CHI,OKC,21.0,1,-0.46119062341109385,-28.03240740740741,-0.09999999999999998
0022000621,2020-21,2021-03-17,CHI,SAS,-7.0,0,-0.369953353835427,-28.49537037037036,0.09999999999999998
0022000656,2020-21,2021-03-22,CHI,UTA,-25.0,0,0.013555253159587055,0.3240740740740762,-0.09999999999999998
0022000671,2020-21,2021-03-24,CHI,CLE,-9.0,0,-0.6481127611569281,-43.05555555555556,0.0
0022000755,2020-21,2021-04-04,CHI,BKN,8.0,1,0.08230280192257668,6.342592592592602,-0.6000000000000001
0022000833,2020-21,2021-04-14,CHI,ORL,-9.0,0,-0.1940932082943817,-12.777777777777771,0.09999999999999998
0022000850,2020-21,2021-04-16,CHI,MEM,-11.0,0,-0.5044717553408735,-32.84722222222223,-0.3
0022000857,2020-21,2021-04-17,CHI,CLE,10.0,1,-0.1515802533698993,-11.481481481481481,0.0
0022000896,2020-21,2021-04-22,CHI,CHA,17.0,1,0.11589429645285165,5.555555555555557,0.0
0022000954,2020-21,2021-04-30,CHI,MIL,-10.0,0,-0.7430055699215317,-31.064814814814824,-0.19999999999999996
0022000979,2020-21,2021-05-03,CHI,PHI,-12.0,0,-0.3118991090322514,-24.305555555555564,-0.19999999999999996
0022000160,2020-21,2021-05-07,CHI,BOS,22.0,1,0.14421275152848198,10.856481481481481,-0.09999999999999998
0022001036,2020-21,2021-05-11,CHI,BKN,-8.0,0,-0.14758462369853065,-10.231481481481488,0.0
0022001051,2020-21,2021-05-13,CHI,TOR,12.0,1,-0.6010750300065882,-40.20833333333333,0.2
0022001068,2020-21,2021-05-16,CHI,MIL,6.0,1,0.10805258836059717,6.157407407407419,-0.4
0022000150,2020-21,2021-01-11,CLE,MEM,-10.0,0,0.06673249789248274,5.324074074074069,0.16666666666666669
0022000159,2020-21,2021-01-12,CLE,UTA,-30.0,0,-0.4533634012300994,-32.43055555555555,-0.19999999999999996
0022000181,2020-21,2021-01-15,CLE,NYK,3.0,1,-0.8332338326952263,-49.72222222222222,-0.2
0022000216,2020-21,2021-01-20,CLE,BKN,12.0,1,-1.0513427645604525,-40.34722222222222,-0.3
0022000232,2020-21,2021-01-22,CLE,BKN,12.0,1,-0.6669706284604038,-28.680555555555554,-0.19999999999999996
0022000261,2020-21,2021-01-25,CLE,LAL,-7.0,0,0.06251152550855105,5.787037037037038,-0.4
0022000272,2020-21,2021-01-27,CLE,DET,15.0,1,-0.371945943447194,-24.83796296296296,0.10000000000000003
0022000312,2020-21,2021-02-01,CLE,MIN,2.0,1,-0.11558999311398682,-7.129629629629619,0.10000000000000003
0022000328,2020-21,2021-02-03,CLE,LAC,-22.0,0,-1.6292927301303868,-78.35648148148148,-0.30000000000000004
0022000346,2020-21,2021-02-05,CLE,MIL,-18.0,0,-0.6590394262725917,-43.77314814814814,-0.09999999999999998
0022000357,2020-21,2021-02-06,CLE,MIL,-25.0,0,-0.013284665111758631,-1.6203703703703667,-0.19999999999999996
0022000563,2020-21,2021-02-19,CLE,DEN,-17.0,0,-0.06082451342498041,-4.120370370370367,-0.30000000000000004
0022000466,2020-21,2021-02-21,CLE,OKC,-16.0,0,-1.1081147336167805,-72.45370370370371,-0.19999999999999998
0022000480,2020-21,2021-02-23,CLE,ATL,1.0,1,-0.6682914055871384,-38.98148148148148,-0.3
0022000491,2020-21,2021-02-24,CLE,HOU,16.0,1,-0.11334700609739465,-8.148148148148152,0.0
0022000543,2020-21,2021-03-03,CLE,IND,-3.0,0,-0.3999845957698482,-30.879629629629633,0.10000000000000003
0022000620,2020-21,2021-03-17,CLE,BOS,7.0,1,-0.07933951188393906,-6.041666666666657,-0.09999999999999998
0022000435,2020-21,2021-03-19,CLE,SAS,-6.0,0,-1.0062969013846745,-66.82870370370371,0.0
0022000648,2020-21,2021-03-21,CLE,TOR,11.0,1,-0.38261110826529826,-25.393518518518523,0.4
0022000653,2020-21,2021-03-22,CLE,SAC,-14.0,0,-0.6289215949812297,-39.745370370370374,0.0
0022000731,2020-21,2021-04-01,CLE,PHI,-20.0,0,-0.7422227380398877,-38.657407407407405,-0.39999999999999997
0022000794,2020-21,2021-04-10,CLE,TOR,-20.0,0,-0.23075140992646714,-15.416666666666664,0.10000000000000003
0022000807,2020-21,2021-04-11,CLE,NOP,-7.0,0,-0.550756850115153,-38.472222222222214,-0.2
0022000841,2020-21,2021-04-15,CLE,GSW,-18.0,0,-0.7138056824651375,-34.67592592592594,-0.2
0022000881,2020-21,2021-04-21,CLE,CHI,16.0,1,-0.43150996188697666,-30.92592592592593,-0.2
0022000933,2020-21,2021-04-28,CLE,ORL,-5.0,0,-0.0962096778668769,-7.962962962962962,0.1
0022000951,2020-21,2021-04-30,CLE,WAS,-29.0,0,-0.5375982292124548,-34.513888888888886,-0.7
0022000960,2020-21,2021-05-01,CLE,MIA,-17.0,0,0.38453861523781285,21.643518518518526,-0.3
0022000983,2020-21,2021-05-04,CLE,PHX,-16.0,0,-1.0974675134700485,-69.375,-0.6
0022000991,2020-21,2021-05-05,CLE,POR,-36.0,0,-0.7497088633700438,-49.76851851851852,-0.30000000000000004
0022001021,2020-21,2021-05-09,CLE,DAL,-27.0,0,-0.11558999311398682,-9.30555555555555,-0.7000000000000001
0022001027,2020-21,2021-05-10,CLE,IND,-9.0,0,0.08284863915631388,5.532407407407412,-0.5
0022001044,2020-21,2021-05-12,CLE,BOS,8.0,1,-0.8509131057770106,-58.657407407407405,-0.3
0022000139,2020-21,2021-01-09,DAL,ORL,14.0,1,-0.3042847781861089,-23.49537037037036,-0.16666666666666663
0022000198,2020-21,2021-01-17,DAL,CHI,-16.0,0,-0.4012793740539667,-24.074074074074073,0.19999999999999996
0022000247,2020-21,2021-01-23,DAL,HOU,-25.0,0,-0.3075089402180106,-17.77777777777777,0.3
0022000265,2020-21,2021-01-25,DAL,DEN,-4.0,0,-0.9308388861586678,-62.800925925925924,-0.09999999999999998
0022000303,2020-21,2021-01-30,DAL,PHX,-6.0,0,0.3869622933619083,30.32407407407407,-0.10000000000000003
0022000319,2020-21,2021-02-01,DAL,PHX,-1.0,0,-0.23117998622797367,-13.055555555555554,-0.2
0022000339,2020-21,2021-02-04,DAL,GSW,-31.0,0,0.25651602359024656,14.537037037037038,-0.2
0022000360,2020-21,2021-02-06,DAL,GSW,2.0,1,-0.013284665111758631,-7.777777777777779,-0.3
0022000370,2020-21,2021-02-08,DAL,MIN,5.0,1,-0.8598144003941569,-59.513888888888886,0.0
0022000384,2020-21,2021-02-10,DAL,ATL,1.0,1,-0.19303639908363324,-11.273148148148149,-0.2
0022000399,2020-21,2021-02-12,DAL,NOP,13.0,1,-0.5841830840345725,-38.35648148148148,-0.19999999999999996
0022000411,2020-21,2021-02-14,DAL,POR,-3.0,0,-1.0297351714326939,-67.47685185185185,-0.09999999999999998
0022000476,2020-21,2021-02-22,DAL,MEM,10.0,1,-1.6160690473491792,-64.7685185185185,0.09999999999999998
0022000485,2020-21,2021-02-23,DAL,BOS,3.0,1,-0.7963699076733454,-51.99074074074074,0.19999999999999996
0022000549,2020-21,2021-03-03,DAL,OKC,9.0,1,0.7513648858394153,51.71296296296296,0.4
0022000567,2020-21,2021-03-10,DAL,SAS,11.0,1,-0.6293859825892111,-4.2592592592592595,0.20000000000000007
0022000605,2020-21,2021-03-15,DAL,LAC,-10.0,0,-0.1300630571551577,-10.069444444444436,0.29999999999999993
0022000625,2020-21,2021-03-17,DAL,LAC,16.0,1,-0.3467699793419605,-22.87037037037037,0.29999999999999993
0022000690,2020-21,2021-03-26,DAL,IND,-15.0,0,-0.553804141233878,-35.69444444444445,0.19999999999999996
0022000764,2020-21,2021-04-05,DAL,UTA,8.0,1,-0.0336807712576698,-3.1018518518518476,-0.20000000000000007
0022000786,2020-21,2021-04-08,DAL,MIL,15.0,1,-0.7489453110540865,-18.51851851851852,0.09999999999999998
0022000810,2020-21,2021-04-11,DAL,SAS,-2.0,0,-1.195302426523944,-76.13425925925925,0.49999999999999994
0022000818,2020-21,2021-04-12,DAL,PHI,-18.0,0,-0.46558722060935637,-33.611111111111114,0.0
0022000854,2020-21,2021-04-16,DAL,NYK,-8.0,0,-0.2889558690122103,-19.560185185185183,0.19999999999999996
0022000866,2020-21,2021-04-18,DAL,SAC,-14.0,0,-0.7629711153227462,-52.29166666666667,0.5
0022000442,2020-21,2021-04-21,DAL,DET,10.0,1,-1.2022474443662767,-64.76851851851852,0.09999999999999998
0022000897,2020-21,2021-04-22,DAL,LAL,5.0,1,-0.2055156641491826,-12.5,0.0
0022000908,2020-21,2021-04-24,DAL,LAL,15.0,1,-0.013284665111758631,-7.777777777777779,0.09999999999999998
0022000964,2020-21,2021-05-01,DAL,WAS,1.0,1,-0.7289654111271845,-35.92592592592593,-0.30000000000000004
0022000970,2020-21,2021-05-02,DAL,SAC,-12.0,0,-0.5997428439339831,-39.2824074074074,0.29999999999999993
0022000998,2020-21,2021-05-06,DAL,BKN,4.0,1,-0.02585558156906065,-2.5925925925925952,0.19999999999999996
0022001007,2020-21,2021-05-07,DAL,CLE,20.0,1,-0.21043534590440144,-16.550925925925917,0.7000000000000001
0022000154,2020-21,2021-05-12,DAL,NOP,18.0,1,0.03417253533108133,3.5648148148148096,0.19999999999999996
0022001057,2020-21,2021-05-14,DAL,TOR,4.0,1,-0.8628202707053861,-59.699074074074076,0.6000000000000001
0022000104,2020-21,2021-01-05,DEN,MIN,7.0,1,-0.11558999311398677,-1.7592592592592666,0.0
0022000120,2020-21,2021-01-07,DEN,DAL,-7.0,0,-1.6444216033538015,-78.54166666666667,0.0
0022000177,2020-21,2021-01-14,DEN,GSW,10.0,1,0.13382039690560577,0.3240740740740762,-0.09999999999999998
0022000200,2020-21,2021-01-17,DEN,UTA,-4.0,0,-0.8866733513924324,-42.5,-0.09999999999999998
0022000213,2020-21,2021-01-19,DEN,OKC,18.0,1,-1.1633639060892995,-74.95370370370371,0.0
0022000306,2020-21,2021-01-31,DEN,UTA,11.0,1,0.8477785959797508,35.74074074074075,-0.30000000000000004
0022000373,2020-21,2021-02-08,DEN,MIL,-13.0,0,-0.6865054301682452,-4.120370370370367,0.0
0022000388,2020-21,2021-02-10,DEN,CLE,38.0,1,-1.3606450057606183,-75.6712962962963,0.39999999999999997
0022000401,2020-21,2021-02-12,DEN,OKC,2.0,1,-1.8846958117842296,-79.4675925925926,0.19999999999999996
0022000416,2020-21,2021-02-14,DEN,LAL,17.0,1,-1.6535158255562559,-78.68055555555556,-0.20000000000000007
0022000487,2020-21,2021-02-23,DEN,POR,5.0,1,-0.01436122990296429,-0.18518518518519045,-0.29999999999999993
0022000502,2020-21,2021-02-25,DEN,WAS,-2.0,0,-2.0002858048982164,-79.79166666666667,-0.09999999999999998
0022000592,2020-21,2021-03-13,DEN,DAL,-13.0,0,0.03496657369348288,0.5555555555555571,0.0
0022000606,2020-21,2021-03-15,DEN,IND,15.0,1,-1.7025944078234838,-88.42592592592592,0.39999999999999997
0022000624,2020-21,2021-03-17,DEN,CHA,25.0,1,-1.8038417896076906,-79.05092592592594,0.0
0022000637,2020-21,2021-03-19,DEN,CHI,4.0,1,-1.5886069901553646,-78.03240740740742,0.30000000000000004
0022000646,2020-21,2021-03-21,DEN,NOP,-5.0,0,-1.431795058735825,-76.64351851851852,0.5
0022000705,2020-21,2021-03-28,DEN,ATL,24.0,1,-0.5675045120131912,-1.8518518518518476,-0.10000000000000009
0022000719,2020-21,2021-03-30,DEN,PHI,9.0,1,-1.6193432902251743,-78.26388888888889,-0.10000000000000009
0022000761,2020-21,2021-04-04,DEN,ORL,10.0,1,-0.30763999919313956,-7.638888888888886,0.4
0022000321,2020-21,2021-04-06,DEN,DET,15.0,1,-2.2720189147773437,-91.20370370370371,0.4
0022000782,2020-21,2021-04-07,DEN,SAS,10.0,1,-1.2927675671445429,-60.37037037037038,0.6000000000000001
0022000797,2020-21,2021-04-09,DEN,SAS,2.0,1,-0.23117998622797367,-13.055555555555554,0.6000000000000001
0022000806,2020-21,2021-04-11,DEN,BOS,-18.0,0,-1.9582278804390583,-79.69907407407408,0.30000000000000004
0022000838,2020-21,2021-04-14,DEN,MIA,17.0,1,-0.39448547359967145,-1.7592592592592666,0.20000000000000007
0022000874,2020-21,2021-04-19,DEN,MEM,2.0,1,-0.7353854028801756,-9.166666666666671,0.10000000000000009
0022000910,2020-21,2021-04-24,DEN,HOU,13.0,1,-0.3230280040182303,-0.5555555555555429,0.49999999999999994
0022000925,2020-21,2021-04-26,DEN,MEM,24.0,1,-2.6693247256496146,-80.02314814814815,0.19999999999999996
0022000940,2020-21,2021-04-28,DEN,NOP,2.0,1,-1.7127815675653557,-78.95833333333333,0.19999999999999996
0022000948,2020-21,2021-04-29,DEN,TOR,10.0,1,-1.4563128593157935,-48.0787037037037,0.09999999999999998
0022000995,2020-21,2021-05-05,DEN,NYK,16.0,1,-0.12276461979646114,-1.0648148148148238,-0.09999999999999998
0022001015,2020-21,2021-05-08,DEN,BKN,-6.0,0,-1.1800118259944457,-27.037037037037024,0.19999999999999996
0022000085,2020-21,2021-01-03,DET,BOS,-2.0,0,-0.23117998622797367,-13.055555555555554,-0.3
0022000123,2020-21,2021-01-08,DET,PHX,5.0,1,-0.21770149819085968,-16.574074074074076,-0.625
0022000141,2020-21,2021-01-10,DET,UTA,-10.0,0,-1.1002242894913843,-70.99537037037037,-0.33333333333333337
0022000165,2020-21,2021-01-13,DET,MIL,-9.0,0,-1.1864383182453764,-63.00925925925926,-0.49999999999999994
0022000230,2020-21,2021-01-22,DET,HOU,-1.0,0,-0.4788049235636065,-32.824074074074076,0.0
0022000243,2020-21,2021-01-23,DET,PHI,-4.0,0,-0.32990421650351454,-23.703703703703702,-0.39999999999999997
0022000257,2020-21,2021-01-25,DET,PHI,15.0,1,-0.23117998622797367,-13.055555555555554,-0.39999999999999997
0022000284,2020-21,2021-01-28,DET,LAL,15.0,1,-0.5460541594136201,-23.379629629629633,-0.5
0022000375,2020-21,2021-02-09,DET,BKN,11.0,1,0.48416735570873615,32.361111111111114,-0.3
0022000391,2020-21,2021-02-11,DET,IND,-16.0,0,-0.9475358405139493,-63.72685185185185,0.0
0022000561,2020-21,2021-02-14,DET,NOP,11.0,1,-0.5180049737955776,-37.916666666666664,-0.19999999999999996
0022000504,2020-21,2021-02-26,DET,SAC,-3.0,0,-0.8074962250633365,-29.629629629629633,0.30000000000000004
0022000521,2020-21,2021-02-28,DET,NYK,-19.0,0,-0.8317181139869166,-56.25,-0.19999999999999996
0022000428,2020-21,2021-03-15,DET,SAS,-10.0,0,-0.722203370905583,-51.574074074074076,-0.3
0022000616,2020-21,2021-03-17,DET,TOR,4.0,1,-0.5891169150500627,-38.91203703703704,-0.09999999999999998
0022000649,2020-21,2021-03-21,DET,CHI,-14.0,0,-0.35311053341041987,-20.972222222222214,-0.10000000000000003
0022000683,2020-21,2021-03-26,DET,BKN,-2.0,0,-1.1071008717470103,-63.28703703703704,-0.5
0022000711,2020-21,2021-03-29,DET,TOR,14.0,1,-0.4472349140223955,-34.050925925925924,0.1
0022000721,2020-21,2021-03-31,DET,POR,-23.0,0,-0.6614460614512361,-43.86574074074075,-0.39999999999999997
0022000179,2020-21,2021-04-01,DET,WAS,29.0,1,-0.04377302675546547,-3.1712962962962976,0.0
0022000748,2020-21,2021-04-03,DET,NYK,-44.0,0,-0.8317181139869166,-56.25,0.0
0022000832,2020-21,2021-04-14,DET,LAC,-2.0,0,-0.15246308043190787,-6.944444444444457,-0.4
0022000845,2020-21,2021-04-16,DET,OKC,6.0,1,-0.7010786096196786,-47.38425925925927,0.30000000000000004
0022000868,2020-21,2021-04-19,DET,CLE,4.0,1,-0.32744856717838217,-25.53240740740742,0.10000000000000003
0022000916,2020-21,2021-04-26,DET,ATL,14.0,1,-0.6569102615492083,-43.842592592592595,-0.39999999999999997
0022000943,2020-21,2021-04-29,DET,DAL,-10.0,0,-2.035884592668223,-94.62962962962963,-0.2
0022000975,2020-21,2021-05-03,DET,ORL,-7.0,0,-0.46194589233725725,-27.500000000000004,0.0
0022000984,2020-21,2021-05-04,DET,CHA,-3.0,0,-0.1672180525664919,-9.907407407407412,-0.10000000000000003
0022000999,2020-21,2021-05-06,DET,MEM,14.0,1,-1.2877269013473123,-74.375,-0.2
0022001023,2020-21,2021-05-09,DET,CHI,-12.0,0,0.29216793679986863,20.000000000000007,-0.2
0022001033,2020-21,2021-05-11,DET,MIN,-19.0,0,-0.8054958035723346,-54.236111111111114,-0.39999999999999997
0022001054,2020-21,2021-05-14,DET,DEN,-13.0,0,-1.4640587600158979,-86.7824074074074,-0.49999999999999994
0022001069,2020-21,2021-05-16,DET,MIA,-13.0,0,-1.2499868179364526,-78.8888888888889,-0.49999999999999994
0022000092,2020-21,2021-01-03,GSW,POR,15.0,1,-0.6802552935721624,-39.65277777777778,-0.19999999999999996
0022000101,2020-21,2021-01-04,GSW,SAC,31.0,1,-0.9090577802339592,-55.185185185185176,0.0
0022000116,2020-21,2021-01-06,GSW,LAC,-7.0,0,-0.7057303965966412,-47.939814814814824,-0.0535714285714286
0022000130,2020-21,2021-01-08,GSW,LAC,10.0,1,-0.23117998622797367,-13.055555555555554,-0.16666666666666663
0022000148,2020-21,2021-01-10,GSW,TOR,1.0,1,-0.582677605595893,-38.125,0.3055555555555556
0022000163,2020-21,2021-01-12,GSW,IND,-9.0,0,-0.7457247991527198,-51.31944444444444,0.0
0022000223,2020-21,2021-01-20,GSW,SAS,22.0,1,-0.47073748448247493,-26.782407407407405,0.0
0022000228,2020-21,2021-01-21,GSW,NYK,-15.0,0,-0.8654751152731401,-53.819444444444436,0.09999999999999998
0022000266,2020-21,2021-01-25,GSW,MIN,22.0,1,-0.38980874554240236,-27.824074074074062,0.3
0022000283,2020-21,2021-01-27,GSW,MIN,12.0,1,-0.23117998622797367,-13.055555555555554,0.3
0022000305,2020-21,2021-01-30,GSW,DET,27.0,1,-0.6255982221691728,-36.01851851851851,0.2
0022000326,2020-21,2021-02-02,GSW,BOS,-4.0,0,-0.9893365246292034,-62.98611111111112,0.0
0022000393,2020-21,2021-02-11,GSW,ORL,6.0,1,0.27176897727194405,20.578703703703702,0.3
0022000409,2020-21,2021-02-13,GSW,BKN,-17.0,0,-0.7083575762727177,-48.449074074074076,0.0
0022000424,2020-21,2021-02-15,GSW,CLE,31.0,1,-1.1680903690525886,-71.9212962962963,0.4
0022000443,2020-21,2021-02-17,GSW,MIA,8.0,1,-0.7738631892677881,-52.75462962962963,0.0
0022000511,2020-21,2021-02-26,GSW,CHA,9.0,1,0.15977346618736232,7.638888888888886,0.09999999999999998
0022000594,2020-21,2021-03-14,GSW,UTA,12.0,1,-0.6475428108258283,-29.86111111111111,-0.19999999999999996
0022000608,2020-21,2021-03-15,GSW,LAL,-31.0,0,0.34807648453201495,23.634259259259263,0.0
0022000665,2020-21,2021-03-23,GSW,PHI,-10.0,0,-0.7536815290695096,-38.518518518518526,-0.4
0022000692,2020-21,2021-03-26,GSW,ATL,-16.0,0,-0.18372278578513368,-13.287037037037038,-0.5
0022000716,2020-21,2021-03-29,GSW,CHI,14.0,1,-1.1280362092326168,-72.70833333333333,0.0
0022000774,2020-21,2021-04-06,GSW,MIL,1.0,1,0.54497804757017,35.64814814814815,-0.39999999999999997
0022000798,2020-21,2021-04-09,GSW,WAS,-3.0,0,-1.9300220446615113,-93.56481481481482,0.0
0022000802,2020-21,2021-04-10,GSW,HOU,16.0,1,-0.7605785241560293,-50.324074074074076,0.0
0022000821,2020-21,2021-04-12,GSW,DEN,9.0,1,-1.1994954242401552,-73.1712962962963,-0.5
0022000903,2020-21,2021-04-23,GSW,DEN,21.0,1,0.7402508785147265,47.6388888888889,-0.20000000000000007
0022000915,2020-21,2021-04-25,GSW,SAC,4.0,1,0.14503488841910944,8.86574074074074,0.49999999999999994
0022000932,2020-21,2021-04-27,GSW,DAL,-30.0,0,-0.9636201202689347,-65.43981481481481,0.19999999999999996
0022001001,2020-21,2021-05-06,GSW,OKC,21.0,1,-0.09568004025308835,-4.861111111111114,0.4
0022001017,2020-21,2021-05-08,GSW,OKC,39.0,1,-0.23117998622797367,-13.055555555555554,0.5
0022001030,2020-21,2021-05-10,GSW,UTA,3.0,1,-0.6804088409668553,-45.39351851851852,-0.09999999999999998
0022001039,2020-21,2021-05-11,GSW,PHX,6.0,1,-0.2640460163690007,-17.314814814814817,0.09999999999999998
0022001059,2020-21,2021-05-14,GSW,NOP,3.0,1,-1.692354631946721,-90.4861111111111,0.19999999999999996
0022001070,2020-21,2021-05-16,GSW,MEM,12.0,1,-1.1788851324440455,-72.24537037037038,0.0
0022000127,2020-21,2021-01-08,HOU,ORL,42.0,1,-0.11450824737969123,-8.564814814814817,-0.4166666666666667
0022000146,2020-21,2021-01-10,HOU,LAL,-18.0,0,-0.9477206480894038,-63.796296296296305,-0.2714285714285714
0022000161,2020-21,2021-01-12,HOU,LAL,-17.0,0,-0.23117998622797367,-13.055555555555554,-0.42500000000000004
0022000222,2020-21,2021-01-20,HOU,PHX,-6.0,0,-0.10942227839421241,-5.185185185185183,-0.19999999999999996
0022000269,2020-21,2021-01-26,HOU,WAS,19.0,1,-0.06432616246106582,-1.6203703703703702,0.10000000000000003
0022000287,2020-21,2021-01-28,HOU,POR,3.0,1,-0.46546319214569315,-28.634259259259256,-0.09999999999999998
0022000358,2020-21,2021-02-06,HOU,SAS,-5.0,0,0.4279310525037342,30.138888888888886,0.09999999999999998
0022000392,2020-21,2021-02-11,HOU,MIA,-7.0,0,-0.39432419154807397,-27.96296296296297,0.19999999999999996
0022000474,2020-21,2021-02-22,HOU,CHI,-20.0,0,-1.1908479766760154,-47.75462962962963,-0.3
0022000525,2020-21,2021-02-28,HOU,MEM,-49.0,0,0.14253886095851492,11.481481481481481,-0.5
0022000532,2020-21,2021-03-01,HOU,CLE,-11.0,0,-0.5589518148734829,-39.76851851851852,-0.3
0022000546,2020-21,2021-03-03,HOU,BKN,-18.0,0,-0.5122845581127748,-33.402777777777786,-0.9
0022000598,2020-21,2021-03-14,HOU,BOS,-27.0,0,0.2539801462111641,15.231481481481477,-0.5
0022000613,2020-21,2021-03-16,HOU,ATL,-12.0,0,-0.6882469049503878,-45.99537037037037,-0.7
0022000622,2020-21,2021-03-17,HOU,GSW,-14.0,0,-0.4669577934310842,-33.81944444444445,-0.4
0022000635,2020-21,2021-03-19,HOU,DET,-13.0,0,-0.7107308021330074,-48.86574074074075,-0.3
0022000016,2020-21,2021-03-21,HOU,OKC,-2.0,0,-0.4228943833913328,-26.27314814814815,-0.5
0022000657,2020-21,2021-03-22,HOU,TOR,18.0,1,-0.6087914179437087,-39.46759259259259,-0.1
0022000672,2020-21,2021-03-24,HOU,CHA,-25.0,0,-0.8590545374547354,-59.421296296296305,-0.5
0022000712,2020-21,2021-03-29,HOU,MEM,-10.0,0,-0.6949299363697014,-44.398148148148145,-0.2
0022000760,2020-21,2021-04-04,HOU,NOP,-7.0,0,0.185551838001308,15.000000000000007,-0.3
0022000768,2020-21,2021-04-05,HOU,PHX,-3.0,0,-0.3755583210512907,-25.97222222222222,-0.6000000000000001
0022000456,2020-21,2021-04-07,HOU,DAL,9.0,1,-0.4063949332040795,-25.99537037037037,-0.49999999999999994
0022000461,2020-21,2021-04-14,HOU,IND,-8.0,0,-0.16006612416091187,-10.787037037037024,-0.3
0022000851,2020-21,2021-04-16,HOU,DEN,-29.0,0,-0.6994809267824686,-47.06018518518519,-0.7000000000000001
0022000887,2020-21,2021-04-21,HOU,UTA,-23.0,0,-0.5821638813758329,-32.592592592592595,-0.39999999999999997
0022000901,2020-21,2021-04-23,HOU,LAC,-5.0,0,-0.9477206480894038,-63.796296296296305,-0.7
0022000931,2020-21,2021-04-27,HOU,MIN,-7.0,0,-0.45557253061054137,-31.666666666666664,-0.4
0022000945,2020-21,2021-04-29,HOU,MIL,7.0,1,-0.9331425699164795,-62.986111111111114,-0.5
0022000958,2020-21,2021-05-01,HOU,GSW,-26.0,0,-0.8156744051675978,-51.111111111111114,-0.39999999999999997
0022000971,2020-21,2021-05-02,HOU,NYK,-25.0,0,0.04899756166530253,5.416666666666664,-0.7
0022000994,2020-21,2021-05-05,HOU,PHI,-20.0,0,-0.9862373206715591,-62.476851851851855,-0.39999999999999997
0022001058,2020-21,2021-05-14,HOU,LAC,7.0,1,-0.37964910161187626,-17.175925925925938,-0.5
0022000080,2020-21,2021-01-02,IND,NYK,-4.0,0,-0.8385484805105732,-57.5,0.4
0022000107,2020-21,2021-01-06,IND,HOU,7.0,1,-0.11434026882919379,-6.620370370370367,0.3142857142857143
0022000135,2020-21,2021-01-09,IND,PHX,-8.0,0,-1.322214168596722,-72.5462962962963,0.08333333333333337
0022000217,2020-21,2021-01-20,IND,DAL,-12.0,0,-0.05424083537110774,-5.671296296296305,0.0
0022000231,2020-21,2021-01-22,IND,ORL,2.0,1,-1.353006241503438,-82.68518518518519,0.2
0022000249,2020-21,2021-01-24,IND,TOR,-5.0,0,-0.8252638153988145,-52.40740740740741,0.0
0022000258,2020-21,2021-01-25,IND,TOR,15.0,1,-0.2311799862279737,-15.671296296296298,-0.09999999999999998
0022000307,2020-21,2021-01-31,IND,PHI,-9.0,0,-0.4663086200111364,-31.851851851851848,-0.19999999999999996
0022000322,2020-21,2021-02-02,IND,MEM,18.0,1,-1.0102204307004878,-66.9212962962963,-0.19999999999999996
0022000343,2020-21,2021-02-05,IND,NOP,-1.0,0,-0.28878285372618107,-21.273148148148152,0.0
0022000363,2020-21,2021-02-07,IND,UTA,-8.0,0,-0.6688023003760867,-44.421296296296305,-0.5
0022000420,2020-21,2021-02-15,IND,CHI,-8.0,0,0.17735152301264168,10.555555555555557,0.10000000000000003
0022000489,2020-21,2021-02-24,IND,GSW,-4.0,0,-2.147390282673996,-92.77777777777777,-0.09999999999999998
0022000553,2020-21,2021-03-04,IND,DEN,-10.0,0,-0.19555018753453363,-12.384259259259267,-0.19999999999999996
0022000617,2020-21,2021-03-17,IND,BKN,-9.0,0,0.226782989287452,15.879629629629619,-0.6000000000000001
0022000667,2020-21,2021-03-24,IND,DET,5.0,1,0.6049429060794752,42.75462962962962,0.10000000000000003
0022000722,2020-21,2021-03-31,IND,MIA,-5.0,0,-0.5811524210409496,-41.111111111111114,0.09999999999999998
0022000740,2020-21,2021-04-02,IND,CHA,-17.0,0,-1.3174325571551404,-82.22222222222223,0.0
0022000769,2020-21,2021-04-06,IND,CHI,-16.0,0,-0.31694819434168175,-21.435185185185183,0.3
0022000776,2020-21,2021-04-07,IND,MIN,4.0,1,-0.39411376126046205,-27.31481481481481,0.2
0022000823,2020-21,2021-04-13,IND,LAC,-11.0,0,-0.6533967555042065,-32.03703703703704,-0.20000000000000007
0022000473,2020-21,2021-04-19,IND,SAS,-15.0,0,-0.475536284314933,-19.398148148148152,0.2
0022000882,2020-21,2021-04-21,IND,OKC,6.0,1,-0.9199428254009495,-62.24537037037037,0.5
0022000906,2020-21,2021-04-24,IND,DET,6.0,1,-1.228115751816703,-78.0787037037037,0.2
0022000929,2020-21,2021-04-27,IND,POR,-21.0,0,-0.8449494699413409,-45.694444444444436,0.39999999999999997
0022000944,2020-21,2021-04-29,IND,BKN,-17.0,0,-0.7229584873965863,-50.046296296296305,-0.09999999999999998
0022000993,2020-21,2021-05-05,IND,SAC,-11.0,0,-0.855198207865741,-46.99074074074073,-0.19999999999999996
0022001000,2020-21,2021-05-06,IND,ATL,7.0,1,-0.6553239229306116,-45.50925925925927,-0.19999999999999996
0022001012,2020-21,2021-05-08,IND,WAS,-1.0,0,-0.8385484805105732,-57.5,-0.19999999999999996
0022001035,2020-21,2021-05-11,IND,PHI,9.0,1,0.5018912017510155,33.81944444444444,-0.30000000000000004
0022001048,2020-21,2021-05-13,IND,MIL,-9.0,0,-0.655454872431326,-43.63425925925925,-0.19999999999999996
0022001061,2020-21,2021-05-15,IND,LAL,-7.0,0,-1.0022029662556804,-66.64351851851852,-0.09999999999999998
0022000105,2020-21,2021-01-05,LAC,SAS,-3.0,0,-0.4016808074505458,-28.842592592592595,0.380952380952381
0022000142,2020-21,2021-01-10,LAC,CHI,3.0,1,-0.10837071234701424,-4.8842592592592595,0.19999999999999996
0022000172,2020-21,2021-01-13,LAC,NOP,5.0,1,-0.7857713558859898,-36.898148148148145,0.15555555555555556
0022000202,2020-21,2021-01-17,LAC,IND,33.0,1,-0.43855528146112455,-26.99074074074074,0.09999999999999998
0022000224,2020-21,2021-01-20,LAC,SAC,19.0,1,-0.46862503939349637,-9.074074074074074,0.49999999999999994
0022000239,2020-21,2021-01-22,LAC,OKC,14.0,1,-0.31568615662482,-21.203703703703702,0.19999999999999996
0022000251,2020-21,2021-01-24,LAC,OKC,8.0,1,-0.3467699793419605,-21.550925925925924,0.30000000000000004
0022000350,2020-21,2021-02-05,LAC,BOS,-4.0,0,0.3783523097290219,22.615740740740748,0.4
0022000366,2020-21,2021-02-07,LAC,SAC,-3.0,0,-0.7472622260643101,-51.45833333333334,0.09999999999999998
0022000419,2020-21,2021-02-14,LAC,CLE,17.0,1,-0.2263802539741298,-16.828703703703702,0.39999999999999997
0022000425,2020-21,2021-02-15,LAC,MIA,7.0,1,-0.6315703743162666,-44.21296296296296,0.19999999999999996
0022000444,2020-21,2021-02-17,LAC,UTA,-18.0,0,-0.6790275747591066,-45.30092592592594,-0.20000000000000007
0022000457,2020-21,2021-02-19,LAC,UTA,4.0,1,-0.23117998622797367,-13.055555555555554,-0.30000000000000004
0022000472,2020-21,2021-02-21,LAC,BKN,-4.0,0,-0.2993127788991205,-20.393518518518523,0.0
0022000488,2020-21,2021-02-23,LAC,WAS,19.0,1,-0.6254071660127742,-41.99074074074073,0.0
0022000576,2020-21,2021-03-11,LAC,GSW,26.0,1,-0.8163492325648802,-10.694444444444445,-0.09999999999999998
0022000644,2020-21,2021-03-20,LAC,CHA,27.0,1,0.2016409965276439,12.38425925925926,-0.19999999999999996
0022000660,2020-21,2021-03-22,LAC,ATL,9.0,1,-0.44907530734418877,-24.375,-0.4
0022000701,2020-21,2021-03-27,LAC,PHI,10.0,1,0.36338628229714687,27.38425925925926,-0.30000000000000004
0022000717,2020-21,2021-03-29,LAC,MIL,24.0,1,-0.9594611250105738,-65.02314814814815,-0.10000000000000009
0022000720,2020-21,2021-03-30,LAC,ORL,-7.0,0,0.26535252155905503,18.518518518518526,0.6000000000000001
0022000736,2020-21,2021-04-01,LAC,DEN,-7.0,0,-0.6966286712978618,-46.62037037037037,0.0
0022000756,2020-21,2021-04-04,LAC,LAL,18.0,1,-0.644956898062082,-38.495370370370374,0.19999999999999996
0022000775,2020-21,2021-04-06,LAC,POR,17.0,1,-0.4448203483986738,-23.333333333333336,0.0
0022000788,2020-21,2021-04-08,LAC,PHX,10.0,1,-0.9254185323686719,-59.53703703703704,-0.09999999999999998
0022000799,2020-21,2021-04-09,LAC,HOU,17.0,1,-0.7045941841743689,-48.611111111111114,0.5
0022000813,2020-21,2021-04-11,LAC,DET,7.0,1,-1.4644546941962484,-77.06018518518519,0.4
0022000867,2020-21,2021-04-18,LAC,MIN,19.0,1,0.1703866527934959,7.013888888888886,0.29999999999999993
0022000889,2020-21,2021-04-21,LAC,MEM,12.0,1,-0.37478924312972317,-23.703703703703695,0.30000000000000004
0022000966,2020-21,2021-05-01,LAC,DEN,-6.0,0,-0.8798651476172341,-56.04166666666666,-0.10000000000000009
0022000989,2020-21,2021-05-04,LAC,TOR,5.0,1,-0.9588924802429759,-45.20833333333333,0.0
0022001002,2020-21,2021-05-06,LAC,LAL,24.0,1,-0.05484812755938817,-1.9907407407407423,0.3
0022001019,2020-21,2021-05-09,LAC,NYK,-6.0,0,-1.387778504824619,-78.05555555555556,-0.09999999999999998
0022000121,2020-21,2021-01-07,LAL,SAS,-9.0,0,0.6085344260330161,44.56018518518519,0.32142857142857145
0022000131,2020-21,2021-01-08,LAL,CHI,2.0,1,-0.42116783895065657,-29.60648148148148,0.2222222222222222
0022000187,2020-21,2021-01-15,LAL,NOP,17.0,1,1.0292862950027135,65.11574074074073,0.4
0022000212,2020-21,2021-01-18,LAL,GSW,-2.0,0,-0.5943233432956336,-34.93055555555556,0.30000000000000004
0022000341,2020-21,2021-02-04,LAL,DEN,21.0,1,0.3787281121317765,26.620370370370367,0.0
0022000361,2020-21,2021-02-06,LAL,DET,6.0,1,-1.280652599543296,-80.27777777777779,0.49999999999999994
0022000374,2020-21,2021-02-08,LAL,OKC,7.0,1,-1.158160953228459,-74.72222222222221,0.29999999999999993
0022000390,2020-21,2021-02-10,LAL,OKC,1.0,1,-0.23117998622797367,-13.055555555555554,0.4
0022000403,2020-21,2021-02-12,LAL,MEM,10.0,1,-0.9553044053749766,-64.5138888888889,0.20000000000000007
0022000446,2020-21,2021-02-18,LAL,BKN,-11.0,0,-0.16479133341695473,-9.398148148148152,0.20000000000000007
0022000463,2020-21,2021-02-20,LAL,MIA,-2.0,0,-1.0465750049634306,-68.2175925925926,0.30000000000000004
0022000479,2020-21,2021-02-22,LAL,WAS,-3.0,0,-0.4032568859510442,-25.902777777777782,0.09999999999999998
0022000512,2020-21,2021-02-26,LAL,POR,9.0,1,-0.08573388920990203,-6.851851851851855,-0.09999999999999998
0022000527,2020-21,2021-02-28,LAL,GSW,26.0,1,-0.4695792532229199,-29.00462962962963,-0.19999999999999996
0022000542,2020-21,2021-03-02,LAL,PHX,-10.0,0,-1.1839940587974882,-72.56944444444444,-0.30000000000000004
0022000585,2020-21,2021-03-12,LAL,IND,5.0,1,-1.187624505692575,-34.16666666666667,-0.10000000000000003
0022000615,2020-21,2021-03-16,LAL,MIN,16.0,1,-0.5380829469059828,-38.1712962962963,0.2
0022000630,2020-21,2021-03-18,LAL,CHA,11.0,1,-1.0908558510826623,-70.57870370370371,-0.09999999999999998
0022000640,2020-21,2021-03-20,LAL,ATL,-5.0,0,-1.1909467765436252,-72.89351851851852,-0.20000000000000007
0022000681,2020-21,2021-03-25,LAL,PHI,-8.0,0,0.1873174444373246,13.79629629629629,-0.4
0022000693,2020-21,2021-03-26,LAL,CLE,14.0,1,-0.5784947388782632,-37.9398148148148,0.0
0022000706,2020-21,2021-03-28,LAL,ORL,3.0,1,-1.2232736288323371,-73.72685185185185,0.3
0022000729,2020-21,2021-03-31,LAL,MIL,-15.0,0,-0.5098171728987874,-27.22222222222222,-0.09999999999999998
0022000842,2020-21,2021-04-15,LAL,BOS,-8.0,0,0.34307261497173114,19.259259259259252,-0.09999999999999998
0022000855,2020-21,2021-04-17,LAL,UTA,12.0,1,-0.9576647614299203,-64.74537037037037,-0.19999999999999996
0022000875,2020-21,2021-04-19,LAL,UTA,-14.0,0,-0.23117998622797367,-13.055555555555554,-0.09999999999999998
0022000956,2020-21,2021-04-30,LAL,SAC,-4.0,0,0.6507159299943531,42.314814814814824,0.10000000000000003
0022000974,2020-21,2021-05-02,LAL,TOR,-7.0,0,-1.406740068774109,-76.22685185185185,-0.2
0022000982,2020-21,2021-05-03,LAL,DEN,4.0,1,0.04745720044283999,4.467592592592595,-0.6000000000000001
0022001024,2020-21,2021-05-09,LAL,PHX,13.0,1,-0.03891380374235763,-0.9259259259259238,-0.49999999999999994
0022001041,2020-21,2021-05-11,LAL,NYK,2.0,1,-0.693539958683921,-46.43518518518519,-0.39999999999999997
0022001046,2020-21,2021-05-12,LAL,HOU,2.0,1,-0.3557996855082042,-27.361111111111107,0.30000000000000004
0022000087,2020-21,2021-01-03,MEM,LAL,-14.0,0,-0.1297444167947648,-10.04629629629629,-0.2666666666666666
0022000103,2020-21,2021-01-05,MEM,LAL,-2.0,0,-0.4623599724559473,-28.333333333333332,-0.380952380952381
0022000119,2020-21,2021-01-07,MEM,CLE,-4.0,0,-1.4628311140590209,-77.0138888888889,-0.2142857142857143
0022000128,2020-21,2021-01-08,MEM,BKN,5.0,1,-0.7510231598429674,-49.907407407407405,-0.3055555555555556
0022000193,2020-21,2021-01-16,MEM,PHI,2.0,1,-0.8958576068005575,-60.23148148148148,-0.19999999999999996
0022000208,2020-21,2021-01-18,MEM,PHX,4.0,1,-0.34947467324507314,-21.712962962962962,0.0
0022000340,2020-21,2021-02-04,MEM,HOU,-12.0,0,-0.5191678791962607,-34.02777777777777,0.09999999999999998
0022000369,2020-21,2021-02-08,MEM,TOR,-15.0,0,-0.6303475628163377,-41.94444444444445,0.19999999999999996
0022000386,2020-21,2021-02-10,MEM,CHA,16.0,1,-0.6735706336411086,-44.93055555555556,0.0
0022000429,2020-21,2021-02-16,MEM,NOP,-31.0,0,-0.13712833678735303,-6.157407407407419,0.0
0022000562,2020-21,2021-02-17,MEM,OKC,9.0,1,-0.4368661440607999,-31.898148148148152,0.10000000000000003
0022000452,2020-21,2021-02-19,MEM,DET,14.0,1,-0.3412909026144532,-22.430555555555554,0.0
0022000462,2020-21,2021-02-20,MEM,PHX,-31.0,0,-0.381781159051228,-29.143518518518512,-0.4
0022000501,2020-21,2021-02-25,MEM,LAC,28.0,1,-0.9217282118988916,-57.175925925925924,-0.19999999999999996
0022000509,2020-21,2021-02-26,MEM,LAC,-20.0,0,-0.2311799862279737,-15.671296296296298,-0.09999999999999998
0022000555,2020-21,2021-03-04,MEM,MIL,-1.0,0,0.3884741647574357,27.77777777777778,0.09999999999999998
0022000566,2020-21,2021-03-10,MEM,WAS,15.0,1,-0.7368577023361169,-26.180555555555554,-0.19999999999999996
0022000580,2020-21,2021-03-12,MEM,DEN,-1.0,0,-0.6652237782264404,-27.685185185185187,0.0
0022000623,2020-21,2021-03-17,MEM,MIA,4.0,1,-0.4203048257141759,-17.962962962962976,-0.5
0022000636,2020-21,2021-03-19,MEM,GSW,-13.0,0,-0.6036614993881904,-40.532407407407405,0.0
0022000642,2020-21,2021-03-20,MEM,GSW,8.0,1,-0.3467699793419605,-26.342592592592588,-0.09999999999999998
0022000658,2020-21,2021-03-22,MEM,BOS,6.0,1,-1.2586243170369442,-74.05092592592592,-0.09999999999999998
0022000725,2020-21,2021-03-31,MEM,UTA,-4.0,0,-0.34420403085179463,-24.58333333333333,-0.30000000000000004
0022000741,2020-21,2021-04-02,MEM,MIN,12.0,1,-0.4618999509217569,-28.078703703703706,0.09999999999999998
0022000811,2020-21,2021-04-11,MEM,IND,-7.0,0,-0.2019594843931077,-14.722222222222229,0.09999999999999998
0022000278,2020-21,2021-04-12,MEM,CHI,11.0,1,-0.9242599233777042,-44.93055555555555,0.2
0022000837,2020-21,2021-04-14,MEM,DAL,-1.0,0,-0.43668105394983014,-26.874999999999996,0.0
0022000939,2020-21,2021-04-28,MEM,POR,-21.0,0,-0.4691162833325655,-30.092592592592595,0.2
0022000953,2020-21,2021-04-30,MEM,ORL,17.0,1,-0.7986544294409446,-53.47222222222223,0.3
0022000980,2020-21,2021-05-03,MEM,NYK,-14.0,0,-0.05815940312451587,-3.194444444444443,-0.4
0022001028,2020-21,2021-05-10,MEM,NOP,5.0,1,-0.5610565173662834,-30.601851851851862,-0.09999999999999998
0022001037,2020-21,2021-05-11,MEM,DAL,29.0,1,-0.3021219216539158,-21.898148148148145,-0.30000000000000004
0022000255,2020-21,2021-05-13,MEM,SAC,6.0,1,-1.0077600777054678,-66.875,-0.19999999999999996
0022000263,2020-21,2021-05-14,MEM,SAC,1.0,1,-0.013284665111758631,-1.6203703703703667,-0.09999999999999998
0022000096,2020-21,2021-01-04,MIA,OKC,28.0,1,-0.20014419597460195,-12.916666666666671,0.0
0022000111,2020-21,2021-01-06,MIA,BOS,-2.0,0,-0.9659620982377038,-62.89351851851852,-0.125
0022000192,2020-21,2021-01-16,MIA,DET,-20.0,0,0.15678188993132014,18.287037037037038,0.2
0022000206,2020-21,2021-01-18,MIA,DET,6.0,1,-0.013284665111758631,-7.777777777777779,0.10000000000000003
0022000275,2020-21,2021-01-27,MIA,DEN,-27.0,0,-0.6896699347414748,-44.16666666666667,-0.39999999999999997
0022000285,2020-21,2021-01-28,MIA,LAC,-4.0,0,-0.07379663213459037,-5.625,-0.5
0022000301,2020-21,2021-01-30,MIA,SAC,1.0,1,-0.6932186495621007,-46.36574074074075,-0.2
0022000314,2020-21,2021-02-01,MIA,CHA,-8.0,0,-0.45846594119201844,-27.98611111111111,-0.10000000000000003
0022000331,2020-21,2021-02-03,MIA,WAS,-3.0,0,-0.7541835841292557,-52.06018518518519,0.09999999999999998
0022000347,2020-21,2021-02-05,MIA,WAS,27.0,1,-0.23117998622797367,-13.055555555555554,0.0
0022000376,2020-21,2021-02-09,MIA,NYK,2.0,1,-0.11558999311398685,-5.462962962962962,-0.10000000000000003
0022000492,2020-21,2021-02-24,MIA,TOR,8.0,1,-0.2976511169591638,-21.342592592592595,0.09999999999999998
0022000507,2020-21,2021-02-26,MIA,UTA,8.0,1,-0.7504672222808757,-51.82870370370371,-0.20000000000000007
0022000522,2020-21,2021-02-28,MIA,ATL,10.0,1,-0.8313581748353668,-56.18055555555556,0.39999999999999997
0022000538,2020-21,2021-03-02,MIA,ATL,-14.0,0,-0.3467699793419605,-22.87037037037037,0.39999999999999997
0022000571,2020-21,2021-03-11,MIA,ORL,8.0,1,-0.4012596259525302,-1.4351851851851851,0.29999999999999993
0022000610,2020-21,2021-03-16,MIA,CLE,15.0,1,-0.18235417908084756,-8.981481481481481,0.5
0022000632,2020-21,2021-03-19,MIA,IND,-27.0,0,0.10280111212531026,8.472222222222221,0.6000000000000001
0022000645,2020-21,2021-03-21,MIA,IND,-3.0,0,-0.23117998622797367,-13.055555555555554,0.39999999999999997
0022000664,2020-21,2021-03-23,MIA,PHX,-10.0,0,-1.1920766426069744,-72.93981481481482,-0.20000000000000007
0022000678,2020-21,2021-03-25,MIA,POR,-3.0,0,-1.2074720425395091,-73.44907407407408,-0.09999999999999998
0022000733,2020-21,2021-04-01,MIA,GSW,7.0,1,-0.06509052181170502,-5.601851851851855,0.0
0022000749,2020-21,2021-04-03,MIA,CLE,14.0,1,-0.26570942952559384,-15.208333333333332,0.10000000000000003
0022000773,2020-21,2021-04-06,MIA,MEM,-12.0,0,-0.8744849671578365,-53.77314814814815,-0.19999999999999996
0022000784,2020-21,2021-04-08,MIA,LAL,6.0,1,-0.9659620982377038,-62.89351851851852,0.0
0022000863,2020-21,2021-04-18,MIA,BKN,2.0,1,0.1269401096955411,11.43518518518519,-0.09999999999999998
0022000871,2020-21,2021-04-19,MIA,HOU,22.0,1,-0.298954297950302,-21.782407407407398,0.39999999999999997
0022000907,2020-21,2021-04-24,MIA,CHI,5.0,1,0.12130732645393211,7.6388888888889,0.09999999999999998
0022000922,2020-21,2021-04-26,MIA,CHI,-8.0,0,-0.23117998622797367,-13.055555555555554,0.3
0022000938,2020-21,2021-04-28,MIA,SAS,5.0,1,-0.7067263836864157,-48.07870370370371,-0.19999999999999996
0022000986,2020-21,2021-05-04,MIA,DAL,-14.0,0,-0.368056654798684,-26.435185185185183,0.09999999999999998
0022001005,2020-21,2021-05-07,MIA,MIN,9.0,1,-0.7868946089553148,-47.152777777777786,0.09999999999999998
0022001050,2020-21,2021-05-13,MIA,PHI,12.0,1,-0.22115402087263925,-14.537037037037038,-0.10000000000000009
0022000073,2020-21,2021-01-01,MIL,CHI,30.0,1,-0.8009947381151257,-27.68518518518519,0.0
0022000099,2020-21,2021-01-04,MIL,DET,10.0,1,-1.1983092906231159,-76.31944444444444,0.33333333333333337
0022000113,2020-21,2021-01-06,MIL,DET,15.0,1,-0.44907530734418877,-24.375,0.42857142857142855
0022000129,2020-21,2021-01-08,MIL,UTA,-13.0,0,-1.3679702253615402,-82.91666666666667,0.125
0022000137,2020-21,2021-01-09,MIL,CLE,10.0,1,-0.8153160095486945,-53.14814814814814,0.0
0022000182,2020-21,2021-01-15,MIL,DAL,3.0,1,-0.05752223357732897,-3.888888888888893,0.09999999999999998
0022000226,2020-21,2021-01-21,MIL,LAL,-7.0,0,-0.345784462087758,-23.240740740740737,-0.10000000000000009
0022000254,2020-21,2021-01-24,MIL,ATL,14.0,1,-1.0319222813799342,-51.2962962962963,0.29999999999999993
0022000316,2020-21,2021-02-01,MIL,POR,28.0,1,0.19580068852092902,12.037037037037038,0.0
0022000329,2020-21,2021-02-03,MIL,IND,20.0,1,-0.9150684576258297,-61.875,0.09999999999999998
0022000430,2020-21,2021-02-16,MIL,TOR,-11.0,0,-0.4786963606659612,-32.63888888888889,0.0
0022000445,2020-21,2021-02-18,MIL,TOR,-14.0,0,-0.013284665111758631,-7.777777777777779,-0.09999999999999998
0022000453,2020-21,2021-02-19,MIL,OKC,13.0,1,-0.35295603709274725,-24.791666666666664,0.2
0022000471,2020-21,2021-02-21,MIL,SAC,13.0,1,-0.754824318785185,-52.10648148148148,0.09999999999999998
0022000486,2020-21,2021-02-23,MIL,MIN,27.0,1,-0.9188949180173513,-62.10648148148148,0.3
0022000503,2020-21,2021-02-25,MIL,NOP,4.0,1,-0.8740214059113128,-60.57870370370371,0.0
0022000520,2020-21,2021-02-28,MIL,LAC,5.0,1,-1.2437157246645762,-68.28703703703704,-0.19999999999999996
0022000540,2020-21,2021-03-02,MIL,DEN,-31.0,0,-1.088309633015387,-71.62037037037038,-0.09999999999999998
0022000573,2020-21,2021-03-11,MIL,NYK,33.0,1,-0.8033049249033645,-10.648148148148149,-0.09999999999999998
0022000643,2020-21,2021-03-20,MIL,SAS,7.0,1,-1.423712867373029,-66.99074074074075,0.30000000000000004
0022000659,2020-21,2021-03-22,MIL,IND,27.0,1,-1.5631918607189301,-86.80555555555556,0.5
0022000669,2020-21,2021-03-24,MIL,BOS,2.0,1,-0.849488544879776,-53.63425925925926,0.4
0022000685,2020-21,2021-03-26,MIL,BOS,-8.0,0,-0.3467699793419605,-22.87037037037037,0.5
0022000695,2020-21,2021-03-27,MIL,NYK,-6.0,0,-0.5246677382325509,-36.48148148148148,0.30000000000000004
0022000796,2020-21,2021-04-09,MIL,CHA,-8.0,0,-0.15312199552882713,-10.833333333333329,-0.09999999999999998
0022000859,2020-21,2021-04-17,MIL,MEM,-13.0,0,-0.4023215122804282,-28.518518518518512,0.0
0022000873,2020-21,2021-04-19,MIL,PHX,-1.0,0,-0.9508080074747505,-64.14351851851852,-0.20000000000000007
0022000894,2020-21,2021-04-22,MIL,PHI,7.0,1,-1.5745359139600827,-86.57407407407408,-0.09999999999999998
0022000905,2020-21,2021-04-24,MIL,PHI,38.0,1,-0.44907530734418877,-24.375,0.0
0022000967,2020-21,2021-05-02,MIL,BKN,3.0,1,-0.5584515559080142,-39.53703703703704,0.0
0022000985,2020-21,2021-05-04,MIL,BKN,6.0,1,-0.23117998622797367,-13.055555555555554,0.0
0022000235,2020-21,2021-05-05,MIL,WAS,1.0,1,-0.2966391099030355,-21.643518518518512,-0.20000000000000007
0022001006,2020-21,2021-05-07,MIL,HOU,8.0,1,-0.5894200562488474,-39.00462962962963,0.49999999999999994
0022001038,2020-21,2021-05-11,MIL,ORL,12.0,1,-0.1616713939135272,-11.388888888888886,0.39999999999999997
0022001062,2020-21,2021-05-15,MIL,MIA,14.0,1,-0.3146380888628986,-22.824074074074076,0.0
0022000088,2020-21,2021-01-03,MIN,DEN,-15.0,0,-0.9059867468172971,-57.26851851851852,0.2
0022000138,2020-21,2021-01-09,MIN,SAS,-3.0,0,-0.3146197052235976,-8.425925925925924,-0.25
0022000147,2020-21,2021-01-10,MIN,SAS,8.0,1,-0.46235997245594734,-33.37962962962962,-0.33333333333333337
0022000169,2020-21,2021-01-13,MIN,MEM,-11.0,0,-1.111499958024111,-70.5787037037037,-0.10000000000000003
0022000221,2020-21,2021-01-20,MIN,ORL,-1.0,0,-1.0578176837924274,-62.592592592592595,-0.1
0022000236,2020-21,2021-01-22,MIN,ATL,-18.0,0,-0.9188819284326886,-58.657407407407405,-0.30000000000000004
0022000246,2020-21,2021-01-23,MIN,NOP,10.0,1,-1.004295046320571,-56.71296296296296,-0.19999999999999998
0022000294,2020-21,2021-01-29,MIN,PHI,-24.0,0,0.13910142875067522,7.129629629629619,-0.39999999999999997
0022000311,2020-21,2021-01-31,MIN,CLE,5.0,1,-0.9762436695345102,-65.81018518518519,-0.2
0022000387,2020-21,2021-02-10,MIN,LAC,-7.0,0,-0.13776768414289076,-10.555555555555557,-0.3
0022000431,2020-21,2021-02-16,MIN,LAL,-8.0,0,-0.04134706249950304,-1.8981481481481524,-0.39999999999999997
0022000440,2020-21,2021-02-17,MIN,IND,-6.0,0,-0.4163079629828237,-28.98148148148148,0.0
0022000454,2020-21,2021-02-19,MIN,TOR,-5.0,0,-0.970834756576378,-65.6712962962963,-0.49999999999999994
0022000526,2020-21,2021-02-28,MIN,PHX,-19.0,0,0.42687666327343654,28.05555555555555,-0.7000000000000001
0022000547,2020-21,2021-03-03,MIN,CHA,-33.0,0,-2.174856669001121,-95.69444444444444,-0.4
0022000591,2020-21,2021-03-13,MIN,POR,-4.0,0,-0.5723252546274966,-34.49074074074073,-0.4
0022000599,2020-21,2021-03-14,MIN,POR,2.0,1,-0.23117998622797362,-11.388888888888886,-0.4
0022000654,2020-21,2021-03-22,MIN,OKC,-9.0,0,-0.7085444422457718,-38.65740740740741,-0.2
0022000673,2020-21,2021-03-24,MIN,DAL,-20.0,0,-0.8350216740851032,-56.78240740740742,-0.39999999999999997
0022000688,2020-21,2021-03-26,MIN,HOU,6.0,1,-0.8510049837656705,-53.75000000000001,0.19999999999999998
0022000696,2020-21,2021-03-27,MIN,HOU,-22.0,0,-0.4490753073441887,-32.824074074074076,0.30000000000000004
0022000726,2020-21,2021-03-31,MIN,NYK,1.0,1,-0.11545861888670422,-8.333333333333343,-0.2
0022000765,2020-21,2021-04-05,MIN,SAC,10.0,1,-0.364930796443417,-20.138888888888886,-0.3
0022000812,2020-21,2021-04-11,MIN,CHI,4.0,1,-0.29533392723187213,-16.342592592592595,0.0
0022000817,2020-21,2021-04-13,MIN,BKN,-30.0,0,-0.36425254286077724,-24.189814814814813,-0.29999999999999993
0022000834,2020-21,2021-04-14,MIN,MIL,-25.0,0,-0.41876404239607656,-29.212962962962962,-0.10000000000000003
0022000852,2020-21,2021-04-16,MIN,MIA,8.0,1,-1.0348614050430425,-67.70833333333334,-0.3
0022000923,2020-21,2021-04-26,MIN,UTA,1.0,1,0.10230532800222819,8.657407407407412,-0.19999999999999996
0022000946,2020-21,2021-04-29,MIN,GSW,12.0,1,-0.5950038161131754,-37.36111111111111,-0.09999999999999998
0022000962,2020-21,2021-05-01,MIN,NOP,-4.0,0,-0.6926106664599615,-46.27314814814815,0.19999999999999996
0022000183,2020-21,2021-05-05,MIN,MEM,-4.0,0,-1.0649646269761215,-53.7962962962963,0.19999999999999996
0022001052,2020-21,2021-05-13,MIN,DEN,-11.0,0,-0.22907981641318367,-15.833333333333329,-0.09999999999999998
0022001063,2020-21,2021-05-15,MIN,BOS,-16.0,0,-0.5542255846824835,-35.486111111111114,0.3
0022001071,2020-21,2021-05-16,MIN,DAL,15.0,1,-0.270876536039049,-17.77777777777778,-0.30000000000000004
0022000100,2020-21,2021-01-04,NOP,IND,-2.0,0,-0.6891413222172469,-46.04166666666667,0.0
0022000114,2020-21,2021-01-06,NOP,OKC,-1.0,0,-0.917157828464954,-62.0138888888889,0.23809523809523808
0022000126,2020-21,2021-01-08,NOP,CHA,-8.0,0,-1.0103906013175892,-66.9675925925926,0.125
0022000279,2020-21,2021-01-27,NOP,WAS,18.0,1,-0.8449185378864431,-57.96296296296296,-0.09999999999999998
0022000293,2020-21,2021-01-29,NOP,MIL,5.0,1,-0.7853829180618177,-48.10185185185185,-0.49999999999999994
0022000300,2020-21,2021-01-30,NOP,HOU,-14.0,0,-0.14417532011405498,-2.7083333333333286,-0.2
0022000317,2020-21,2021-02-01,NOP,SAC,-9.0,0,-1.0327478215789407,-67.61574074074075,-0.10000000000000003
0022000335,2020-21,2021-02-03,NOP,PHX,22.0,1,-0.6704684786807414,-44.56018518518519,-0.2
0022000355,2020-21,2021-02-06,NOP,MEM,9.0,1,0.4232704730019164,32.22222222222222,-0.19999999999999996
0022000377,2020-21,2021-02-09,NOP,HOU,29.0,1,-1.5752684365857617,-88.77314814814814,-0.19999999999999996
0022000441,2020-21,2021-02-17,NOP,POR,-2.0,0,-0.587969970536931,-32.916666666666664,-0.30000000000000004
0022000455,2020-21,2021-02-19,NOP,PHX,-18.0,0,-0.44050930755836776,-27.060185185185187,-0.30000000000000004
0022000465,2020-21,2021-02-21,NOP,BOS,5.0,1,-0.7208609499862766,-49.88425925925927,0.09999999999999998
0022000494,2020-21,2021-02-24,NOP,DET,10.0,1,-1.9123326475219695,-93.24074074074075,0.09999999999999998
0022000533,2020-21,2021-03-01,NOP,UTA,5.0,1,-0.5760288157813213,-39.86111111111111,-0.5
0022000548,2020-21,2021-03-03,NOP,CHI,-4.0,0,-0.2526386567564963,-14.74537037037037,-0.19999999999999996
0022000557,2020-21,2021-03-04,NOP,MIA,-10.0,0,-0.4073406555661667,-28.240740740740748,-0.19999999999999996
0022000574,2020-21,2021-03-11,NOP,MIN,-30.0,0,-0.48193832158201333,-3.3796296296296293,0.30000000000000004
0022000581,2020-21,2021-03-12,NOP,CLE,34.0,1,0.07323378756315302,4.050925925925926,-0.10000000000000003
0022000601,2020-21,2021-03-14,NOP,LAC,20.0,1,-0.4608434056228219,-25.787037037037038,0.0
0022000663,2020-21,2021-03-23,NOP,LAL,17.0,1,-0.6849775608076416,-43.56481481481482,-0.19999999999999996
0022000689,2020-21,2021-03-26,NOP,DEN,-5.0,0,-1.397505418962833,-78.37962962962963,-0.19999999999999996
0022000698,2020-21,2021-03-27,NOP,DAL,9.0,1,-0.4392884924527677,-32.03703703703704,-0.19999999999999996
0022000734,2020-21,2021-04-01,NOP,ORL,-5.0,0,-0.8619221294363483,-51.15740740740742,0.3
0022000742,2020-21,2021-04-02,NOP,ATL,-23.0,0,-1.254674095966727,-60.092592592592595,0.0
0022000795,2020-21,2021-04-09,NOP,PHI,7.0,1,0.04004542933379471,4.074074074074062,-0.19999999999999996
0022000819,2020-21,2021-04-12,NOP,SAC,7.0,1,0.4617166470823081,28.379629629629626,0.09999999999999998
0022000835,2020-21,2021-04-14,NOP,NYK,-10.0,0,-0.7135280801835473,-49.236111111111114,0.09999999999999998
0022000878,2020-21,2021-04-20,NOP,BKN,-5.0,0,-0.2036297482814067,-14.074074074074069,-0.19999999999999996
0022000264,2020-21,2021-04-24,NOP,SAS,-2.0,0,0.11366884332537389,8.564814814814817,-0.09999999999999998
0022000924,2020-21,2021-04-26,NOP,LAC,17.0,1,-0.25976531322804186,-15.115740740740744,-0.5
0022000977,2020-21,2021-05-03,NOP,GSW,-15.0,0,-0.2876441645448159,-19.02777777777778,-0.19999999999999996
0022000987,2020-21,2021-05-04,NOP,GSW,5.0,1,-0.24446465133973228,-19.328703703703688,-0.19999999999999996
0022001072,2020-21,2021-05-16,NOP,LAL,-12.0,0,-0.23471836182885264,-11.851851851851862,-0.09999999999999998
0022000112,2020-21,2021-01-06,NYK,UTA,12.0,1,-0.6003859790910993,-40.787037037037045,0.0
0022000125,2020-21,2021-01-08,NYK,OKC,-12.0,0,-1.0679075001160319,-69.18981481481482,0.19642857142857145
0022000144,2020-21,2021-01-10,NYK,DEN,-25.0,0,-0.7527458558079404,-52.0138888888889,0.11111111111111116
0022000168,2020-21,2021-01-13,NYK,BKN,-7.0,0,-0.38585556252466713,-27.777777777777786,0.09999999999999998
0022000203,2020-21,2021-01-18,NYK,ORL,7.0,1,0.32736137967708395,22.175925925925924,0.10000000000000003
0022000291,2020-21,2021-01-29,NYK,CLE,21.0,1,-0.08140963432832397,-3.4722222222222214,-0.2
0022000308,2020-21,2021-01-31,NYK,LAC,-14.0,0,-1.0411013003240075,-66.80555555555556,-0.5
0022000351,2020-21,2021-02-06,NYK,POR,11.0,1,-0.6415593635297103,-42.916666666666664,0.0
0022000364,2020-21,2021-02-07,NYK,MIA,-6.0,0,-0.2102408703621195,-12.870370370370367,0.2
0022000408,2020-21,2021-02-13,NYK,HOU,22.0,1,-0.1584245860348794,-13.657407407407412,-0.09999999999999998
0022000422,2020-21,2021-02-15,NYK,ATL,11.0,1,-0.46509596254738783,-28.587962962962965,0.2
0022000469,2020-21,2021-02-21,NYK,MIN,4.0,1,-0.8422490054975957,-56.71296296296296,0.3
0022000483,2020-21,2021-02-23,NYK,GSW,-8.0,0,-0.6188845135592215,-37.12962962962963,0.09999999999999998
0022000500,2020-21,2021-02-25,NYK,SAC,19.0,1,-0.7868447549676736,-48.28703703703704,0.39999999999999997
0022000515,2020-21,2021-02-27,NYK,IND,3.0,1,-0.5761101644100992,-37.61574074074075,0.3
0022000565,2020-21,2021-03-04,NYK,DET,10.0,1,-0.2656959823892302,-19.305555555555564,0.29999999999999993
0022000627,2020-21,2021-03-18,NYK,ORL,1.0,1,0.2630251908303498,22.17592592592593,0.3
0022000650,2020-21,2021-03-21,NYK,PHI,-1.0,0,-0.9157930493647671,-56.87500000000001,-0.20000000000000007
0022000662,2020-21,2021-03-23,NYK,WAS,18.0,1,-0.5556647687396999,-33.56481481481482,0.3
0022000679,2020-21,2021-03-25,NYK,WAS,4.0,1,-0.3467699793419605,-21.550925925925924,0.3
0022000710,2020-21,2021-03-29,NYK,MIA,-10.0,0,0.28944236370091875,17.824074074074076,0.19999999999999996
0022000739,2020-21,2021-04-02,NYK,DAL,-13.0,0,-0.15557577373504897,-12.083333333333343,-0.09999999999999998
0022000793,2020-21,2021-04-09,NYK,MEM,4.0,1,-0.5276776292618214,-34.861111111111114,-0.29999999999999993
0022000809,2020-21,2021-04-11,NYK,TOR,6.0,1,-1.046870457624675,-68.2638888888889,0.09999999999999998
0022000815,2020-21,2021-04-12,NYK,LAL,15.0,1,-0.5214922334086185,-36.20370370370371,0.0
0022000862,2020-21,2021-04-18,NYK,NOP,10.0,1,0.08862634444202044,6.9907407407407405,0.19999999999999996
0022000877,2020-21,2021-04-20,NYK,CHA,12.0,1,-0.44844639288584637,-27.546296296296294,0.29999999999999993
0022000886,2020-21,2021-04-21,NYK,ATL,10.0,1,-0.4650959625473878,-33.56481481481481,0.0
0022000904,2020-21,2021-04-24,NYK,TOR,17.0,1,-0.26627093943479324,-6.550925925925926,0.20000000000000007
0022000920,2020-21,2021-04-26,NYK,PHX,-8.0,0,-0.963176613636259,-65.34722222222223,0.30000000000000004
0022000937,2020-21,2021-04-28,NYK,CHI,19.0,1,-0.9379533643771218,-61.111111111111114,0.5
0022000458,2020-21,2021-05-13,NYK,SAS,4.0,1,0.2526658137858808,13.70370370370371,0.3
0022001064,2020-21,2021-05-15,NYK,CHA,9.0,1,-0.44844639288584637,-27.546296296296294,0.3
0022001073,2020-21,2021-05-16,NYK,BOS,4.0,1,-0.9377424906903858,-56.06481481481481,0.19999999999999996
0022000162,2020-21,2021-01-12,OKC,SAS,-10.0,0,-0.16565076517377597,-10.370370370370367,0.05555555555555558
0022000170,2020-21,2021-01-13,OKC,LAL,-29.0,0,-1.1076533062434861,-58.51851851851852,-0.30000000000000004
0022000184,2020-21,2021-01-15,OKC,CHI,2.0,1,-0.3264349760677091,-21.597222222222225,0.0
0022000295,2020-21,2021-01-29,OKC,BKN,-22.0,0,-0.23287522634627433,-16.527777777777793,-0.19999999999999996
0022000318,2020-21,2021-02-01,OKC,HOU,-30.0,0,-1.297701391861331,-70.76388888888889,-0.19999999999999996
0022000333,2020-21,2021-02-03,OKC,HOU,17.0,1,-0.5646653004581755,-34.18981481481482,-0.39999999999999997
0022000348,2020-21,2021-02-05,OKC,MIN,-3.0,0,-0.9923693376335383,-64.12037037037037,0.2
0022000359,2020-21,2021-02-06,OKC,MIN,2.0,1,-0.6802552935721623,-47.31481481481481,0.10000000000000003
0022000415,2020-21,2021-02-14,OKC,MIL,5.0,1,-0.7198197733899362,-38.47222222222222,-0.19999999999999996
0022000432,2020-21,2021-02-16,OKC,POR,-11.0,0,-0.6620626326166249,-43.95833333333333,-0.29999999999999993
0022000475,2020-21,2021-02-22,OKC,MIA,-14.0,0,-0.6307901087367976,-6.342592592592595,-0.3
0022000495,2020-21,2021-02-24,OKC,SAS,3.0,1,0.15784913350213553,9.282407407407407,-0.39999999999999997
0022000510,2020-21,2021-02-26,OKC,ATL,9.0,1,-0.7210701715041269,-49.93055555555556,-0.10000000000000003
0022000518,2020-21,2021-02-27,OKC,DEN,-30.0,0,-0.17564684523173896,-13.217592592592588,-0.09999999999999998
0022000575,2020-21,2021-03-11,OKC,DAL,8.0,1,-1.3216423339604804,-44.76851851851852,-0.4
0022000586,2020-21,2021-03-13,OKC,NYK,-22.0,0,-0.692542440762299,-30.64814814814815,-0.09999999999999998
0022000593,2020-21,2021-03-14,OKC,MEM,6.0,1,-0.33641669121809004,-17.013888888888886,0.0
0022000674,2020-21,2021-03-24,OKC,MEM,-9.0,0,-0.19755762521013506,-15.324074074074076,0.0
0022000699,2020-21,2021-03-27,OKC,BOS,-17.0,0,-1.698892121448115,-90.625,0.09999999999999998
0022000713,2020-21,2021-03-29,OKC,DAL,-21.0,0,-1.0190642051905174,-65.20833333333333,0.0
0022000727,2020-21,2021-03-31,OKC,TOR,10.0,1,-1.1506078928553718,-74.25925925925927,0.30000000000000004
0022000766,2020-21,2021-04-05,OKC,DET,-24.0,0,0.2414382151086934,13.657407407407405,-0.10000000000000003
0022000781,2020-21,2021-04-07,OKC,CHA,-11.0,0,-1.1374917258534951,-71.45833333333334,-0.2
0022000785,2020-21,2021-04-08,OKC,CLE,-27.0,0,0.21859099905673413,16.13425925925926,0.0
0022000199,2020-21,2021-04-10,OKC,PHI,-24.0,0,-1.1953960638591028,-73.07870370370371,-0.39999999999999997
0022000836,2020-21,2021-04-14,OKC,GSW,-38.0,0,-0.31617999725407614,-12.54629629629629,-0.30000000000000004
0022000902,2020-21,2021-04-23,OKC,WAS,-20.0,0,-0.26959287464323917,-19.02777777777777,-0.8
0022000947,2020-21,2021-04-29,OKC,NOP,-14.0,0,-0.22822758584919367,-11.666666666666671,-0.30000000000000004
0022000963,2020-21,2021-05-01,OKC,IND,-57.0,0,-0.7812236620810985,-53.07870370370371,-0.30000000000000004
0022000972,2020-21,2021-05-02,OKC,PHX,-3.0,0,-0.4492018325476762,-32.106481481481474,-0.6
0022000988,2020-21,2021-05-04,OKC,SAC,-4.0,0,-0.7776526257306118,-52.89351851851853,-0.4
0022001056,2020-21,2021-05-14,OKC,UTA,-16.0,0,0.08009728774224079,6.0648148148148096,-0.5
0022001074,2020-21,2021-05-16,OKC,LAC,5.0,1,-1.223243299357473,-78.10185185185185,-0.4
0022000093,2020-21,2021-01-04,ORL,CLE,20.0,1,-0.6657349980855843,-44.14351851851852,0.0
0022000108,2020-21,2021-01-06,ORL,CLE,11.0,1,-0.4623599724559473,-28.333333333333332,0.1428571428571429
0022000151,2020-21,2021-01-11,ORL,MIL,-22.0,0,-0.12067155030368984,-9.745370370370374,0.0
0022000252,2020-21,2021-01-24,ORL,CHA,-3.0,0,0.34843471513942786,15.972222222222218,-0.10000000000000003
0022000259,2020-21,2021-01-25,ORL,CHA,9.0,1,-0.013284665111758659,-2.6157407407407405,-0.3
0022000273,2020-21,2021-01-27,ORL,SAC,-14.0,0,-0.5002896609708363,-32.70833333333334,-0.09999999999999998
0022000289,2020-21,2021-01-29,ORL,LAC,-26.0,0,-0.9288321602292069,-62.66203703703704,-0.6000000000000001
0022000323,2020-21,2021-02-02,ORL,TOR,-15.0,0,-0.11558999311398684,-9.930555555555557,-0.39999999999999997
0022000344,2020-21,2021-02-05,ORL,CHI,4.0,1,-1.2016506719937516,-64.67592592592594,-0.2
0022000353,2020-21,2021-02-06,ORL,CHI,-26.0,0,-0.2311799862279737,-15.671296296296298,-0.10000000000000003
0022000436,2020-21,2021-02-17,ORL,NYK,18.0,1,0.07885329423160198,6.4351851851851904,-0.39999999999999997
0022000449,2020-21,2021-02-19,ORL,GSW,4.0,1,-1.4366919930421929,-84.95370370370371,-0.3
0022000467,2020-21,2021-02-21,ORL,DET,9.0,1,-0.9181373384536653,-58.564814814814824,0.10000000000000003
0022000481,2020-21,2021-02-23,ORL,DET,-12.0,0,-0.4623599724559473,-28.333333333333332,0.2
0022000516,2020-21,2021-02-27,ORL,UTA,-15.0,0,-0.43990547514838074,-29.79166666666667,-0.4
0022000529,2020-21,2021-03-01,ORL,DAL,-6.0,0,-0.7201066713087998,-49.837962962962976,-0.29999999999999993
0022000544,2020-21,2021-03-03,ORL,ATL,-3.0,0,-1.0444221533431937,-68.07870370370371,0.0
0022000596,2020-21,2021-03-14,ORL,MIA,-5.0,0,-0.2290072467091231,-15.416666666666671,-0.6000000000000001
0022000633,2020-21,2021-03-19,ORL,BKN,8.0,1,-0.15105493333060396,-11.805555555555557,-0.8
0022000661,2020-21,2021-03-23,ORL,DEN,-11.0,0,-0.5692629162263872,-38.88888888888889,-0.7000000000000001
0022000670,2020-21,2021-03-24,ORL,PHX,1.0,1,-0.5346049804444064,-35.94907407407407,-0.7000000000000001
0022000687,2020-21,2021-03-26,ORL,POR,-7.0,0,-0.8132421671152201,-54.72222222222223,-0.39999999999999997
0022000777,2020-21,2021-04-07,ORL,WAS,-15.0,0,0.07334119561766482,5.833333333333336,0.10000000000000003
0022000790,2020-21,2021-04-09,ORL,IND,-5.0,0,-0.46973521350726755,-29.050925925925927,-0.2
0022000808,2020-21,2021-04-11,ORL,MIL,-37.0,0,-0.9268075524402573,-59.93055555555556,-0.10000000000000003
0022000816,2020-21,2021-04-12,ORL,SAS,-23.0,0,-1.0506006534762995,-57.77777777777777,0.0
0022000864,2020-21,2021-04-18,ORL,HOU,-4.0,0,-0.4521503294805239,-33.31018518518519,0.19999999999999998
0022000893,2020-21,2021-04-22,ORL,NOP,-35.0,0,-0.37612980343928704,-25.462962962962955,-0.30000000000000004
0022000914,2020-21,2021-04-25,ORL,IND,-19.0,0,-1.2449049079651098,-68.51851851851852,-0.5
0022000917,2020-21,2021-04-26,ORL,LAL,-11.0,0,-0.43847815257528416,-31.990740740740748,-0.30000000000000004
0022000961,2020-21,2021-05-01,ORL,MEM,1.0,1,-0.11558999311398677,-3.3796296296296333,-0.3
0022000990,2020-21,2021-05-05,ORL,BOS,-36.0,0,0.3582111616778183,16.52777777777778,-0.2
0022001022,2020-21,2021-05-09,ORL,MIN,-32.0,0,0.009201495044104863,0.6944444444444429,-0.2
0022000082,2020-21,2021-01-02,PHI,CHA,15.0,1,-0.362057289472455,-25.925925925925924,0.4
0022000094,2020-21,2021-01-04,PHI,CHA,17.0,1,-0.23117998622797367,-13.055555555555554,0.5
0022000109,2020-21,2021-01-06,PHI,WAS,5.0,1,-0.3109301184750636,-20.578703703703706,0.5714285714285714
0022000133,2020-21,2021-01-09,PHI,DEN,-12.0,0,-0.7117136602991659,-50.000000000000014,0.4027777777777778
0022000157,2020-21,2021-01-12,PHI,MIA,3.0,1,0.8456418130422211,65.18518518518519,0.09999999999999998
0022000174,2020-21,2021-01-14,PHI,MIA,17.0,1,-0.12887465822574545,-10.231481481481481,0.15555555555555556
0022000218,2020-21,2021-01-20,PHI,BOS,8.0,1,0.1643718284445001,17.54629629629629,-0.09999999999999998
0022000233,2020-21,2021-01-22,PHI,BOS,12.0,1,-0.2311799862279737,-19.09722222222222,-0.09999999999999998
0022000276,2020-21,2021-01-27,PHI,LAL,1.0,1,-0.4519186512471766,-31.43518518518519,-0.30000000000000004
0022000337,2020-21,2021-02-04,PHI,POR,-16.0,0,-0.2348656480153821,-16.94444444444445,0.30000000000000004
0022000354,2020-21,2021-02-06,PHI,BKN,16.0,1,-0.6370245055887173,-42.66203703703704,0.09999999999999998
0022000439,2020-21,2021-02-17,PHI,HOU,5.0,1,0.24209194111949608,17.476851851851862,0.3
0022000450,2020-21,2021-02-19,PHI,CHI,7.0,1,-0.46789090579121584,-28.77314814814815,0.09999999999999998
0022000498,2020-21,2021-02-25,PHI,DAL,14.0,1,-0.13497436000076646,-8.472222222222221,-0.19999999999999996
0022000513,2020-21,2021-02-27,PHI,CLE,-3.0,0,-0.150286501325178,-10.856481481481485,0.39999999999999997
0022000530,2020-21,2021-03-01,PHI,IND,16.0,1,-0.5909669023495342,-39.236111111111114,0.2
0022000545,2020-21,2021-03-03,PHI,UTA,8.0,1,-1.0654910179811288,-69.00462962962963,-0.19999999999999996
0022000595,2020-21,2021-03-14,PHI,SAS,35.0,1,-0.4659283378898205,-24.675925925925927,0.30000000000000004
0022000611,2020-21,2021-03-16,PHI,NYK,3.0,1,-0.9837944849306777,-66.18055555555556,0.20000000000000007
0022000618,2020-21,2021-03-17,PHI,MIL,-4.0,0,-0.11005639388214386,-9.35185185185184,-0.09999999999999998
0022000641,2020-21,2021-03-20,PHI,SAC,24.0,1,-1.439016817468032,-85.90277777777777,0.30000000000000004
0022000750,2020-21,2021-04-03,PHI,MIN,9.0,1,-0.9981330992479551,-60.87962962962964,0.39999999999999997
0022000758,2020-21,2021-04-04,PHI,MEM,-16.0,0,-0.4207071065581308,-29.490740740740733,0.09999999999999998
0022000830,2020-21,2021-04-14,PHI,BKN,6.0,1,-0.27839310070114154,-20.370370370370367,-0.09999999999999998
0022000846,2020-21,2021-04-16,PHI,LAC,3.0,1,-0.670544995432736,-44.606481481481495,-0.20000000000000007
0022000870,2020-21,2021-04-19,PHI,GSW,-11.0,0,-1.2626849587994466,-69.35185185185186,0.19999999999999996
0022000883,2020-21,2021-04-21,PHI,PHX,-3.0,0,-1.0212464050714236,-65.37037037037038,-0.10000000000000009
0022000918,2020-21,2021-04-26,PHI,OKC,31.0,1,0.3517232019925529,25.370370370370374,0.5
0022000934,2020-21,2021-04-28,PHI,ATL,44.0,1,-0.5549550023187493,-35.625,-0.19999999999999996
0022000949,2020-21,2021-04-30,PHI,ATL,22.0,1,-0.3467699793419605,-22.87037037037037,0.0
0022001003,2020-21,2021-05-07,PHI,NOP,2.0,1,0.16442280320033714,13.703703703703702,0.09999999999999998
0022001013,2020-21,2021-05-08,PHI,DET,14.0,1,0.057167498582266316,4.606481481481488,0.39999999999999997
0022001055,2020-21,2021-05-14,PHI,ORL,25.0,1,-0.31933669061415737,-22.314814814814817,0.5
0022001075,2020-21,2021-05-16,PHI,ORL,11.0,1,-0.4623599724559473,-28.333333333333332,0.5
0022000091,2020-21,2021-01-03,PHX,LAC,-5.0,0,-0.22400923743767276,-13.935185185185183,0.16666666666666674
0022000115,2020-21,2021-01-06,PHX,TOR,8.0,1,-1.4475253559950203,-86.18055555555554,0.5476190476190477
0022000238,2020-21,2021-01-22,PHX,DEN,-4.0,0,0.6168633433684076,45.416666666666664,0.0
0022000248,2020-21,2021-01-23,PHX,DEN,-8.0,0,-0.2311799862279737,-15.671296296296298,-0.19999999999999996
0022000281,2020-21,2021-01-27,PHX,OKC,-5.0,0,-1.865339162774427,-92.7314814814815,-0.09999999999999998
0022000286,2020-21,2021-01-28,PHX,GSW,21.0,1,-0.8920136368811645,-54.58333333333333,-0.3
0022000349,2020-21,2021-02-05,PHX,DET,17.0,1,0.6342026766686677,43.703703703703695,0.10000000000000003
0022000365,2020-21,2021-02-07,PHX,BOS,9.0,1,-1.1668866256671693,-71.875,0.09999999999999998
0022000372,2020-21,2021-02-08,PHX,CLE,6.0,1,-0.7646270228626137,-50.46296296296296,0.3
0022000389,2020-21,2021-02-10,PHX,MIL,1.0,1,-0.7998090505248845,-53.68055555555556,-0.09999999999999998
0022000406,2020-21,2021-02-13,PHX,PHI,9.0,1,-1.1983685343140236,-76.36574074074073,0.0
0022000417,2020-21,2021-02-14,PHX,ORL,19.0,1,-0.9556960673488966,-56.25,0.5
0022000433,2020-21,2021-02-16,PHX,BKN,-4.0,0,-1.397380447576537,-76.13425925925927,0.30000000000000004
0022000477,2020-21,2021-02-22,PHX,POR,32.0,1,-0.14891062073333944,-9.537037037037038,0.0
0022000496,2020-21,2021-02-24,PHX,CHA,-3.0,0,-0.34356299439039495,-22.52314814814815,0.4
0022000185,2020-21,2021-03-04,PHX,GSW,22.0,1,-0.7117372022190166,-28.657407407407405,0.30000000000000004
0022000194,2020-21,2021-03-13,PHX,IND,-11.0,0,-0.42348713669254495,-29.35185185185184,0.5
0022000607,2020-21,2021-03-15,PHX,MEM,23.0,1,-1.535662639513359,-86.3425925925926,0.4
0022000628,2020-21,2021-03-18,PHX,MIN,-4.0,0,-1.2058797382773454,-65.55555555555556,0.6000000000000001
0022000638,2020-21,2021-03-19,PHX,MIN,12.0,1,-0.5646653004581756,-40.39351851851852,0.39999999999999997
0022000651,2020-21,2021-03-21,PHX,LAL,17.0,1,-1.0902897451633586,-70.5324074074074,0.09999999999999998
0022000171,2020-21,2021-03-30,PHX,ATL,7.0,1,-0.1214187076462494,-2.5462962962963047,0.0
0022000730,2020-21,2021-03-31,PHX,CHI,5.0,1,-0.4003017063732308,-27.68518518518519,0.39999999999999997
0022000744,2020-21,2021-04-02,PHX,OKC,37.0,1,-0.9235401386123433,-62.38425925925927,0.4
0022000783,2020-21,2021-04-07,PHX,UTA,4.0,1,-0.3687029961224449,-18.33333333333333,0.0
0022000803,2020-21,2021-04-10,PHX,WAS,28.0,1,-0.8128941496827167,-44.86111111111112,0.4
0022000822,2020-21,2021-04-12,PHX,HOU,6.0,1,-0.8968342141602594,-61.41203703703704,0.6000000000000001
0022000827,2020-21,2021-04-13,PHX,MIA,20.0,1,-0.08124943779331548,-6.18055555555555,0.30000000000000004
0022000843,2020-21,2021-04-15,PHX,SAC,8.0,1,-0.9398410523996845,-63.356481481481495,0.7
0022000860,2020-21,2021-04-17,PHX,SAS,-26.0,0,-1.504958288334779,-77.24537037037037,0.6000000000000001
0022000941,2020-21,2021-04-28,PHX,LAC,8.0,1,0.11396443875932538,2.2222222222222143,-0.10000000000000009
0022000955,2020-21,2021-04-30,PHX,UTA,21.0,1,-0.8923838519568446,-61.31944444444446,0.09999999999999998
0022001009,2020-21,2021-05-07,PHX,NYK,23.0,1,0.04646645001391603,2.175925925925924,-0.10000000000000009
0022001053,2020-21,2021-05-13,PHX,POR,1.0,1,-0.7342859974242184,-38.93518518518519,-0.30000000000000004
0022000106,2020-21,2021-01-05,POR,CHI,-3.0,0,-0.6195832083134895,-42.6851851851852,0.07142857142857145
0022000122,2020-21,2021-01-07,POR,MIN,18.0,1,-0.8203396963946943,-55.277777777777786,0.14285714285714285
0022000155,2020-21,2021-01-11,POR,TOR,1.0,1,-0.7492452803920734,-48.28703703703704,0.33333333333333337
0022000178,2020-21,2021-01-14,POR,IND,-24.0,0,-0.07638091393645938,-4.490740740740748,0.09999999999999998
0022000195,2020-21,2021-01-16,POR,ATL,6.0,1,-0.8596451833297074,-59.467592592592595,0.19999999999999996
0022000207,2020-21,2021-01-18,POR,SAS,-21.0,0,-0.9588450587745792,-64.79166666666667,0.09999999999999998
0022000256,2020-21,2021-01-24,POR,NYK,3.0,1,-1.3930904014713321,-63.35648148148148,0.19999999999999996
0022000267,2020-21,2021-01-25,POR,OKC,-3.0,0,-1.2526121127718843,-79.93055555555556,0.19999999999999996
0022000380,2020-21,2021-02-09,POR,ORL,9.0,1,-0.11414507668498997,-8.75,0.2
0022000394,2020-21,2021-02-11,POR,PHI,4.0,1,-0.5630725794541018,-33.93518518518519,-0.30000000000000004
0022000404,2020-21,2021-02-12,POR,CLE,19.0,1,-0.6572925028378676,-45.64814814814815,0.39999999999999997
0022000464,2020-21,2021-02-20,POR,WAS,-7.0,0,-0.3376198251237528,-23.935185185185198,0.30000000000000004
0022000535,2020-21,2021-03-01,POR,CHA,12.0,1,-1.330550755170398,-81.57407407407408,0.0
0022000550,2020-21,2021-03-03,POR,GSW,2.0,1,-0.30700429764066695,-20.833333333333336,0.0
0022000558,2020-21,2021-03-04,POR,SAC,4.0,1,-0.4474825863401149,-32.77777777777777,0.39999999999999997
0022000577,2020-21,2021-03-11,POR,PHX,-6.0,0,-0.7060647469809855,-6.111111111111112,-0.20000000000000007
0022000614,2020-21,2021-03-16,POR,NOP,1.0,1,-0.144611626578884,-9.398148148148152,-0.09999999999999998
0022000629,2020-21,2021-03-18,POR,NOP,8.0,1,-0.23117998622797367,-13.055555555555554,0.09999999999999998
0022000639,2020-21,2021-03-19,POR,DAL,6.0,1,-0.4596447379372664,-33.0787037037037,-0.09999999999999998
0022000652,2020-21,2021-03-21,POR,DAL,-40.0,0,-0.23117998622797367,-13.055555555555554,0.09999999999999998
0022000666,2020-21,2021-03-23,POR,BKN,-4.0,0,-1.2055935990862152,-73.31018518518519,-0.10000000000000009
0022000745,2020-21,2021-04-02,POR,MIL,-18.0,0,0.15697479037932244,11.944444444444443,0.0
0022000753,2020-21,2021-04-03,POR,OKC,48.0,1,-0.5952953311460938,-43.00925925925925,0.29999999999999993
0022000804,2020-21,2021-04-10,POR,DET,15.0,1,-0.44442455525115526,-30.04629629629629,0.09999999999999998
0022000814,2020-21,2021-04-11,POR,MIA,-9.0,0,-0.4405459087214011,-32.175925925925924,0.09999999999999998
0022000828,2020-21,2021-04-13,POR,BOS,-1.0,0,-0.8203396963946943,-55.277777777777786,-0.09999999999999998
0022000879,2020-21,2021-04-20,POR,LAC,-1.0,0,0.39563027708624565,30.83333333333333,-0.4
0022000890,2020-21,2021-04-21,POR,DEN,-1.0,0,-0.20821719549367879,-12.731481481481474,-0.5
0022000225,2020-21,2021-04-23,POR,MEM,-2.0,0,-0.9324114636534411,-62.89351851851852,-0.2
0022000240,2020-21,2021-04-25,POR,MEM,-7.0,0,-0.693539958683921,-46.43518518518519,-0.3
0022001010,2020-21,2021-05-07,POR,LAL,5.0,1,0.21394756273944798,10.04629629629629,0.2
0022001018,2020-21,2021-05-08,POR,SAS,22.0,1,-0.7942525656820754,-42.89351851851851,0.19999999999999996
0022001031,2020-21,2021-05-10,POR,HOU,11.0,1,-0.9144933108890956,-61.82870370370371,0.6
0022001076,2020-21,2021-05-16,POR,DEN,16.0,1,-1.4529834031296458,-68.37962962962963,0.10000000000000009
0022000117,2020-21,2021-01-06,SAC,CHI,4.0,1,-0.8167221404458843,-54.351851851851855,-0.07142857142857145
0022000132,2020-21,2021-01-08,SAC,TOR,-21.0,0,-0.7989666119460089,-53.58796296296296,0.35714285714285715
0022000140,2020-21,2021-01-09,SAC,POR,-26.0,0,-0.16504067937403927,-9.652777777777779,-0.05555555555555558
0022000156,2020-21,2021-01-11,SAC,IND,5.0,1,-0.9717378665488088,-65.7175925925926,-0.2666666666666666
0022000173,2020-21,2021-01-13,SAC,POR,-6.0,0,-0.44367786604485293,-27.175925925925927,-0.19999999999999996
0022000188,2020-21,2021-01-15,SAC,LAC,-38.0,0,-0.21141427522624076,-11.62037037037037,-0.3
0022000201,2020-21,2021-01-17,SAC,NOP,-5.0,0,-0.44259426145421443,-27.106481481481485,0.0
0022000241,2020-21,2021-01-22,SAC,NYK,9.0,1,-0.6530711172865176,-41.94444444444444,-0.3
0022000336,2020-21,2021-02-03,SAC,BOS,5.0,1,0.3235831506107827,24.83796296296297,0.0
0022000352,2020-21,2021-02-06,SAC,DEN,5.0,1,-0.8235367761272562,-38.56481481481482,-0.19999999999999996
0022000381,2020-21,2021-02-09,SAC,PHI,-8.0,0,-0.6103030463812671,-41.75925925925925,-0.10000000000000009
0022000405,2020-21,2021-02-12,SAC,ORL,-11.0,0,-1.143122579183572,-73.98148148148148,0.49999999999999994
0022000418,2020-21,2021-02-14,SAC,MEM,-14.0,0,-0.7627949105726577,-46.36574074074075,0.19999999999999996
0022000426,2020-21,2021-02-15,SAC,BKN,-11.0,0,-0.1916210260571442,-11.666666666666664,0.0
0022000447,2020-21,2021-02-18,SAC,MIA,-8.0,0,-1.3743025654115457,-84.97685185185185,0.0
0022000528,2020-21,2021-02-28,SAC,CHA,-1.0,0,0.3760801409221286,22.17592592592591,-0.4
0022000551,2020-21,2021-03-03,SAC,LAL,3.0,1,-0.986583969684083,-62.523148148148145,-0.30000000000000004
0022000578,2020-21,2021-03-11,SAC,HOU,20.0,1,-0.9554731971720016,-27.268518518518523,0.2
0022000677,2020-21,2021-03-24,SAC,ATL,2.0,1,0.4188639418390898,26.018518518518512,-0.30000000000000004
0022000682,2020-21,2021-03-25,SAC,GSW,22.0,1,0.1418642881730577,8.032407407407412,0.3
0022000702,2020-21,2021-03-27,SAC,CLE,2.0,1,-1.1570220903574582,-71.68981481481481,0.3
0022000746,2020-21,2021-04-02,SAC,LAL,-21.0,0,0.6237143887702485,45.208333333333336,0.19999999999999996
0022000754,2020-21,2021-04-03,SAC,MIL,-1.0,0,-0.7904478453868135,-51.71296296296296,0.0
0022000789,2020-21,2021-04-08,SAC,DET,-12.0,0,-0.3727524533026505,-26.99074074074074,0.2
0022000839,2020-21,2021-04-14,SAC,WAS,-12.0,0,-0.39806182074047264,-14.699074074074076,-0.2
0022000880,2020-21,2021-04-20,SAC,MIN,-14.0,0,0.2894863034856844,21.64351851851852,-0.19999999999999998
0022000891,2020-21,2021-04-21,SAC,MIN,3.0,1,-0.3467699793419605,-24.467592592592588,-0.30000000000000004
0022000926,2020-21,2021-04-26,SAC,DAL,7.0,1,-0.4322604728853161,-30.18518518518519,-0.3
0022000942,2020-21,2021-04-28,SAC,UTA,-49.0,0,-1.0680375682200776,-69.9074074074074,-0.3
0022001011,2020-21,2021-05-07,SAC,SAS,-9.0,0,0.16816812425918587,7.870370370370367,0.29999999999999993
0022001025,2020-21,2021-05-09,SAC,OKC,28.0,1,-0.8644853925127584,-59.814814814814824,0.5
0022001040,2020-21,2021-05-11,SAC,OKC,16.0,1,-0.4623599724559473,-28.333333333333332,0.6
0022001077,2020-21,2021-05-16,SAC,UTA,-22.0,0,-0.2180158099462261,-10.787037037037038,-0.09999999999999998
0022000089,2020-21,2021-01-03,SAS,UTA,-21.0,0,-0.9278887335022605,-60.04629629629629,-0.19999999999999996
0022000176,2020-21,2021-01-14,SAS,HOU,-4.0,0,-0.19156666509625245,-12.268518518518512,0.16666666666666669
0022000189,2020-21,2021-01-16,SAS,HOU,12.0,1,-0.23117998622797367,-13.055555555555554,0.0
0022000237,2020-21,2021-01-22,SAS,DAL,-5.0,0,0.022337482835166955,1.5740740740740762,0.0
0022000253,2020-21,2021-01-24,SAS,WAS,20.0,1,0.09454132086008643,8.217592592592592,0.3
0022000280,2020-21,2021-01-27,SAS,BOS,4.0,1,-1.104681404142671,-58.05555555555555,-0.09999999999999998
0022000296,2020-21,2021-01-29,SAS,DEN,10.0,1,-1.5169312643414221,-85.97222222222223,-0.20000000000000007
0022000304,2020-21,2021-01-30,SAS,MEM,-17.0,0,0.6827597000355918,32.916666666666664,0.0
0022000320,2020-21,2021-02-01,SAS,MEM,-31.0,0,0.20461065600445644,9.49074074074074,-0.09999999999999998
0022000334,2020-21,2021-02-03,SAS,MIN,3.0,1,-0.8325076873407999,-56.36574074074075,0.3
0022000371,2020-21,2021-02-08,SAS,GSW,5.0,1,-0.5059034712239849,-34.58333333333332,0.09999999999999998
0022000378,2020-21,2021-02-09,SAS,GSW,-23.0,0,-0.46235997245594734,-33.37962962962962,0.19999999999999996
0022000514,2020-21,2021-02-27,SAS,NOP,3.0,1,-0.9995717652302284,-56.157407407407405,0.19999999999999996
0022000534,2020-21,2021-03-01,SAS,BKN,-11.0,0,-1.0653701012230337,-69.58333333333334,-0.20000000000000007
0022000541,2020-21,2021-03-02,SAS,NYK,26.0,1,-0.5626605912409244,-40.23148148148148,-0.09999999999999998
0022000556,2020-21,2021-03-04,SAS,OKC,-5.0,0,-0.848203884554889,-58.31018518518519,0.29999999999999993
0022000583,2020-21,2021-03-12,SAS,ORL,27.0,1,-0.8925164388979583,-61.620370370370374,0.2
0022000655,2020-21,2021-03-22,SAS,CHA,-3.0,0,-0.9935036544517163,-50.60185185185184,0.0
0022000675,2020-21,2021-03-24,SAS,LAC,-33.0,0,-0.8039741730005783,-54.189814814814824,0.0
0022000680,2020-21,2021-03-25,SAS,LAC,-13.0,0,-0.013284665111758631,-1.6203703703703667,-0.09999999999999998
0022000697,2020-21,2021-03-27,SAS,CHI,16.0,1,-0.21392171657084186,-11.828703703703702,0.0
0022000714,2020-21,2021-03-29,SAS,SAC,-17.0,0,-1.0705673464112293,-69.375,-0.19999999999999996
0022000728,2020-21,2021-03-31,SAS,SAC,14.0,1,-0.23117998622797367,-13.055555555555554,-0.29999999999999993
0022000735,2020-21,2021-04-01,SAS,ATL,-5.0,0,-1.338990586015883,-60.69444444444444,-0.09999999999999998
0022000751,2020-21,2021-04-03,SAS,IND,-6.0,0,-0.9842533646045224,-66.22685185185186,0.0
0022000767,2020-21,2021-04-05,SAS,CLE,-24.0,0,-0.7343706427670316,-50.625,0.0
0022000853,2020-21,2021-04-16,SAS,POR,-1.0,0,-0.08374870961824521,-4.305555555555557,-0.2
0022000888,2020-21,2021-04-21,SAS,MIA,-20.0,0,-0.2466497859495376,-18.009259259259252,-0.19999999999999996
0022000895,2020-21,2021-04-22,SAS,DET,15.0,1,-0.5695666978840754,-37.47685185185184,0.0
0022000973,2020-21,2021-05-02,SAS,PHI,-2.0,0,-0.10387204675361561,-7.2222222222222285,-0.09999999999999998
0022001029,2020-21,2021-05-10,SAS,MIL,21.0,1,0.747210409215873,53.287037037037045,-0.4
0022001065,2020-21,2021-05-15,SAS,PHX,-37.0,0,-0.1921757868046542,-11.990740740740748,-0.49999999999999994
0022001078,2020-21,2021-05-16,SAS,PHX,-2.0,0,-0.013284665111758631,-1.6203703703703667,-0.49999999999999994
0022000097,2020-21,2021-01-04,TOR,BOS,-12.0,0,-0.6495106218573359,-37.638888888888886,-0.3714285714285714
0022000175,2020-21,2021-01-14,TOR,CHA,3.0,1,-0.13358241958943196,-9.120370370370367,-0.39999999999999997
0022000191,2020-21,2021-01-16,TOR,CHA,3.0,1,-0.23117998622797367,-13.055555555555554,-0.2
0022000210,2020-21,2021-01-18,TOR,DAL,23.0,1,-1.1980858182142504,-77.4074074074074,-0.19999999999999996
0022000220,2020-21,2021-01-20,TOR,MIA,-9.0,0,-0.40193091782873863,-25.856481481481477,0.09999999999999998
0022000234,2020-21,2021-01-22,TOR,MIA,20.0,1,-0.23117998622797367,-13.055555555555554,-0.09999999999999998
0022000277,2020-21,2021-01-27,TOR,MIL,-7.0,0,0.14210196103848416,11.898148148148149,-0.09999999999999998
0022000292,2020-21,2021-01-29,TOR,SAC,-2.0,0,-0.03321946695922939,-8.217592592592592,0.09999999999999998
0022000309,2020-21,2021-01-31,TOR,ORL,13.0,1,-0.3534201160776727,-23.402777777777775,0.3
0022000413,2020-21,2021-02-14,TOR,MIN,-4.0,0,-0.46856049664983856,-26.597222222222225,0.3
0022000468,2020-21,2021-02-21,TOR,PHI,7.0,1,0.12825322945314782,11.203703703703702,0.09999999999999998
0022000484,2020-21,2021-02-23,TOR,PHI,-7.0,0,-0.23117998622797367,-13.055555555555554,0.19999999999999996
0022000506,2020-21,2021-02-26,TOR,HOU,11.0,1,-0.08757264701930784,-5.185185185185183,0.5
0022000539,2020-21,2021-03-03,TOR,DET,-24.0,0,-0.697066981038444,-10.48611111111111,0.3
0022000570,2020-21,2021-03-11,TOR,ATL,-1.0,0,-0.8988194159258389,-11.342592592592593,0.0
0022000634,2020-21,2021-03-19,TOR,UTA,-3.0,0,-0.731377623709737,-46.62037037037037,-0.3
0022000668,2020-21,2021-03-24,TOR,DEN,24.0,1,-0.16903477266500216,-13.56481481481481,-0.7000000000000001
0022000684,2020-21,2021-03-26,TOR,PHX,-4.0,0,-0.5846001023056464,-38.51851851851852,-0.6
0022000704,2020-21,2021-03-28,TOR,POR,-5.0,0,-0.5846001023056464,-38.51851851851852,-0.5
0022000737,2020-21,2021-04-02,TOR,GSW,53.0,1,0.01311550613435622,1.4351851851851833,-0.30000000000000004
0022000763,2020-21,2021-04-05,TOR,WAS,2.0,1,-0.9660846322922338,-45.833333333333336,-0.09999999999999998
0022000772,2020-21,2021-04-06,TOR,LAL,-9.0,0,-1.148750153065317,-59.074074074074076,-0.10000000000000003
0022000523,2020-21,2021-04-08,TOR,CHI,-9.0,0,-0.5866226768163645,-38.77314814814815,0.0
0022000824,2020-21,2021-04-13,TOR,ATL,-5.0,0,-0.19789943828565826,-12.060185185185183,-0.39999999999999997
0022000831,2020-21,2021-04-14,TOR,SAS,5.0,1,-0.3192475807465913,-23.356481481481474,-0.10000000000000003
0022000849,2020-21,2021-04-16,TOR,ORL,11.0,1,-0.6037916543611356,-43.51851851851851,0.10000000000000003
0022000865,2020-21,2021-04-18,TOR,OKC,6.0,1,-0.5947616530362161,-39.560185185185176,0.4
0022000884,2020-21,2021-04-21,TOR,BKN,11.0,1,-1.6793132058796985,-89.25925925925927,0.0
0022000921,2020-21,2021-04-26,TOR,CLE,16.0,1,-0.8331271914276583,-55.324074074074076,0.2
0022000930,2020-21,2021-04-27,TOR,BKN,-13.0,0,-0.20091753374867816,-12.175925925925924,0.0
0022000997,2020-21,2021-05-06,TOR,WAS,-2.0,0,-0.24137837784378058,-5.1851851851851904,-0.19999999999999996
0022001014,2020-21,2021-05-08,TOR,MEM,-10.0,0,-0.7103516461502029,-48.77314814814815,0.0
0022001034,2020-21,2021-05-11,TOR,LAC,-19.0,0,-1.4748445401789705,-82.77777777777779,-0.3
0022001079,2020-21,2021-05-16,TOR,IND,-12.0,0,-0.3816018741761714,-26.898148148148152,-0.30000000000000004
0022000186,2020-21,2021-01-15,UTA,ATL,24.0,1,-0.03934551058953106,-1.9907407407407476,0.09999999999999998
0022000214,2020-21,2021-01-19,UTA,NOP,16.0,1,-1.743116810223856,-69.46759259259258,0.29999999999999993
0022000227,2020-21,2021-01-21,UTA,NOP,11.0,1,-0.5779499655699342,-37.824074074074076,0.5
0022000242,2020-21,2021-01-23,UTA,GSW,19.0,1,-1.5022284247434483,-77.19907407407408,0.20000000000000007
0022000270,2020-21,2021-01-26,UTA,NYK,14.0,1,-2.3414600750253904,-96.25,0.5
0022000282,2020-21,2021-01-27,UTA,DAL,12.0,1,-1.1683278294756274,-59.21296296296296,0.4
0022000297,2020-21,2021-01-29,UTA,DAL,19.0,1,-0.23117998622797367,-13.055555555555554,0.6
0022000325,2020-21,2021-02-02,UTA,DET,12.0,1,-1.0242886733578829,-54.62962962962963,0.6000000000000001
0022000379,2020-21,2021-02-09,UTA,BOS,14.0,1,-0.005113050301591704,-0.11574074074073337,0.5
0022000402,2020-21,2021-02-12,UTA,MIL,14.0,1,-2.019223130320413,-94.375,0.20000000000000007
0022000410,2020-21,2021-02-13,UTA,MIA,18.0,1,-1.3665561245296025,-61.08796296296296,0.4
0022000423,2020-21,2021-02-15,UTA,PHI,11.0,1,-1.4071006294193973,-76.27314814814815,0.30000000000000004
0022000478,2020-21,2021-02-22,UTA,CHA,22.0,1,-0.3560652561835238,-15.046296296296305,0.30000000000000004
0022000497,2020-21,2021-02-24,UTA,LAL,25.0,1,-1.676256436354822,-88.2638888888889,0.30000000000000004
0022000584,2020-21,2021-03-12,UTA,HOU,15.0,1,-2.384103755166248,-96.06481481481481,0.6
0022000676,2020-21,2021-03-24,UTA,BKN,30.0,1,-0.5814426161163637,-4.675925925925924,-0.30000000000000004
0022000691,2020-21,2021-03-26,UTA,MEM,3.0,1,-1.6242126079174368,-87.5,0.09999999999999998
0022000700,2020-21,2021-03-27,UTA,MEM,16.0,1,-0.3467699793419605,-24.467592592592588,0.09999999999999998
0022000715,2020-21,2021-03-29,UTA,CLE,39.0,1,-1.8401140469363795,-79.30555555555556,0.39999999999999997
0022000743,2020-21,2021-04-02,UTA,CHI,7.0,1,-0.2619086276796956,-2.500000000000014,0.5
0022000752,2020-21,2021-04-03,UTA,ORL,46.0,1,-1.6172241992306533,-62.03703703703704,0.5
0022000787,2020-21,2021-04-08,UTA,POR,19.0,1,0.09368146534676325,0.8333333333333428,0.20000000000000007
0022000801,2020-21,2021-04-10,UTA,SAC,16.0,1,-1.2754487464782038,-74.09722222222223,0.30000000000000004
0022000820,2020-21,2021-04-12,UTA,WAS,-4.0,0,-1.749050031482263,-79.00462962962963,0.4
0022000826,2020-21,2021-04-13,UTA,OKC,10.0,1,-0.5155575992293925,-35.43981481481482,0.6
0022000844,2020-21,2021-04-16,UTA,IND,8.0,1,-1.9238304978712297,-92.77777777777777,0.19999999999999996
0022000909,2020-21,2021-04-24,UTA,MIN,-5.0,0,-0.6439960430801519,-15.787037037037038,0.19999999999999996
0022000965,2020-21,2021-05-01,UTA,TOR,4.0,1,0.9036647085264302,41.66666666666666,0.0
0022000981,2020-21,2021-05-03,UTA,SAS,11.0,1,-1.6874308932866473,-78.86574074074075,0.09999999999999998
0022000996,2020-21,2021-05-05,UTA,SAS,32.0,1,-0.23117998622797367,-13.055555555555554,0.09999999999999998
0022001008,2020-21,2021-05-07,UTA,DEN,7.0,1,-0.4304825509427253,-26.597222222222225,-0.20000000000000007
0022001016,2020-21,2021-05-08,UTA,HOU,8.0,1,-1.5370411090952354,-61.62037037037037,0.6
0022001045,2020-21,2021-05-12,UTA,POR,-7.0,0,-0.11151915626693987,-1.0648148148148238,-0.20000000000000007
0022000136,2020-21,2021-01-09,WAS,MIA,-4.0,0,0.6150018310024958,48.00925925925926,-0.20634920634920634
0022000152,2020-21,2021-01-11,WAS,PHX,21.0,1,-0.6756264622972649,-45.02314814814815,-0.49999999999999994
0022000290,2020-21,2021-01-29,WAS,ATL,-16.0,0,0.1499443482572466,12.407407407407405,-0.2
0022000310,2020-21,2021-01-31,WAS,BKN,3.0,1,-0.9438303925654974,-63.58796296296296,-0.5
0022000559,2020-21,2021-02-02,WAS,POR,-11.0,0,-1.3088760151894505,-74.79166666666667,-0.2
0022000382,2020-21,2021-02-10,WAS,TOR,-22.0,0,-0.5900717904698343,-35.0925925925926,-0.3
0022000396,2020-21,2021-02-12,WAS,NYK,-18.0,0,-0.32074276454134953,-21.134259259259256,0.0
0022000560,2020-21,2021-02-14,WAS,BOS,13.0,1,-0.43921208775681664,-26.9212962962963,-0.10000000000000003
0022000421,2020-21,2021-02-15,WAS,HOU,12.0,1,-0.24165315964400685,-16.481481481481488,0.0
0022000437,2020-21,2021-02-17,WAS,DEN,2.0,1,-0.8334392675416171,-56.45833333333334,0.0
0022000517,2020-21,2021-02-27,WAS,MIN,16.0,1,0.08771488127407001,5.370370370370367,0.6
0022000536,2020-21,2021-03-02,WAS,MEM,-14.0,0,-0.5074801779116154,-34.76851851851852,0.19999999999999996
0022000554,2020-21,2021-03-04,WAS,LAC,2.0,1,-0.9015720602127639,-61.550925925925924,0.19999999999999996
0022000579,2020-21,2021-03-12,WAS,PHI,-26.0,0,-0.49769534799888715,-32.17592592592592,-0.09999999999999998
0022000589,2020-21,2021-03-13,WAS,MIL,-6.0,0,-0.18693634138964768,-5.9027777777777715,-0.19999999999999996
0022000603,2020-21,2021-03-15,WAS,MIL,-11.0,0,-0.013284665111758631,-7.777777777777779,-0.4
0022000619,2020-21,2021-03-17,WAS,SAC,-2.0,0,-0.6559679150841271,-43.68055555555556,0.0
0022000166,2020-21,2021-03-18,WAS,UTA,9.0,1,-0.1738595661977616,-12.939814814814802,-0.2
0022000694,2020-21,2021-03-27,WAS,DET,14.0,1,-0.4233001928591249,-29.05092592592593,-0.09999999999999998
0022000707,2020-21,2021-03-29,WAS,IND,8.0,1,-0.33308746009443696,-21.921296296296294,-0.3
0022000718,2020-21,2021-03-30,WAS,CHA,-10.0,0,-0.14615074218533972,-8.888888888888893,-0.3
0022000747,2020-21,2021-04-03,WAS,DAL,-22.0,0,-0.8275141391664234,-50.46296296296296,-0.3
0022000847,2020-21,2021-04-16,WAS,NOP,2.0,1,0.3744152047642491,21.064814814814824,0.0
0022000856,2020-21,2021-04-17,WAS,DET,21.0,1,-0.43377336627515806,-31.504629629629633,0.09999999999999998
0022000872,2020-21,2021-04-19,WAS,OKC,12.0,1,-1.2048740591107316,-73.2638888888889,0.6
0022000885,2020-21,2021-04-21,WAS,GSW,4.0,1,-0.8396712480447772,-57.56944444444444,0.09999999999999998
0022000197,2020-21,2021-04-25,WAS,CLE,9.0,1,0.05668249125339657,4.953703703703702,0.5
0022000919,2020-21,2021-04-26,WAS,SAS,-3.0,0,-0.5517825410539603,-38.564814814814824,0.30000000000000004
0022000935,2020-21,2021-04-28,WAS,LAL,9.0,1,-0.812534224045473,-54.60648148148148,0.4
0022000976,2020-21,2021-05-03,WAS,IND,13.0,1,-0.22980041779801855,-15.925925925925924,0.30000000000000004
0022000204,2020-21,2021-05-14,WAS,CLE,15.0,1,-0.0872147400321864,-4.2592592592592595,0.4
0022001080,2020-21,2021-05-16,WAS,CHA,5.0,1,-0.7989275329856341,-53.54166666666667,0.3
0022100097,2021-22,2021-11-01,ATL,WAS,7.0,1,-0.10794187332208932,-8.780487804878035,-0.33333333333333337
0022100120,2021-22,2021-11-04,ATL,UTA,-18.0,0,-0.1647907453806569,-9.95934959349593,-0.3571428571428571
0022100193,2021-22,2021-11-14,ATL,MIL,20.0,1,-0.3109444068353319,-13.252032520325201,-0.2
0022100202,2021-22,2021-11-15,ATL,ORL,18.0,1,-0.13144691677663514,-8.841463414634148,0.0
0022100215,2021-22,2021-11-17,ATL,BOS,11.0,1,-0.7848587522525265,-52.41869918699186,-0.2
0022100242,2021-22,2021-11-20,ATL,CHA,10.0,1,-1.0254246050595177,-66.40243902439025,-0.09999999999999998
0022100255,2021-22,2021-11-22,ATL,OKC,12.0,1,-1.1623822372489139,-73.45528455284553,-0.09999999999999998
0022100293,2021-22,2021-11-27,ATL,NYK,-9.0,0,0.02842374283215965,1.463414634146332,0.29999999999999993
0022100335,2021-22,2021-12-03,ATL,PHI,-2.0,0,-0.6431368209389152,-41.17886178861789,0.5
0022100350,2021-22,2021-12-05,ATL,CHA,-3.0,0,-0.8852650190184015,-57.07317073170732,0.20000000000000007
0022100384,2021-22,2021-12-10,ATL,BKN,-8.0,0,-0.9986454489048198,-58.333333333333336,0.0
0022100407,2021-22,2021-12-13,ATL,HOU,-6.0,0,-1.6793385153024154,-82.39837398373983,-0.09999999999999998
0022100434,2021-22,2021-12-17,ATL,DEN,-18.0,0,-0.6978524620173491,-43.536585365853654,0.0
0022100470,2021-22,2021-12-22,ATL,ORL,-6.0,0,-1.0281219214129147,-41.016260162601625,0.2
0022100502,2021-22,2021-12-27,ATL,CHI,-12.0,0,-0.0503582757193147,-3.7398373983739788,-0.39999999999999997
0022100621,2021-22,2022-01-12,ATL,MIA,-24.0,0,-0.0882203262570791,-5.243902439024396,-0.39999999999999997
0022100643,2021-22,2022-01-15,ATL,NYK,-9.0,0,0.649394037723801,41.58536585365854,-0.49999999999999994
0022100660,2021-22,2022-01-17,ATL,MIL,7.0,1,-0.5678593516545312,-36.64634146341463,-0.3
0022100670,2021-22,2022-01-19,ATL,MIN,12.0,1,-1.0711652596509478,-66.52439024390243,-0.3
0022100687,2021-22,2022-01-21,ATL,MIA,2.0,1,-0.672558395402304,-44.97967479674796,-0.29999999999999993
0022100725,2021-22,2022-01-26,ATL,SAC,17.0,1,-1.1181402465189563,-71.74796747967478,0.3
0022100737,2021-22,2022-01-28,ATL,BOS,16.0,1,-0.4196276041217961,-25.325203252032523,-0.19999999999999996
0022100751,2021-22,2022-01-30,ATL,LAL,8.0,1,-1.3103098349186446,-79.30894308943088,0.3
0022100767,2021-22,2022-01-31,ATL,TOR,-6.0,0,-0.6400379578975604,-42.39837398373984,0.29999999999999993
0022100783,2021-22,2022-02-03,ATL,PHX,9.0,1,-1.2685764132024329,-80.42682926829268,-0.30000000000000004
0022100816,2021-22,2022-02-08,ATL,IND,21.0,1,0.05225315240198128,2.2764227642276467,0.39999999999999997
0022100841,2021-22,2022-02-11,ATL,SAS,-15.0,0,-0.707658478724496,-32.21544715447155,0.39999999999999997
0022100867,2021-22,2022-02-15,ATL,CLE,8.0,1,-0.2959587925579567,-21.32113821138212,-0.19999999999999996
0022100906,2021-22,2022-02-26,ATL,TOR,27.0,1,-0.4375962666359706,-30.69105691056911,-0.29999999999999993
0022100710,2021-22,2022-03-03,ATL,CHI,6.0,1,0.05231547756481948,2.2154471544715477,-0.19999999999999996
0022100996,2021-22,2022-03-11,ATL,LAC,6.0,1,-0.9506663744249846,-45.40650406504065,-0.19999999999999996
0022101016,2021-22,2022-03-13,ATL,IND,3.0,1,-0.9683422792087351,-62.499999999999986,0.19999999999999996
0022101021,2021-22,2022-03-14,ATL,POR,9.0,1,-0.936810890397082,-53.02845528455284,0.19999999999999996
0022101047,2021-22,2022-03-18,ATL,MEM,15.0,1,0.10296867460586984,7.560975609756099,-0.09999999999999998
0022101064,2021-22,2022-03-20,ATL,NOP,-5.0,0,-0.6956164478681515,-45.91463414634147,0.09999999999999998
0022101102,2021-22,2022-03-25,ATL,GSW,11.0,1,-0.4743880945677355,-32.09349593495935,0.0
0022100452,2021-22,2022-03-31,ATL,CLE,24.0,1,0.05641436654150084,4.552845528455293,0.29999999999999993
0022101163,2021-22,2022-04-02,ATL,BKN,7.0,1,-0.6781958165443007,-45.1829268292683,0.09999999999999998
0022101192,2021-22,2022-04-06,ATL,WAS,15.0,1,-0.496843283402259,-20.040650406504056,0.09999999999999998
0022100072,2021-22,2021-10-29,BKN,IND,7.0,1,-0.564483286408879,-36.32113821138212,0.2
0022100092,2021-22,2021-10-31,BKN,DET,26.0,1,-0.7345236760112317,-48.59756097560975,0.3
0022100113,2021-22,2021-11-03,BKN,ATL,9.0,1,-0.9865924399539753,-49.8170731707317,0.0
0022100210,2021-22,2021-11-16,BKN,GSW,-18.0,0,0.043263595491914636,4.552845528455279,0.0
0022100216,2021-22,2021-11-17,BKN,CLE,10.0,1,-0.18006719426976545,-11.117886178861795,0.20000000000000007
0022100233,2021-22,2021-11-19,BKN,ORL,2.0,1,-0.4713426529812525,-29.91869918699187,0.5
0022100294,2021-22,2021-11-27,BKN,PHX,-6.0,0,-1.3000615372334292,-77.03252032520325,-0.19999999999999996
0022100314,2021-22,2021-11-30,BKN,NYK,2.0,1,-0.6041458975806175,-28.3130081300813,0.19999999999999996
0022100336,2021-22,2021-12-03,BKN,MIN,5.0,1,-1.040101284301584,-54.24796747967479,0.10000000000000009
0022100343,2021-22,2021-12-04,BKN,CHI,-4.0,0,-0.07851412472274893,-2.621951219512198,0.20000000000000007
0022100413,2021-22,2021-12-14,BKN,TOR,2.0,1,-0.3754112730788145,-25.203252032520318,0.19999999999999996
0022100429,2021-22,2021-12-16,BKN,PHI,9.0,1,-0.6444301026111976,-43.71951219512195,0.19999999999999996
0022100442,2021-22,2021-12-18,BKN,ORL,-7.0,0,-0.7685231869089675,-51.52439024390243,0.6
0022100525,2021-22,2021-12-30,BKN,PHI,-8.0,0,0.17718137475264734,13.292682926829272,0.19999999999999996
0022100542,2021-22,2022-01-01,BKN,LAC,-4.0,0,-1.4169586305687707,-83.08943089430895,0.29999999999999993
0022100554,2021-22,2022-01-03,BKN,MEM,-14.0,0,-0.4604903304327873,-26.991869918699187,-0.09999999999999998
0022100583,2021-22,2022-01-07,BKN,MIL,-12.0,0,-0.3632950046009658,-24.268292682926827,0.0
0022100602,2021-22,2022-01-09,BKN,SAS,2.0,1,-0.9722177558602139,-62.58130081300813,0.09999999999999998
0022100630,2021-22,2022-01-13,BKN,OKC,-21.0,0,0.5633158895843206,32.60162601626017,0.3
0022100644,2021-22,2022-01-15,BKN,NOP,15.0,1,-0.5213097671303498,-35.894308943089435,-0.09999999999999998
0022100718,2021-22,2022-01-25,BKN,LAL,-10.0,0,-0.1322213190953895,-9.146341463414643,0.0
0022100453,2021-22,2022-01-26,BKN,DEN,-6.0,0,-0.5819005415885681,-38.27235772357724,-0.19999999999999996
0022100817,2021-22,2022-02-08,BKN,BOS,-35.0,0,0.14108669656357425,9.634146341463406,-0.49999999999999994
0022100859,2021-22,2022-02-14,BKN,SAC,24.0,1,-0.14916094014088238,-9.065040650406495,-0.4
0022100464,2021-22,2022-02-17,BKN,WAS,-14.0,0,-0.4856760800398338,-31.869918699186996,-0.09999999999999998
0022100890,2021-22,2022-02-24,BKN,BOS,-23.0,0,-0.4165849881662188,-1.4227642276422765,-0.7
0022100726,2021-22,2022-02-28,BKN,TOR,-36.0,0,-0.364756432219845,-24.268292682926827,-0.3
0022100941,2021-22,2022-03-03,BKN,MIA,-6.0,0,-1.0181742966686111,-52.39837398373984,-0.5
0022101012,2021-22,2022-03-13,BKN,NYK,3.0,1,-1.7047800082194744,-89.8780487804878,0.10000000000000003
0022101036,2021-22,2022-03-16,BKN,DAL,-2.0,0,0.4941793472802665,32.27642276422765,-0.30000000000000004
0022101048,2021-22,2022-03-18,BKN,POR,5.0,1,-0.4713426529812525,-29.91869918699187,0.3
0022101075,2021-22,2022-03-21,BKN,UTA,8.0,1,-0.8966916187444998,-57.66260162601627,-0.09999999999999998
0022101120,2021-22,2022-03-27,BKN,CHA,-9.0,0,0.19452068380347246,14.959349593495944,0.0
0022101133,2021-22,2022-03-29,BKN,DET,7.0,1,-0.4617978446706481,-29.45121951219512,0.49999999999999994
0022101148,2021-22,2022-03-31,BKN,MIL,-1.0,0,-0.38208625715575983,-25.38617886178862,0.0
0022101180,2021-22,2022-04-05,BKN,HOU,13.0,1,-0.8921346410039204,-59.349593495934954,0.2
0022101205,2021-22,2022-04-08,BKN,CLE,11.0,1,-0.23213965891822763,-12.337398373983746,0.3
0022101216,2021-22,2022-04-10,BKN,IND,8.0,1,-0.5347093915784235,-34.857723577235774,0.5
0022100098,2021-22,2021-11-01,BOS,CHI,-14.0,0,-0.396134253403152,-22.804878048780495,-0.5
0022100160,2021-22,2021-11-10,BOS,TOR,16.0,1,0.18224347831006055,18.333333333333336,-0.19999999999999996
0022100175,2021-22,2021-11-12,BOS,MIL,9.0,1,-1.0036317558039596,-64.39024390243902,0.0
0022100232,2021-22,2021-11-19,BOS,LAL,22.0,1,-0.4721181655785265,-30.609756097560982,0.0
0022100243,2021-22,2021-11-20,BOS,OKC,6.0,1,-1.0775345011484436,-55.71138211382114,0.09999999999999998
0022100256,2021-22,2021-11-22,BOS,HOU,18.0,1,-0.5439849399025715,-35.548780487804876,0.7
0022100270,2021-22,2021-11-24,BOS,BKN,-19.0,0,-0.35862408846943067,-23.150406504065035,-0.10000000000000009
0022100322,2021-22,2021-12-01,BOS,PHI,1.0,1,-0.36971414329009766,-22.276422764227647,0.3
0022100408,2021-22,2021-12-13,BOS,MIL,14.0,1,-0.424618104559231,-24.390243902439025,-0.4
0022100435,2021-22,2021-12-17,BOS,GSW,-4.0,0,-1.2334551637546536,-53.25203252032521,-0.29999999999999993
0022100445,2021-22,2021-12-18,BOS,NYK,7.0,1,-0.8370456372853157,-51.01626016260162,0.10000000000000003
0022100457,2021-22,2021-12-20,BOS,PHI,-5.0,0,-0.2614566586999214,-19.756097560975604,0.0
0022100471,2021-22,2021-12-22,BOS,CLE,10.0,1,-0.11533844595577769,-9.817073170731707,-0.4
0022100518,2021-22,2021-12-29,BOS,LAC,-9.0,0,-0.6361511314934561,-39.18699186991869,-0.2
0022100529,2021-22,2021-12-31,BOS,PHX,15.0,1,-1.0147446028931217,-65.26422764227642,-0.39999999999999997
0022100546,2021-22,2022-01-02,BOS,ORL,5.0,1,-0.0021688832279213033,-6.686991869918696,0.2
0022100570,2021-22,2022-01-05,BOS,SAS,-2.0,0,-1.5912983924890045,-86.07723577235772,0.09999999999999998
0022100595,2021-22,2022-01-08,BOS,NYK,24.0,1,-0.12010269691792,-7.154471544715449,-0.19999999999999996
0022100609,2021-22,2022-01-10,BOS,IND,3.0,1,-0.48798283461917336,-31.016260162601622,0.10000000000000003
0022100647,2021-22,2022-01-15,BOS,CHI,2.0,1,-0.6446325377350183,-34.0040650406504,-0.19999999999999996
0022100654,2021-22,2022-01-17,BOS,NOP,12.0,1,-0.5341824900405051,-34.8170731707317,0.19999999999999996
0022100671,2021-22,2022-01-19,BOS,CHA,-9.0,0,-0.3037795460667315,-20.26422764227642,0.0
0022100688,2021-22,2022-01-21,BOS,POR,-4.0,0,-0.9937481007731206,-64.0040650406504,0.09999999999999998
0022100717,2021-22,2022-01-25,BOS,SAC,53.0,1,-0.013988828308242551,-0.8536585365853568,0.39999999999999997
0022100762,2021-22,2022-01-31,BOS,MIA,30.0,1,0.12290883425405079,9.1260162601626,-0.09999999999999998
0022100775,2021-22,2022-02-02,BOS,CHA,6.0,1,0.020268030875348342,7.052845528455286,0.0
0022100842,2021-22,2022-02-11,BOS,DEN,6.0,1,-0.7073244569212483,-41.829268292682926,0.10000000000000009
0022100856,2021-22,2022-02-13,BOS,ATL,10.0,1,-0.4956956245371429,-28.699186991869915,0.30000000000000004
0022100875,2021-22,2022-02-16,BOS,DET,-1.0,0,0.013845561123571493,0.7520325203252085,0.8
0022100927,2021-22,2022-03-01,BOS,ATL,9.0,1,0.3747337524553881,31.05691056910569,0.30000000000000004
0022100940,2021-22,2022-03-03,BOS,MEM,13.0,1,-0.23955490878666583,-14.73577235772358,0.0
0022100960,2021-22,2022-03-06,BOS,BKN,6.0,1,-0.6439032010732793,-30.304878048780488,0.5
0022100997,2021-22,2022-03-11,BOS,DET,11.0,1,-0.11171250894008669,-4.471544715447152,0.20000000000000007
0022101014,2021-22,2022-03-13,BOS,DAL,-3.0,0,-1.1097714686258993,-71.28048780487804,0.0
0022101087,2021-22,2022-03-23,BOS,UTA,28.0,1,-0.018231790419131866,-1.3821138211382191,0.30000000000000004
0022101116,2021-22,2022-03-27,BOS,MIN,22.0,1,-1.2440165683040132,-68.35365853658536,0.20000000000000007
0022101139,2021-22,2022-03-30,BOS,MIA,-8.0,0,-0.4075481868666717,-24.613821138211385,0.4
0022101153,2021-22,2022-04-01,BOS,IND,5.0,1,-0.48798283461917336,-31.016260162601622,0.39999999999999997
0022101166,2021-22,2022-04-03,BOS,WAS,42.0,1,-0.4512757225161492,-28.92276422764228,0.19999999999999996
0022100090,2021-22,2021-10-31,CHA,POR,12.0,1,-0.8857209658097451,-41.829268292682926,0.06666666666666665
0022100094,2021-22,2021-11-01,CHA,CLE,-3.0,0,-1.4458810172814431,-58.231707317073166,0.28571428571428575
0022100174,2021-22,2021-11-12,CHA,NYK,8.0,1,0.06816067679621923,5.731707317073173,-0.2
0022100194,2021-22,2021-11-14,CHA,GSW,4.0,1,-1.3921966535646146,-74.04471544715447,-0.5
0022100213,2021-22,2021-11-17,CHA,WAS,10.0,1,-0.8489488818676303,-41.56504065040651,-0.4
0022100230,2021-22,2021-11-19,CHA,IND,3.0,1,-0.9629795410103976,-61.016260162601625,0.0
0022100281,2021-22,2021-11-26,CHA,MIN,18.0,1,-0.2682567140612199,-18.82113821138212,0.09999999999999998
0022100353,2021-22,2021-12-06,CHA,PHI,-3.0,0,0.18514357192740732,10.40650406504065,0.19999999999999996
0022100366,2021-22,2021-12-08,CHA,PHI,-4.0,0,-0.4804107876716799,-28.048780487804876,0.0
0022100382,2021-22,2021-12-10,CHA,SAC,1.0,1,-1.1579894883756354,-69.85772357723577,-0.09999999999999998
0022100501,2021-22,2021-12-27,CHA,HOU,24.0,1,-0.3050078722930391,-17.439024390243908,0.10000000000000003
0022100549,2021-22,2022-01-02,CHA,PHX,-34.0,0,-0.9022464454381646,-58.3739837398374,-0.09999999999999998
0022100567,2021-22,2022-01-05,CHA,DET,29.0,1,-0.40392643655404004,-28.211382113821145,0.10000000000000003
0022100592,2021-22,2022-01-08,CHA,MIL,8.0,1,-1.2693100406445612,-80.54878048780488,-0.19999999999999996
0022100607,2021-22,2022-01-10,CHA,MIL,4.0,1,-0.590131498704454,-36.15853658536585,-0.19999999999999996
0022100632,2021-22,2022-01-14,CHA,ORL,-7.0,0,-0.2226299943075385,-15.813008130081307,0.7
0022100684,2021-22,2022-01-21,CHA,OKC,23.0,1,-0.7281337579115007,-48.23170731707317,0.49999999999999994
0022100703,2021-22,2022-01-23,CHA,ATL,-22.0,0,-0.42297975513568653,-27.47967479674796,0.29999999999999993
0022100735,2021-22,2022-01-28,CHA,LAL,3.0,1,-1.0045837461980767,-51.483739837398375,0.29999999999999993
0022100752,2021-22,2022-01-30,CHA,LAC,-25.0,0,-1.3400636025760584,-73.1910569105691,0.19999999999999996
0022100787,2021-22,2022-02-04,CHA,CLE,-1.0,0,-0.7137628737482868,-46.97154471544715,-0.19999999999999996
0022100797,2021-22,2022-02-05,CHA,MIA,-18.0,0,-0.8475303507187248,-50.75203252032521,-0.09999999999999998
0022100810,2021-22,2022-02-07,CHA,TOR,-15.0,0,-0.29484621898849556,-19.89837398373984,-0.29999999999999993
0022100826,2021-22,2022-02-09,CHA,CHI,-12.0,0,-0.9683785118244008,-62.54065040650407,-0.2
0022100846,2021-22,2022-02-12,CHA,MEM,-7.0,0,0.2623438454554377,18.211382113821138,-0.5
0022100885,2021-22,2022-02-17,CHA,MIA,-4.0,0,0.2226660862896881,14.268292682926827,-0.39999999999999997
0022100896,2021-22,2022-02-25,CHA,TOR,32.0,1,-0.8077774441649191,-13.008130081300814,-0.7000000000000001
0022100915,2021-22,2022-02-27,CHA,DET,-1.0,0,-0.9954999785151415,-52.296747967479675,0.0
0022100955,2021-22,2022-03-05,CHA,SAS,6.0,1,-0.44767485351301023,-26.056910569105685,-0.2
0022100975,2021-22,2022-03-08,CHA,BKN,-11.0,0,-1.0147743603570056,-52.86585365853659,0.10000000000000003
0022100981,2021-22,2022-03-09,CHA,BOS,-14.0,0,-0.07649416941733478,-2.3373983739837385,-0.4
0022101033,2021-22,2022-03-16,CHA,ATL,10.0,1,-0.04053642385264923,-2.052845528455279,-0.09999999999999998
0022101059,2021-22,2022-03-19,CHA,DAL,21.0,1,-1.8494843083588894,-92.52032520325203,-0.20000000000000007
0022101071,2021-22,2022-03-21,CHA,NOP,3.0,1,-1.1657343882628042,-73.53658536585365,0.09999999999999998
0022101084,2021-22,2022-03-23,CHA,NYK,-15.0,0,-1.1065488766941638,-70.9349593495935,0.19999999999999996
0022101100,2021-22,2022-03-25,CHA,UTA,6.0,1,-0.982253922852262,-63.109756097560975,0.19999999999999996
0022101122,2021-22,2022-03-28,CHA,DEN,-4.0,0,-0.23140422456657223,-12.947154471544707,0.19999999999999996
0022101196,2021-22,2022-04-07,CHA,ORL,27.0,1,-0.314717462982228,-21.219512195121965,0.3
0022101217,2021-22,2022-04-10,CHA,WAS,16.0,1,0.042229356428740095,3.8617886178861767,0.09999999999999998
0022100135,2021-22,2021-11-06,CHI,PHI,-9.0,0,-0.5843246086736228,-39.45121951219513,-0.02777777777777779
0022100148,2021-22,2021-11-08,CHI,BKN,23.0,1,-1.501774063303094,-84.95934959349593,-0.033333333333333326
0022100163,2021-22,2021-11-10,CHI,DAL,10.0,1,-0.5191420226911787,-32.235772357723576,0.0
0022100250,2021-22,2021-11-21,CHI,NYK,6.0,1,-0.4870745603112049,-27.317073170731703,0.19999999999999996
0022100257,2021-22,2021-11-22,CHI,IND,-32.0,0,-0.37100074570417796,-25.833333333333336,0.09999999999999998
0022100296,2021-22,2021-11-27,CHI,MIA,-3.0,0,0.9084706879120229,50.69105691056912,0.09999999999999998
0022100307,2021-22,2021-11-29,CHI,CHA,14.0,1,-0.7200488445170002,-47.27642276422763,-0.30000000000000004
0022100357,2021-22,2021-12-06,CHI,DEN,12.0,1,-0.480280350847025,-31.666666666666657,0.3
0022100448,2021-22,2021-12-19,CHI,LAL,5.0,1,-1.4183053039077538,-51.300813008130085,-0.09999999999999998
0022100459,2021-22,2021-12-20,CHI,HOU,15.0,1,-0.9692391573772571,-61.91056910569107,0.0
0022100499,2021-22,2021-12-26,CHI,IND,8.0,1,-0.8735499849954556,-32.15447154471545,0.19999999999999996
0022100519,2021-22,2021-12-29,CHI,ATL,14.0,1,-0.349926104868614,-23.33333333333333,0.5
0022100555,2021-22,2022-01-03,CHI,ORL,4.0,1,-0.5367397485229697,-25.752032520325187,0.6000000000000001
0022100585,2021-22,2022-01-07,CHI,WAS,8.0,1,-1.3156502781050825,-72.54065040650406,0.4
0022100415,2021-22,2022-01-11,CHI,DET,46.0,1,-0.9955487973672454,-57.92682926829268,0.5
0022100625,2021-22,2022-01-12,CHI,BKN,-26.0,0,-0.9522283733306383,-53.51626016260163,0.5
0022100637,2021-22,2022-01-14,CHI,GSW,-42.0,0,-0.8836346488635874,-58.96341463414633,0.30000000000000004
0022100673,2021-22,2022-01-19,CHI,CLE,13.0,1,-0.2737466829976769,-18.495934959349597,-0.19999999999999996
0022100472,2021-22,2022-01-26,CHI,TOR,6.0,1,-0.671732046437111,-42.19512195121951,-0.2
0022100753,2021-22,2022-01-30,CHI,POR,14.0,1,-0.3385887990117009,-22.05284552845528,-0.3
0022100769,2021-22,2022-02-01,CHI,ORL,11.0,1,-0.8295102598310895,-54.1260162601626,0.0
0022100802,2021-22,2022-02-06,CHI,PHI,-11.0,0,-0.1156208394822571,-9.105691056910565,0.0
0022100812,2021-22,2022-02-07,CHI,PHX,-3.0,0,-0.5507571933583669,-33.31300813008131,-0.4
0022100843,2021-22,2022-02-11,CHI,MIN,12.0,1,-0.7614501121063697,-35.8130081300813,-0.09999999999999998
0022100852,2021-22,2022-02-12,CHI,OKC,5.0,1,-0.7109247893192533,-38.333333333333336,0.3
0022100861,2021-22,2022-02-14,CHI,SAS,11.0,1,-0.9647696764159763,-62.21544715447155,0.09999999999999998
0022100878,2021-22,2022-02-16,CHI,SAC,7.0,1,-0.8359004662217508,-54.695121951219505,0.29999999999999993
0022100891,2021-22,2022-02-24,CHI,ATL,4.0,1,-0.8285604639062962,-13.455284552845528,0.19999999999999996
0022100909,2021-22,2022-02-26,CHI,MEM,-6.0,0,-0.5658299597478622,-26.727642276422767,0.0
0022100949,2021-22,2022-03-04,CHI,MIL,-6.0,0,0.49037747772387613,32.256097560975604,0.0
0022101006,2021-22,2022-03-12,CHI,CLE,10.0,1,-1.3300564915807918,-66.54471544715447,0.2
0022101076,2021-22,2022-03-21,CHI,TOR,14.0,1,-0.8449545999379823,-46.68699186991871,-0.39999999999999997
0022101149,2021-22,2022-03-31,CHI,LAC,5.0,1,-0.14665840307293598,-9.288617886178855,0.10000000000000003
0022101164,2021-22,2022-04-02,CHI,MIA,-18.0,0,-0.4544630197869931,-29.044715447154477,-0.09999999999999998
0022101183,2021-22,2022-04-05,CHI,MIL,-21.0,0,-0.8732526629784416,-43.65853658536586,-0.19999999999999996
0022101193,2021-22,2022-04-06,CHI,BOS,-23.0,0,-0.0616344915284895,-3.6382113821138233,-0.4
0022101208,2021-22,2022-04-08,CHI,CHA,-16.0,0,-0.9812185946906873,-63.028455284552834,-0.19999999999999996
0022100108,2021-22,2021-11-03,CLE,POR,3.0,1,-0.46743991218673947,-31.239837398373993,0.07142857142857145
0022100158,2021-22,2021-11-10,CLE,WAS,-3.0,0,-0.10256672504532266,-15.731707317073173,0.0
0022100176,2021-22,2021-11-12,CLE,DET,20.0,1,-0.7466853144711346,-46.7479674796748,0.49999999999999994
0022100190,2021-22,2021-11-13,CLE,BOS,2.0,1,-0.3593970524068314,-24.613821138211385,0.09999999999999998
0022100199,2021-22,2021-11-15,CLE,BOS,-6.0,0,-0.24020539383584,-14.85772357723577,0.19999999999999996
0022100224,2021-22,2021-11-18,CLE,GSW,-15.0,0,0.1422411485375178,8.536585365853654,-0.20000000000000007
0022100253,2021-22,2021-11-22,CLE,BKN,-5.0,0,-0.8009868993727304,-39.2479674796748,-0.20000000000000007
0022100267,2021-22,2021-11-24,CLE,PHX,-5.0,0,-1.0977831564419032,-70.1219512195122,-0.5
0022100295,2021-22,2021-11-27,CLE,ORL,13.0,1,-1.3745371897401848,-76.97154471544715,0.2
0022100349,2021-22,2021-12-05,CLE,UTA,-1.0,0,-0.3319797552290019,-23.414634146341463,-0.19999999999999996
0022100367,2021-22,2021-12-08,CLE,CHI,23.0,1,-0.12037066072774169,-8.983739837398367,-0.29999999999999993
0022100393,2021-22,2021-12-11,CLE,SAC,14.0,1,0.4748821746078826,26.260162601626007,0.09999999999999998
0022100404,2021-22,2021-12-13,CLE,MIA,11.0,1,-0.39702222363431083,-26.361788617886173,0.19999999999999996
0022100417,2021-22,2021-12-15,CLE,HOU,35.0,1,-0.7090766021826104,-46.48373983739836,0.0
0022100494,2021-22,2021-12-26,CLE,TOR,45.0,1,0.20813201324434294,2.0325203252032518,0.19999999999999996
0022100533,2021-22,2021-12-31,CLE,ATL,-3.0,0,-0.10090438688211245,-6.585365853658544,0.39999999999999997
0022100547,2021-22,2022-01-02,CLE,IND,4.0,1,-0.20080457483840936,-12.865853658536583,0.19999999999999996
0022100562,2021-22,2022-01-04,CLE,MEM,-4.0,0,-0.9639920196805398,-62.17479674796748,-0.09999999999999998
0022100657,2021-22,2022-01-17,CLE,BKN,7.0,1,0.04171681689703233,3.6585365853658587,0.19999999999999996
0022100695,2021-22,2022-01-22,CLE,OKC,7.0,1,-1.0253454285994683,-58.69918699186993,0.6
0022100709,2021-22,2022-01-24,CLE,NYK,2.0,1,-1.0734902117541876,-67.84552845528455,0.09999999999999998
0022100722,2021-22,2022-01-26,CLE,MIL,16.0,1,-0.4138360298267635,-25.203252032520325,0.30000000000000004
0022100759,2021-22,2022-01-31,CLE,NOP,3.0,1,-0.5481092996907427,-35.975609756097555,0.4
0022100805,2021-22,2022-02-06,CLE,IND,13.0,1,-0.09424128443392751,-6.239837398373986,0.29999999999999993
0022100825,2021-22,2022-02-09,CLE,SAS,13.0,1,-0.7478570515732892,-34.369918699187,0.29999999999999993
0022100907,2021-22,2022-02-26,CLE,WAS,6.0,1,-0.5596323241393626,-33.82113821138211,0.09999999999999998
0022100920,2021-22,2022-02-28,CLE,MIN,-5.0,0,-0.4392043164748465,-25.894308943089428,0.0
0022100932,2021-22,2022-03-02,CLE,CHA,-21.0,0,-0.8066645580852672,-52.906504065040636,0.3
0022100962,2021-22,2022-03-06,CLE,TOR,8.0,1,-0.2771140463084951,-18.943089430894318,0.0
0022101020,2021-22,2022-03-14,CLE,LAC,9.0,1,-0.5626287097773225,-32.64227642276423,-0.39999999999999997
0022101034,2021-22,2022-03-16,CLE,PHI,-4.0,0,-0.5636212167060755,-36.19918699186992,-0.29999999999999993
0022101049,2021-22,2022-03-18,CLE,DEN,3.0,1,-0.7936103944261527,-52.621951219512184,-0.29999999999999993
0022101060,2021-22,2022-03-19,CLE,DET,4.0,1,-0.5667416816035797,-37.13414634146341,-0.09999999999999998
0022101072,2021-22,2022-03-21,CLE,LAL,-11.0,0,-0.9137130913440726,-60.30487804878048,0.2
0022101110,2021-22,2022-03-26,CLE,CHI,-4.0,0,-0.9568325714306634,-56.42276422764227,0.2
0022101123,2021-22,2022-03-28,CLE,ORL,6.0,1,-0.8290855270590175,-51.422764227642276,0.0
0022101136,2021-22,2022-03-30,CLE,DAL,-8.0,0,-1.052180121110647,-65.91463414634146,-0.29999999999999993
0022101170,2021-22,2022-04-03,CLE,PHI,-4.0,0,0.11704046678960861,6.951219512195124,-0.19999999999999996
0022101218,2021-22,2022-04-10,CLE,MIL,18.0,1,-0.28546651507395143,-19.75609756097561,-0.49999999999999994
0022100089,2021-22,2021-10-31,DAL,SAC,6.0,1,0.04340467061794451,2.357723577235774,0.0
0022100104,2021-22,2021-11-02,DAL,MIA,-15.0,0,-0.3307708284196315,-21.280487804878046,-0.16666666666666674
0022100136,2021-22,2021-11-06,DAL,BOS,3.0,1,-1.0264792151173305,-59.105691056910565,0.18055555555555558
0022100150,2021-22,2021-11-08,DAL,NOP,16.0,1,-1.159292759401274,-69.89837398373983,0.5666666666666667
0022100204,2021-22,2021-11-15,DAL,DEN,10.0,1,-1.18152194023323,-73.25203252032519,0.0
0022100298,2021-22,2021-11-27,DAL,WAS,-6.0,0,-0.5286393429222166,-34.26829268292682,0.0
0022100310,2021-22,2021-11-29,DAL,CLE,-18.0,0,-0.7368659740282923,-46.09756097560976,0.09999999999999998
0022100338,2021-22,2021-12-03,DAL,NOP,-16.0,0,-0.12010269691791996,-7.967479674796749,0.0
0022100345,2021-22,2021-12-04,DAL,MEM,-7.0,0,-0.2106681315017115,-12.703252032520332,-0.19999999999999996
0022100363,2021-22,2021-12-07,DAL,BKN,-3.0,0,-0.5977769476558198,-37.13414634146342,-0.39999999999999997
0022100410,2021-22,2021-12-13,DAL,CHA,24.0,1,0.5668886145365784,38.577235772357724,-0.09999999999999998
0022100420,2021-22,2021-12-15,DAL,LAL,-3.0,0,-0.7479397127745253,-49.89837398373983,-0.19999999999999996
0022100468,2021-22,2021-12-21,DAL,MIN,12.0,1,-0.3499261048686141,-20.162601626016254,-0.09999999999999998
0022100481,2021-22,2021-12-23,DAL,MIL,-7.0,0,-0.9937374834062034,-63.943089430894304,-0.19999999999999996
0022100558,2021-22,2022-01-03,DAL,DEN,14.0,1,-0.05982555584665089,-5.325203252032537,-0.09999999999999998
0022100572,2021-22,2022-01-05,DAL,GSW,17.0,1,-0.8418870920374039,-55.101626016260155,-0.30000000000000004
0022100603,2021-22,2022-01-09,DAL,CHI,14.0,1,0.11757935950496837,9.105691056910565,-0.20000000000000007
0022100650,2021-22,2022-01-15,DAL,ORL,16.0,1,-0.6087430206912264,-28.86178861788619,0.7000000000000001
0022100663,2021-22,2022-01-17,DAL,OKC,2.0,1,-0.4137217256517044,-26.97154471544715,0.6000000000000001
0022100675,2021-22,2022-01-19,DAL,TOR,4.0,1,-1.1820966960792636,-70.34552845528455,0.20000000000000007
0022100682,2021-22,2022-01-20,DAL,PHX,-8.0,0,-0.1334790293423353,-10.304878048780488,0.09999999999999998
0022100705,2021-22,2022-01-23,DAL,MEM,13.0,1,-1.2274187101623888,-78.02845528455285,0.0
0022100746,2021-22,2022-01-29,DAL,IND,27.0,1,-0.12953679663317402,-7.723577235772353,0.39999999999999997
0022100778,2021-22,2022-02-02,DAL,OKC,-6.0,0,-0.009696114401732903,-0.4065040650406502,0.49999999999999994
0022100791,2021-22,2022-02-04,DAL,PHI,9.0,1,-0.8234480608799919,-53.71951219512195,-0.09999999999999998
0022100807,2021-22,2022-02-06,DAL,ATL,9.0,1,-1.1294605323236686,-72.47967479674797,-0.20000000000000007
0022100820,2021-22,2022-02-08,DAL,DET,30.0,1,-0.6116361460479841,-40.22357723577235,0.39999999999999997
0022100835,2021-22,2022-02-10,DAL,LAC,7.0,1,-0.373673251809521,-24.61382113821138,0.09999999999999998
0022100853,2021-22,2022-02-12,DAL,LAC,-2.0,0,-0.3603080907537599,-23.536585365853657,0.29999999999999993
0022100943,2021-22,2022-03-03,DAL,GSW,9.0,1,0.518750109099899,34.552845528455286,0.4
0022100954,2021-22,2022-03-05,DAL,SAC,1.0,1,-0.9087540999741966,-60.142276422764226,0.4
0022100972,2021-22,2022-03-07,DAL,UTA,8.0,1,-1.1668583446639678,-70.0609756097561,0.0
0022100988,2021-22,2022-03-09,DAL,NYK,-30.0,0,-1.5475505907717928,-75.18292682926828,0.5
0022101079,2021-22,2022-03-21,DAL,MIN,2.0,1,0.3500161546824715,24.390243902439032,-0.20000000000000007
0022101092,2021-22,2022-03-23,DAL,HOU,19.0,1,-0.49568573311795316,-31.58536585365854,0.39999999999999997
0022101121,2021-22,2022-03-27,DAL,UTA,14.0,1,-0.8408089282392973,-46.422764227642276,0.09999999999999998
0022101134,2021-22,2022-03-29,DAL,LAL,18.0,1,-0.4308774205321809,-27.865853658536583,0.3
0022101209,2021-22,2022-04-08,DAL,POR,50.0,1,-0.9081000489382041,-46.788617886178855,0.6
0022101219,2021-22,2022-04-10,DAL,SAS,10.0,1,-0.9308925515937945,-58.821138211382106,0.10000000000000009
0022100133,2021-22,2021-11-06,DEN,HOU,1.0,1,-0.8080587286082213,-11.056910569105682,0.375
0022100151,2021-22,2021-11-08,DEN,MIA,17.0,1,-2.218241062980991,-89.59349593495935,-0.2222222222222222
0022100167,2021-22,2021-11-10,DEN,IND,3.0,1,-1.6807866799179507,-87.07317073170731,0.19999999999999996
0022100182,2021-22,2021-11-12,DEN,ATL,9.0,1,-0.7110731330995888,-46.6869918699187,0.3
0022100197,2021-22,2021-11-14,DEN,POR,29.0,1,-2.0695324713450844,-77.09349593495935,0.09999999999999998
0022100228,2021-22,2021-11-18,DEN,PHI,-14.0,0,0.5952930017121716,28.699186991869922,0.19999999999999996
0022100236,2021-22,2021-11-19,DEN,CHI,-6.0,0,-1.9223978372328376,-59.32926829268293,0.0
0022100288,2021-22,2021-11-26,DEN,MIL,-11.0,0,-0.5106739029258559,-8.536585365853668,-0.19999999999999996
0022100411,2021-22,2021-12-13,DEN,WAS,6.0,1,-0.27305603174205695,-1.4634146341463463,0.0
0022100424,2021-22,2021-12-15,DEN,MIN,-17.0,0,-1.3322663385283835,-73.0691056910569,0.09999999999999998
0022100482,2021-22,2021-12-23,DEN,CHA,-8.0,0,0.43247458362058544,12.317073170731703,0.2
0022100575,2021-22,2022-01-05,DEN,UTA,-6.0,0,-0.5784507426673524,-4.308943089430883,-0.09999999999999998
0022100588,2021-22,2022-01-07,DEN,SAC,10.0,1,-1.7133071174226944,-76.03658536585365,0.09999999999999998
0022100631,2021-22,2022-01-13,DEN,POR,32.0,1,0.10909070039228896,0.8333333333333286,0.09999999999999998
0022100649,2021-22,2022-01-15,DEN,LAL,37.0,1,-1.3308605750493367,-73.02845528455285,0.09999999999999998
0022100653,2021-22,2022-01-16,DEN,UTA,-23.0,0,0.15178419694544884,7.662601626016254,0.19999999999999996
0022100678,2021-22,2022-01-19,DEN,LAC,2.0,1,-1.94390627821195,-91.9918699186992,0.19999999999999996
0022100692,2021-22,2022-01-21,DEN,MEM,-4.0,0,-1.4930141365856255,-75.02032520325203,-0.20000000000000007
0022100707,2021-22,2022-01-23,DEN,DET,6.0,1,-1.2136223723908666,-75.8130081300813,0.09999999999999998
0022100794,2021-22,2022-02-04,DEN,NOP,-8.0,0,-1.31853008334637,-43.3739837398374,0.19999999999999996
0022100804,2021-22,2022-02-06,DEN,BKN,20.0,1,-1.1039016613580923,-67.82520325203251,0.39999999999999997
0022100821,2021-22,2022-02-08,DEN,NYK,17.0,1,-1.136422098862836,-69.53252032520324,0.39999999999999997
0022100864,2021-22,2022-02-14,DEN,ORL,10.0,1,0.19495026126739567,0.7317073170731732,0.19999999999999996
0022100911,2021-22,2022-02-26,DEN,SAC,5.0,1,-0.12010269691791997,-2.7235772357723533,0.19999999999999996
0022100938,2021-22,2022-03-02,DEN,OKC,-12.0,0,-0.13906903144080673,-1.6666666666666572,0.6000000000000001
0022100952,2021-22,2022-03-04,DEN,HOU,15.0,1,-1.7092243805913243,-75.9959349593496,0.8
0022100967,2021-22,2022-03-06,DEN,NOP,8.0,1,-1.730416330423052,-87.68292682926828,0.20000000000000007
0022100528,2021-22,2022-03-07,DEN,GSW,7.0,1,-1.758762706284543,-59.166666666666664,0.6000000000000001
0022100994,2021-22,2022-03-10,DEN,GSW,-11.0,0,0.3760127937317439,1.0162601626016254,0.6000000000000001
0022101009,2021-22,2022-03-12,DEN,TOR,-12.0,0,-1.657082082064838,-62.60162601626016,0.30000000000000004
0022101068,2021-22,2022-03-20,DEN,BOS,-20.0,0,0.003670269111236024,0.04065040650405649,-0.20000000000000007
0022101083,2021-22,2022-03-22,DEN,LAC,12.0,1,-0.24104433131305475,-14.979674796747968,0.19999999999999996
0022101099,2021-22,2022-03-24,DEN,PHX,-10.0,0,-2.0612320231706374,-77.05284552845528,-0.20000000000000007
0022101113,2021-22,2022-03-26,DEN,OKC,6.0,1,-1.188227552743461,-70.54878048780488,0.4
0022101159,2021-22,2022-04-01,DEN,MIN,-6.0,0,-0.234595641737132,-0.975609756097569,0.09999999999999998
0022101186,2021-22,2022-04-05,DEN,SAS,-19.0,0,-0.038919128727159524,-0.26422764227642404,-0.09999999999999998
0022101201,2021-22,2022-04-07,DEN,MEM,13.0,1,-0.5137701626536384,-34.0040650406504,-0.30000000000000004
0022101220,2021-22,2022-04-10,DEN,LAL,-5.0,0,-2.1737296861626443,-95.0,0.39999999999999997
0022100103,2021-22,2021-11-02,DET,MIL,-28.0,0,-0.2148357788539224,-15.955284552845534,-0.26190476190476186
0022100119,2021-22,2021-11-04,DET,PHI,-11.0,0,-0.8372030235505366,-54.85772357723576,-0.6071428571428572
0022100124,2021-22,2021-11-05,DET,BKN,-6.0,0,0.16222511693417097,10.914634146341463,-0.5
0022100200,2021-22,2021-11-15,DET,SAC,-22.0,0,-0.10325375454946059,-5.8130081300813,-0.10000000000000003
0022100214,2021-22,2021-11-17,DET,IND,8.0,1,-0.6900129966450325,-45.58943089430893,-0.2
0022100231,2021-22,2021-11-19,DET,GSW,-3.0,0,-1.0096143466292626,-65.18292682926828,-0.5
0022100249,2021-22,2021-11-21,DET,LAL,-5.0,0,-0.8249512949547224,-53.76016260162601,-0.10000000000000003
0022100263,2021-22,2021-11-23,DET,MIA,-8.0,0,-0.404150330262409,-26.626016260162604,-0.2
0022100354,2021-22,2021-12-06,DET,OKC,-11.0,0,-0.014034170484029742,-1.0569105691056961,0.0
0022100368,2021-22,2021-12-08,DET,WAS,-3.0,0,-0.8960487182799786,-57.39837398373983,-0.30000000000000004
0022100399,2021-22,2021-12-12,DET,BKN,-12.0,0,-0.1047435814598135,-6.463414634146332,-0.7
0022100441,2021-22,2021-12-18,DET,HOU,-9.0,0,-0.7699102289349868,-46.91056910569105,-0.6
0022100449,2021-22,2021-12-19,DET,MIA,10.0,1,-0.9101217358389222,-54.00406504065041,-0.5
0022100516,2021-22,2021-12-29,DET,NYK,-9.0,0,-0.9731960898436529,-57.03252032520326,-0.30000000000000004
0022100540,2021-22,2022-01-01,DET,SAS,1.0,1,-1.668162411588301,-89.20731707317073,-0.4
0022100593,2021-22,2022-01-08,DET,ORL,5.0,1,0.3326917099861315,23.699186991869922,0.09999999999999998
0022100608,2021-22,2022-01-10,DET,UTA,10.0,1,-0.9064307041651245,-60.060975609756085,-0.29999999999999993
0022100633,2021-22,2022-01-14,DET,TOR,16.0,1,0.28795255675800413,23.211382113821138,-0.29999999999999993
0022100617,2021-22,2022-01-16,DET,PHX,-27.0,0,-0.43640190237859044,-28.069105691056915,-0.09999999999999998
0022100714,2021-22,2022-01-25,DET,DEN,-5.0,0,-0.12010269691792003,-6.504065040650417,-0.19999999999999996
0022100754,2021-22,2022-01-30,DET,CLE,10.0,1,0.36875877836279614,23.3739837398374,-0.5
0022100766,2021-22,2022-02-01,DET,NOP,-10.0,0,-0.9992323607441169,-64.18699186991869,-0.10000000000000003
0022100782,2021-22,2022-02-03,DET,MIN,-11.0,0,-0.7041945705384679,-46.280487804878035,-0.3
0022100788,2021-22,2022-02-04,DET,BOS,-9.0,0,-0.31202006977829877,-19.613821138211385,-0.49999999999999994
0022100831,2021-22,2022-02-10,DET,MEM,-25.0,0,0.10506440906911967,8.536585365853675,-0.6
0022100838,2021-22,2022-02-11,DET,CHA,-22.0,0,-0.19141516488149377,-11.6869918699187,-0.1
0022100889,2021-22,2022-02-24,DET,CLE,3.0,1,-0.736888515288679,-12.073170731707316,-0.39999999999999997
0022100905,2021-22,2022-02-26,DET,BOS,-9.0,0,-0.6902502272257209,-31.686991869918696,-0.7
0022100946,2021-22,2022-03-04,DET,IND,5.0,1,0.03476130775758529,3.0081300813008056,0.10000000000000003
0022100968,2021-22,2022-03-07,DET,ATL,3.0,1,-0.6768761616029925,-42.804878048780495,-0.09999999999999998
0022100982,2021-22,2022-03-09,DET,CHI,-6.0,0,-0.6845798891278729,-45.34552845528455,0.09999999999999998
0022101013,2021-22,2022-03-13,DET,LAC,-4.0,0,-0.1281349540608355,-8.45528455284552,0.0
0022101073,2021-22,2022-03-21,DET,POR,-4.0,0,-0.9226788078887087,-54.63414634146341,0.30000000000000004
0022101085,2021-22,2022-03-23,DET,ATL,21.0,1,-0.9627388279856159,-62.134146341463406,-0.19999999999999996
0022101101,2021-22,2022-03-25,DET,WAS,-3.0,0,-1.1778118374202269,-70.22357723577235,0.2
0022101115,2021-22,2022-03-27,DET,NYK,-2.0,0,-0.8600702891652717,-56.5650406504065,-0.3
0022101147,2021-22,2022-03-31,DET,PHI,8.0,1,-0.11443235882007208,-7.5,-0.39999999999999997
0022101190,2021-22,2022-04-06,DET,DAL,-18.0,0,-0.48944807547134456,-27.154471544715445,-0.09999999999999998
0022101203,2021-22,2022-04-08,DET,MIL,-30.0,0,-1.167429851535081,-73.57723577235772,-0.19999999999999996
0022100086,2021-22,2021-10-30,GSW,OKC,21.0,1,-0.7160877629736883,-46.93089430894308,0.6000000000000001
0022100117,2021-22,2021-11-03,GSW,CHA,22.0,1,-1.753828671651503,-91.23983739837398,0.20833333333333337
0022100130,2021-22,2021-11-05,GSW,NOP,41.0,1,-0.8358771818544718,-51.99186991869918,0.746031746031746
0022100145,2021-22,2021-11-07,GSW,HOU,13.0,1,-1.715654045835631,-87.5609756097561,0.7638888888888888
0022100152,2021-22,2021-11-08,GSW,ATL,14.0,1,-0.5610009112395901,-36.68699186991869,0.4888888888888888
0022100169,2021-22,2021-11-10,GSW,MIN,13.0,1,-0.8924838822879207,-59.61382113821138,0.5666666666666667
0022100183,2021-22,2021-11-12,GSW,CHI,26.0,1,-1.0037134076698435,-64.8170731707317,0.20000000000000007
0022100252,2021-22,2021-11-21,GSW,TOR,15.0,1,0.40008834807713906,21.21951219512195,0.5
0022100278,2021-22,2021-11-24,GSW,PHI,20.0,1,-1.2390876959981212,-78.5569105691057,0.5
0022100290,2021-22,2021-11-26,GSW,POR,15.0,1,-0.7157744849365518,-43.49593495934958,0.30000000000000004
0022100340,2021-22,2021-12-03,GSW,PHX,22.0,1,-0.8953777675497814,-54.57317073170732,-0.19999999999999996
0022100346,2021-22,2021-12-04,GSW,SAS,-5.0,0,-0.08471554655459032,-5.182926829268297,0.4
0022100361,2021-22,2021-12-06,GSW,ORL,31.0,1,-0.6150966064116925,-40.58943089430893,0.6000000000000001
0022100376,2021-22,2021-12-08,GSW,POR,10.0,1,-0.4671620889279481,-29.735772357723572,0.4
0022100462,2021-22,2021-12-20,GSW,SAC,15.0,1,0.4918708043879969,26.036585365853654,0.09999999999999998
0022100485,2021-22,2021-12-23,GSW,MEM,9.0,1,-1.0022045933206947,-64.32926829268294,0.0
0022100514,2021-22,2021-12-28,GSW,DEN,-3.0,0,-0.4737271213749563,-27.500000000000004,0.30000000000000004
0022100559,2021-22,2022-01-03,GSW,MIA,7.0,1,-0.5195063394473283,-35.325203252032516,0.0
0022100604,2021-22,2022-01-09,GSW,CLE,14.0,1,0.25907834988445005,17.84552845528456,0.09999999999999998
0022100667,2021-22,2022-01-18,GSW,DET,16.0,1,-0.14104975300153033,-7.1951219512195195,-0.09999999999999998
0022100683,2021-22,2022-01-20,GSW,IND,-4.0,0,-0.9575277590865159,-61.930894308943095,0.3
0022100694,2021-22,2022-01-21,GSW,HOU,2.0,1,-0.6870609190460494,-44.247967479674806,0.0
0022100708,2021-22,2022-01-23,GSW,UTA,2.0,1,-0.7091993706656472,-46.58536585365853,0.0
0022100720,2021-22,2022-01-25,GSW,DAL,38.0,1,-0.9921705573527313,-63.922764227642276,-0.30000000000000004
0022100734,2021-22,2022-01-27,GSW,MIN,9.0,1,-0.35744137789517394,-23.028455284552845,-0.09999999999999998
0022100750,2021-22,2022-01-29,GSW,BKN,4.0,1,-0.9842735916927556,-63.3130081300813,0.19999999999999996
0022100785,2021-22,2022-02-03,GSW,SAC,12.0,1,0.2338549926146259,14.532520325203237,0.5
0022100837,2021-22,2022-02-10,GSW,NYK,-2.0,0,-0.4610030124888165,-24.75609756097562,0.7
0022100854,2021-22,2022-02-12,GSW,LAL,2.0,1,-0.08471554655459029,-8.597560975609753,0.5
0022100883,2021-22,2022-02-16,GSW,DEN,-1.0,0,-0.40820018188050117,-27.4390243902439,0.09999999999999998
0022100917,2021-22,2022-02-27,GSW,DAL,-6.0,0,-0.9951739007499628,-56.99186991869919,0.0
0022100980,2021-22,2022-03-08,GSW,LAC,15.0,1,0.6705440273359389,45.73170731707317,-0.49999999999999994
0022101008,2021-22,2022-03-12,GSW,MIL,13.0,1,-0.11798950432275995,-7.845528455284558,-0.39999999999999997
0022101025,2021-22,2022-03-14,GSW,WAS,14.0,1,-0.827470179681708,-53.922764227642276,0.10000000000000003
0022101042,2021-22,2022-03-16,GSW,BOS,-22.0,0,-0.7568896039268103,-50.83333333333333,-0.19999999999999996
0022101070,2021-22,2022-03-20,GSW,SAS,-2.0,0,-1.495081140232345,-83.15040650406503,0.10000000000000003
0022101145,2021-22,2022-03-30,GSW,PHX,-4.0,0,0.9075495492329282,66.0569105691057,-0.5
0022101165,2021-22,2022-04-02,GSW,UTA,4.0,1,-0.9819252020062308,-62.764227642276424,-0.10000000000000003
0022101202,2021-22,2022-04-07,GSW,LAL,16.0,1,-0.8540078395203042,-53.983739837398375,0.09999999999999998
0022100162,2021-22,2021-11-10,HOU,DET,-8.0,0,0.37336729746061015,25.609756097560975,-0.0111111111111111
0022100177,2021-22,2021-11-12,HOU,POR,-12.0,0,-0.9765561746346918,-62.86585365853658,-0.30000000000000004
0022100195,2021-22,2021-11-14,HOU,PHX,-26.0,0,-0.8118043800675843,-49.99999999999999,-0.8
0022100271,2021-22,2021-11-24,HOU,CHI,5.0,1,-0.0804246055514396,-4.634146341463413,-0.6
0022100297,2021-22,2021-11-27,HOU,CHA,3.0,1,-1.506927039857719,-84.08536585365853,-0.7000000000000001
0022100308,2021-22,2021-11-29,HOU,OKC,13.0,1,-0.18115087181576878,-5.121951219512194,-0.09999999999999998
0022100337,2021-22,2021-12-03,HOU,ORL,2.0,1,-0.39332291799384705,-26.422764227642276,0.2
0022100352,2021-22,2021-12-05,HOU,NOP,10.0,1,-0.543137773770499,-35.46747967479675,0.0
0022100372,2021-22,2021-12-08,HOU,BKN,10.0,1,-1.3184128444023604,-72.6219512195122,-0.09999999999999998
0022100386,2021-22,2021-12-10,HOU,MIL,-9.0,0,-1.0919289951778188,-69.57317073170732,-0.10000000000000009
0022100431,2021-22,2021-12-16,HOU,NYK,-13.0,0,0.3669137965942038,18.008130081300806,0.49999999999999994
0022100511,2021-22,2021-12-28,HOU,LAL,-9.0,0,0.3984422768372208,28.21138211382113,-0.2
0022100532,2021-22,2021-12-31,HOU,MIA,-10.0,0,-0.7420028903092047,-33.88211382113821,-0.6000000000000001
0022100543,2021-22,2022-01-01,HOU,DEN,-13.0,0,-0.4693627583590212,-31.402439024390254,-0.39999999999999997
0022100586,2021-22,2022-01-07,HOU,DAL,-24.0,0,0.20262895423579025,14.085365853658537,-0.39999999999999997
0022100600,2021-22,2022-01-09,HOU,MIN,-18.0,0,-0.5739794000742724,-37.01219512195121,-0.4
0022100711,2021-22,2022-01-10,HOU,PHI,-20.0,0,0.02285389554428785,2.4593495934959364,-0.6
0022100719,2021-22,2022-01-25,HOU,SAS,-30.0,0,-0.03114967519854393,-1.585365853658537,0.2
0022100739,2021-22,2022-01-28,HOU,POR,-15.0,0,-1.735625077744987,-85.77235772357723,-0.19999999999999996
0022100764,2021-22,2022-01-31,HOU,GSW,-14.0,0,-1.5069816744463203,-84.1260162601626,-0.39999999999999997
0022100777,2021-22,2022-02-02,HOU,CLE,11.0,1,-0.7411670534967636,-46.21951219512194,-0.5
0022100808,2021-22,2022-02-06,HOU,NOP,-13.0,0,-0.7965474332969731,-47.23577235772356,0.0
0022100834,2021-22,2022-02-10,HOU,TOR,-19.0,0,-0.6361262337302274,-41.178861788617894,-0.5
0022100916,2021-22,2022-02-27,HOU,LAC,-1.0,0,-0.5014905357061388,-32.601626016260155,-0.4
0022100929,2021-22,2022-03-01,HOU,LAC,-13.0,0,-0.3603080907537599,-23.191056910569102,-0.5
0022100935,2021-22,2022-03-02,HOU,UTA,-5.0,0,-0.08117840708491057,-4.898373983739845,-0.8
0022100964,2021-22,2022-03-06,HOU,MEM,11.0,1,-0.12563998368779172,-8.861788617886184,-0.7
0022100985,2021-22,2022-03-09,HOU,LAL,9.0,1,0.08886732232897594,6.5447154471544735,-0.1
0022100999,2021-22,2022-03-11,HOU,DAL,-13.0,0,-0.423035076852579,-27.560975609756095,-0.49999999999999994
0022101038,2021-22,2022-03-16,HOU,PHX,-17.0,0,-1.0154804644677013,-64.63414634146342,-0.39999999999999997
0022101053,2021-22,2022-03-18,HOU,IND,-3.0,0,-0.6853213586243548,-41.78861788617886,-0.09999999999999998
0022101063,2021-22,2022-03-20,HOU,MEM,-24.0,0,-1.0776723962237333,-68.21138211382113,-0.49999999999999994
0022101077,2021-22,2022-03-21,HOU,WAS,18.0,1,-0.4730408966657057,-31.768292682926834,-0.09999999999999998
0022101128,2021-22,2022-03-28,HOU,SAS,-3.0,0,0.30188065926156105,21.66666666666667,-0.19999999999999996
0022101142,2021-22,2022-03-30,HOU,SAC,-3.0,0,-0.8724875731122705,-57.86585365853658,0.0
0022101154,2021-22,2022-04-01,HOU,SAC,-5.0,0,-0.6005134845895999,-38.983739837398375,-0.10000000000000003
0022101173,2021-22,2022-04-03,HOU,MIN,-7.0,0,-0.8595515025727479,-56.52439024390243,-0.3
0022101221,2021-22,2022-04-10,HOU,ATL,-16.0,0,-0.4629183176176942,-30.50813008130082,-0.39999999999999997
0022100081,2021-22,2021-10-30,IND,TOR,-3.0,0,-0.05917618486954568,-2.439024390243901,-0.33333333333333337
0022100095,2021-22,2021-11-01,IND,SAS,13.0,1,-0.9223821604987454,-60.508130081300806,-0.19047619047619047
0022100109,2021-22,2021-11-03,IND,NYK,13.0,1,-0.6068154849154114,-39.53252032520325,-0.4642857142857143
0022100186,2021-22,2021-11-13,IND,PHI,5.0,1,0.2671959103362648,18.495934959349583,-0.19999999999999996
0022100240,2021-22,2021-11-20,IND,NOP,17.0,1,-0.5206197135248093,-29.51219512195121,0.3
0022100268,2021-22,2021-11-24,IND,LAL,-8.0,0,-0.8131551696472226,-38.00813008130082,0.09999999999999998
0022100284,2021-22,2021-11-26,IND,TOR,17.0,1,-1.14056825079506,-69.61382113821138,0.2
0022100301,2021-22,2021-11-28,IND,MIL,-18.0,0,-1.0922054424868803,-67.1341463414634,-0.30000000000000004
0022100319,2021-22,2021-12-01,IND,ATL,-3.0,0,0.6283057201552166,44.674796747967484,-0.29999999999999993
0022100333,2021-22,2021-12-03,IND,MIA,-9.0,0,-0.6356685721762407,-42.82520325203251,-0.3
0022100355,2021-22,2021-12-06,IND,WAS,6.0,1,-1.4413293431197602,-80.26422764227642,-0.10000000000000003
0022100369,2021-22,2021-12-08,IND,NYK,20.0,1,-1.370635840757175,-82.27642276422763,0.0
0022100383,2021-22,2021-12-10,IND,DAL,13.0,1,-1.1198042790247684,-72.15447154471545,0.2
0022100405,2021-22,2021-12-13,IND,GSW,-2.0,0,-0.9932130294027187,-50.42682926829268,-0.19999999999999996
0022100428,2021-22,2021-12-16,IND,DET,9.0,1,0.8894087672516084,62.256097560975604,0.4
0022100476,2021-22,2021-12-23,IND,HOU,12.0,1,-1.2592916294003167,-64.6341463414634,0.0
0022100517,2021-22,2021-12-29,IND,CHA,-8.0,0,-0.18149363047759387,-5.8943089430894275,0.09999999999999998
0022100530,2021-22,2021-12-31,IND,CHI,-2.0,0,-0.8967230391490664,-57.4390243902439,-0.30000000000000004
0022100571,2021-22,2022-01-05,IND,BKN,-8.0,0,0.15256053171972186,11.46341463414634,-0.39999999999999997
0022100594,2021-22,2022-01-08,IND,UTA,12.0,1,-1.451711329004906,-86.4430894308943,-0.6000000000000001
0022100618,2021-22,2022-01-12,IND,BOS,-19.0,0,-0.3499261048686141,-24.878048780487802,-0.3
0022100634,2021-22,2022-01-14,IND,PHX,-18.0,0,-0.16350503319662113,-11.930894308943085,-0.39999999999999997
0022100723,2021-22,2022-01-26,IND,CHA,-32.0,0,-0.2028010507220505,-12.357723577235788,-0.39999999999999997
0022100760,2021-22,2022-01-31,IND,LAC,6.0,1,-1.1426841398856018,-31.869918699186996,-0.2
0022100773,2021-22,2022-02-02,IND,ORL,-1.0,0,-1.059728159456876,-66.15853658536585,0.0
0022100789,2021-22,2022-02-04,IND,CHI,-7.0,0,-0.9387801038284824,-61.077235772357724,-0.09999999999999998
0022100839,2021-22,2022-02-11,IND,CLE,-7.0,0,-0.3799932448075244,-22.764227642276424,-0.49999999999999994
0022100857,2021-22,2022-02-13,IND,MIN,-9.0,0,-1.2570311299028263,-78.04878048780488,-0.39999999999999997
0022100876,2021-22,2022-02-16,IND,WAS,5.0,1,0.24498776922441493,16.890243902439025,-0.09999999999999998
0022100897,2021-22,2022-02-25,IND,OKC,-4.0,0,-1.4917299588027428,-56.6260162601626,-0.09999999999999998
0022100914,2021-22,2022-02-27,IND,BOS,21.0,1,-1.1906950062523562,-65.58943089430893,-0.7
0022100976,2021-22,2022-03-08,IND,CLE,-3.0,0,0.027181775696871368,1.4634146341463463,-0.10000000000000003
0022101029,2021-22,2022-03-15,IND,MEM,-33.0,0,-0.5012973393093795,-30.203252032520325,-0.19999999999999996
0022101062,2021-22,2022-03-20,IND,POR,31.0,1,-0.46174985276207814,-29.146341463414636,0.30000000000000004
0022101086,2021-22,2022-03-23,IND,SAC,-1.0,0,-1.372002709243204,-76.8089430894309,0.2
0022101124,2021-22,2022-03-28,IND,ATL,-9.0,0,0.2432117672953004,15.162601626016261,-0.3
0022101137,2021-22,2022-03-30,IND,DEN,-7.0,0,-0.5756674303353826,-37.05284552845529,-0.2
0022101169,2021-22,2022-04-03,IND,DET,-4.0,0,-0.335902110074968,-22.68292682926829,-0.2
0022101178,2021-22,2022-04-05,IND,PHI,-9.0,0,-0.562630356164283,-36.11788617886178,-0.39999999999999997
0022100102,2021-22,2021-11-01,LAC,OKC,5.0,1,-0.7048941488106263,-47.418699186991866,0.033333333333333354
0022100146,2021-22,2021-11-07,LAC,CHA,14.0,1,0.14764393745837678,10.243902439024396,0.0
0022100157,2021-22,2021-11-09,LAC,POR,8.0,1,-0.2516932038668629,-15.467479674796746,0.05555555555555558
0022100173,2021-22,2021-11-11,LAC,MIA,3.0,1,-0.6330339220943435,-42.662601626016254,0.0
0022100191,2021-22,2021-11-13,LAC,MIN,27.0,1,-0.7531366190122635,-50.38617886178861,0.39999999999999997
0022100198,2021-22,2021-11-14,LAC,CHI,-10.0,0,-0.3339354164682914,-21.585365853658537,0.20000000000000007
0022100212,2021-22,2021-11-16,LAC,SAS,14.0,1,-0.24020539383584,-14.85772357723577,0.39999999999999997
0022100248,2021-22,2021-11-21,LAC,DAL,6.0,1,0.0008651302672163519,0.04065040650405649,0.09999999999999998
0022100266,2021-22,2021-11-23,LAC,DAL,-8.0,0,-0.4804107876716799,-30.406504065040647,0.19999999999999996
0022100280,2021-22,2021-11-26,LAC,DET,11.0,1,-1.6232640923996409,-87.82520325203251,0.3
0022100300,2021-22,2021-11-28,LAC,GSW,-15.0,0,-0.486558550890955,-28.333333333333336,-0.30000000000000004
0022100313,2021-22,2021-11-29,LAC,NOP,-19.0,0,-0.6752400640017104,-43.51626016260163,0.09999999999999998
0022100327,2021-22,2021-12-01,LAC,SAC,-9.0,0,-0.7584617048172411,-50.9959349593496,0.10000000000000003
0022100378,2021-22,2021-12-08,LAC,BOS,3.0,1,-0.3488202807227369,-23.638211382113816,-0.19999999999999996
0022100391,2021-22,2021-12-11,LAC,ORL,2.0,1,-0.8460439642304175,-41.28048780487805,0.4
0022100412,2021-22,2021-12-13,LAC,PHX,16.0,1,-0.18043733423415453,-5.081300813008129,-0.4
0022100463,2021-22,2021-12-20,LAC,SAS,-24.0,0,-0.3679770499641799,-22.235772357723576,0.0
0022100500,2021-22,2021-12-26,LAC,DEN,-3.0,0,-0.36046244010185735,-22.581300813008124,0.09999999999999998
0022100507,2021-22,2021-12-27,LAC,BKN,-16.0,0,0.26234384545543776,17.581300813008127,-0.19999999999999996
0022100561,2021-22,2022-01-03,LAC,MIN,-18.0,0,0.5396634917410984,27.4390243902439,-0.09999999999999998
0022100591,2021-22,2022-01-08,LAC,MEM,-15.0,0,-0.6632216201986529,-42.926829268292686,-0.39999999999999997
0022100597,2021-22,2022-01-09,LAC,ATL,13.0,1,-0.44789035016693624,-29.51219512195123,0.0
0022100616,2021-22,2022-01-11,LAC,DEN,2.0,1,-1.1007188504754353,-67.6219512195122,-0.19999999999999996
0022100659,2021-22,2022-01-17,LAC,IND,6.0,1,0.12516414141305154,8.00813008130082,0.30000000000000004
0022100786,2021-22,2022-02-03,LAC,LAL,1.0,1,0.45335676164973243,29.105691056910572,0.09999999999999998
0022100809,2021-22,2022-02-06,LAC,MIL,-24.0,0,-1.1899733948065339,-64.65447154471545,0.0
0022100866,2021-22,2022-02-14,LAC,GSW,15.0,1,0.3764263706517302,26.219512195121943,-0.30000000000000004
0022100888,2021-22,2022-02-17,LAC,HOU,31.0,1,-0.4032105141436494,-26.178861788617887,0.30000000000000004
0022100945,2021-22,2022-03-03,LAC,LAL,21.0,1,0.7832494028776087,49.91869918699187,0.3
0022100966,2021-22,2022-03-06,LAC,NYK,-23.0,0,-1.1959177987018559,-65.06097560975608,0.6
0022100992,2021-22,2022-03-09,LAC,WAS,6.0,1,-0.14464327578135114,-8.963414634146346,0.19999999999999996
0022101044,2021-22,2022-03-16,LAC,TOR,-3.0,0,0.4046731026213262,21.544715447154474,0.0
0022101106,2021-22,2022-03-25,LAC,PHI,-25.0,0,-0.366585121335137,-23.2520325203252,-0.3
0022101135,2021-22,2022-03-29,LAC,UTA,6.0,1,-2.3159737502921764,-96.46341463414633,-0.2
0022101177,2021-22,2022-04-03,LAC,NOP,19.0,1,0.7500247764694572,48.1910569105691,-0.39999999999999997
0022101195,2021-22,2022-04-06,LAC,PHX,4.0,1,-0.9919157770054703,-63.3130081300813,-0.4
0022101212,2021-22,2022-04-09,LAC,SAC,19.0,1,-0.48573587347665753,-12.256097560975611,0.0
0022101222,2021-22,2022-04-10,LAC,OKC,50.0,1,-0.31740566736387044,-15.894308943089435,0.09999999999999998
0022100077,2021-22,2021-10-29,LAL,CLE,12.0,1,0.5002053658858353,33.130081300813,-0.19999999999999996
0022100093,2021-22,2021-10-31,LAL,HOU,10.0,1,-0.5209055574221709,-34.2479674796748,0.3
0022100107,2021-22,2021-11-02,LAL,HOU,2.0,1,-0.010381985885145883,-6.95121951219512,0.40476190476190477
0022100123,2021-22,2021-11-04,LAL,OKC,-3.0,0,0.14224114853751774,8.922764227642277,0.48214285714285715
0022100154,2021-22,2021-11-08,LAL,CHA,3.0,1,-0.3488202807227369,-23.638211382113816,0.09999999999999998
0022100170,2021-22,2021-11-10,LAL,MIA,3.0,1,-0.8461983135785147,-55.48780487804878,-0.09999999999999998
0022100184,2021-22,2021-11-12,LAL,MIN,-24.0,0,-0.49694053677610084,-31.76829268292683,0.39999999999999997
0022100192,2021-22,2021-11-14,LAL,SAS,8.0,1,-0.7519080092557394,-50.18292682926828,0.3
0022100209,2021-22,2021-11-15,LAL,CHI,-18.0,0,-0.3603080907537599,-24.81707317073171,0.0
0022100291,2021-22,2021-11-26,LAL,SAC,-4.0,0,0.633175247772162,37.743902439024396,0.3
0022100304,2021-22,2021-11-28,LAL,DET,4.0,1,-0.3603080907537599,-23.536585365853657,0.10000000000000003
0022100341,2021-22,2021-12-03,LAL,LAC,-4.0,0,-0.2570187596504602,-18.82113821138211,0.2
0022100365,2021-22,2021-12-07,LAL,BOS,15.0,1,-1.2242712449446744,-52.47967479674797,-0.19999999999999996
0022100403,2021-22,2021-12-12,LAL,ORL,12.0,1,-0.012725859290588226,-1.2804878048780495,0.5
0022100469,2021-22,2021-12-21,LAL,PHX,-18.0,0,0.42732142672693296,29.71544715447154,-0.20000000000000007
0022100487,2021-22,2021-12-23,LAL,SAS,-28.0,0,-0.20768495633109632,-13.23170731707317,0.0
0022100491,2021-22,2021-12-25,LAL,BKN,-7.0,0,-0.3306040555606962,-21.19918699186992,-0.29999999999999993
0022100538,2021-22,2021-12-31,LAL,POR,33.0,1,0.5815837646807989,38.353658536585364,0.2
0022100551,2021-22,2022-01-02,LAL,MIN,5.0,1,-0.8278631984243742,-53.983739837398375,-0.09999999999999998
0022100566,2021-22,2022-01-04,LAL,SAC,8.0,1,-0.4857358734766575,-30.772357723577233,-0.09999999999999998
0022100589,2021-22,2022-01-07,LAL,ATL,16.0,1,-1.238872492488921,-67.98780487804878,0.0
0022100606,2021-22,2022-01-09,LAL,MEM,-8.0,0,-0.9725780410778118,-61.91056910569105,-0.30000000000000004
0022100665,2021-22,2022-01-17,LAL,UTA,6.0,1,-0.5129312251764236,-34.43089430894308,0.0
0022100680,2021-22,2022-01-19,LAL,IND,-7.0,0,-0.24020539383583994,-19.573170731707314,0.5
0022100781,2021-22,2022-02-02,LAL,POR,5.0,1,-0.4912781348743737,-17.52032520325203,-0.2
0022100799,2021-22,2022-02-05,LAL,NYK,7.0,1,-0.7902248215827419,-52.54065040650406,0.10000000000000003
0022100822,2021-22,2022-02-08,LAL,MIL,-15.0,0,-0.4032105141436494,-26.7479674796748,-0.29999999999999993
0022100884,2021-22,2022-02-16,LAL,UTA,5.0,1,-0.8438538868246969,-47.3170731707317,-0.3
0022100904,2021-22,2022-02-25,LAL,LAC,-3.0,0,-0.12010269691791997,-0.6504065040650406,-0.2
0022100919,2021-22,2022-02-27,LAL,NOP,-28.0,0,-0.8030892704433523,-39.41056910569105,-0.3
0022100931,2021-22,2022-03-01,LAL,DAL,-5.0,0,-0.9669693385626349,-61.5040650406504,-0.39999999999999997
0022100959,2021-22,2022-03-05,LAL,GSW,8.0,1,-1.2232930122964452,-71.28048780487804,-0.09999999999999998
0022101004,2021-22,2022-03-11,LAL,WAS,13.0,1,0.8929701139103827,53.00813008130081,-0.2
0022101028,2021-22,2022-03-14,LAL,TOR,-11.0,0,-0.6074191555853078,-32.11382113821139,-0.2
0022101093,2021-22,2022-03-23,LAL,PHI,-5.0,0,-0.16500283765546353,-3.67886178861788,-0.19999999999999996
0022101160,2021-22,2022-04-01,LAL,NOP,-3.0,0,0.2158619038037513,12.845528455284551,-0.39999999999999997
0022101168,2021-22,2022-04-03,LAL,DEN,-11.0,0,-0.7260956166605947,-47.78455284552845,-0.39999999999999997
0022101211,2021-22,2022-04-08,LAL,OKC,19.0,1,-0.1886815131107555,-10.569105691056919,-0.30000000000000004
0022100084,2021-22,2021-10-30,MEM,MIA,-26.0,0,-0.12048642556247124,-5.162601626016254,-0.20000000000000007
0022100100,2021-22,2021-11-01,MEM,DEN,9.0,1,-0.6009575175146125,-39.04471544715447,-0.16666666666666663
0022100114,2021-22,2021-11-03,MEM,DEN,2.0,1,-0.3603080907537599,-23.536585365853657,0.0
0022100149,2021-22,2021-11-08,MEM,MIN,7.0,1,0.16464618167521072,18.333333333333336,0.18055555555555558
0022100164,2021-22,2021-11-10,MEM,CHA,-10.0,0,-1.7152844671305627,-87.52032520325203,0.3
0022100178,2021-22,2021-11-12,MEM,PHX,-25.0,0,-0.9772779483399257,-62.4390243902439,-0.19999999999999996
0022100205,2021-22,2021-11-15,MEM,HOU,34.0,1,-0.39756225675245765,-26.890243902439025,0.4
0022100226,2021-22,2021-11-18,MEM,LAC,12.0,1,-1.2777761028487724,-81.15853658536585,-0.30000000000000004
0022100272,2021-22,2021-11-24,MEM,TOR,-13.0,0,-0.6337335249672602,-30.40650406504065,0.2
0022100285,2021-22,2021-11-26,MEM,ATL,-32.0,0,-0.5953793231070129,-38.4349593495935,-0.19999999999999996
0022100303,2021-22,2021-11-28,MEM,SAC,27.0,1,-1.1251529684261088,-68.84146341463415,0.10000000000000003
0022100330,2021-22,2021-12-02,MEM,OKC,73.0,1,-0.11671528124154085,-7.886178861788615,0.4
0022100373,2021-22,2021-12-08,MEM,DAL,-8.0,0,-0.06682005784076975,-3.3333333333333286,0.49999999999999994
0022100380,2021-22,2021-12-09,MEM,LAL,13.0,1,-0.5025010322169111,-34.02439024390244,0.09999999999999998
0022100395,2021-22,2021-12-11,MEM,HOU,7.0,1,-0.7784450198031416,-52.07317073170731,0.0
0022100409,2021-22,2021-12-13,MEM,PHI,35.0,1,-0.7746442977327173,-51.80894308943088,0.09999999999999998
0022100450,2021-22,2021-12-19,MEM,POR,-5.0,0,-0.11919337951457487,-5.081300813008127,0.7
0022100460,2021-22,2021-12-20,MEM,OKC,-3.0,0,0.04777221052599251,3.963414634146339,0.5
0022100520,2021-22,2021-12-29,MEM,LAL,5.0,1,-0.2711958732497499,-17.886178861788608,0.29999999999999993
0022100535,2021-22,2021-12-31,MEM,SAS,13.0,1,0.027272613102184762,7.215447154471548,0.09999999999999998
0022100579,2021-22,2022-01-06,MEM,DET,30.0,1,-0.6231441993084675,-33.17073170731709,0.39999999999999997
0022100614,2021-22,2022-01-11,MEM,GSW,8.0,1,-0.1679872183640062,-6.788617886178869,0.30000000000000004
0022100628,2021-22,2022-01-13,MEM,MIN,8.0,1,-0.8612935507223639,-56.80894308943088,0.5
0022100639,2021-22,2022-01-14,MEM,DAL,-27.0,0,-0.16795122061738924,-12.21544715447154,0.30000000000000004
0022100658,2021-22,2022-01-17,MEM,CHI,13.0,1,-1.4142336863989047,-85.91463414634147,0.30000000000000004
0022100740,2021-22,2022-01-28,MEM,UTA,10.0,1,-0.6216383999155523,-39.30894308943089,0.49999999999999994
0022100749,2021-22,2022-01-29,MEM,WAS,20.0,1,0.009671371442038168,1.9308943089430883,0.29999999999999993
0022100818,2021-22,2022-02-08,MEM,LAC,26.0,1,-0.6474113933950634,-41.40243902439024,0.19999999999999996
0022100879,2021-22,2022-02-16,MEM,POR,-4.0,0,0.2941531061152175,21.016260162601625,0.5
0022100923,2021-22,2022-02-28,MEM,SAS,13.0,1,-1.279626485447748,-64.22764227642276,0.19999999999999996
0022100957,2021-22,2022-03-05,MEM,ORL,28.0,1,-0.6820631587196588,-40.447154471544714,0.29999999999999993
0022100978,2021-22,2022-03-08,MEM,NOP,21.0,1,-0.4634648832922817,-29.837398373983746,0.09999999999999998
0022101000,2021-22,2022-03-11,MEM,NYK,4.0,1,-1.3278235357706922,-82.2560975609756,0.3
0022101089,2021-22,2022-03-23,MEM,BKN,12.0,1,-0.6672979086374462,-43.861788617886184,0.09999999999999998
0022101096,2021-22,2022-03-24,MEM,IND,30.0,1,-0.6865804389553374,-44.207317073170735,0.29999999999999993
0022101112,2021-22,2022-03-26,MEM,MIL,25.0,1,-0.23935279135813012,-14.654471544715445,0.0
0022101129,2021-22,2022-03-28,MEM,GSW,28.0,1,-1.7485637261527809,-76.28048780487805,0.30000000000000004
0022101155,2021-22,2022-04-01,MEM,PHX,8.0,1,-0.588040152650328,-38.45528455284552,0.0
0022101213,2021-22,2022-04-09,MEM,NOP,27.0,1,-0.12193288691821823,-7.032520325203258,0.0
0022101223,2021-22,2022-04-10,MEM,BOS,-29.0,0,0.06589347748719718,4.695121951219505,0.10000000000000009
0022100121,2021-22,2021-11-04,MIA,BOS,-17.0,0,-0.18962077186560466,-11.849593495934947,0.4821428571428571
0022100134,2021-22,2021-11-06,MIA,UTA,3.0,1,-0.8233214943020476,-50.6910569105691,-0.125
0022100217,2021-22,2021-11-17,MIA,NOP,15.0,1,0.010757543385141427,1.0365853658536537,0.5
0022100225,2021-22,2021-11-18,MIA,WAS,15.0,1,-0.5973802992602522,-39.81707317073171,-0.09999999999999998
0022100306,2021-22,2021-11-29,MIA,DEN,-9.0,0,0.12690965994761233,9.59349593495935,0.19999999999999996
0022100323,2021-22,2021-12-01,MIA,CLE,-26.0,0,-0.8610987620862405,-54.95934959349593,0.19999999999999996
0022100356,2021-22,2021-12-06,MIA,MEM,-15.0,0,-0.233329701202125,-14.837398373983746,-0.19999999999999996
0022100370,2021-22,2021-12-08,MIA,MIL,9.0,1,-0.7478717578020354,-49.857723577235774,-0.5
0022100394,2021-22,2021-12-11,MIA,CHI,26.0,1,-0.6235674726039706,-29.41056910569106,-0.19999999999999996
0022100465,2021-22,2021-12-21,MIA,IND,29.0,1,0.38856332215834255,32.5609756097561,0.09999999999999998
0022100479,2021-22,2021-12-23,MIA,DET,3.0,1,-0.6237761736315273,-41.443089430894304,0.5
0022100493,2021-22,2021-12-26,MIA,ORL,10.0,1,-0.41768561185750164,-11.321138211382113,0.39999999999999997
0022100509,2021-22,2021-12-28,MIA,WAS,7.0,1,-0.49507036496030743,-28.65853658536585,0.39999999999999997
0022100636,2021-22,2022-01-14,MIA,ATL,6.0,1,-0.12010269691791994,-4.756097560975611,0.5
0022100645,2021-22,2022-01-15,MIA,PHI,-11.0,0,-0.729801641942339,-44.06504065040651,0.0
0022100662,2021-22,2022-01-17,MIA,TOR,5.0,1,-0.9880771516378752,-63.67886178861788,0.0
0022100672,2021-22,2022-01-19,MIA,POR,12.0,1,-0.7779937026112614,-52.01219512195121,0.19999999999999996
0022100700,2021-22,2022-01-23,MIA,LAL,6.0,1,-0.18449561625990793,-12.5,0.0
0022100727,2021-22,2022-01-26,MIA,NYK,14.0,1,-1.1261167118952482,-60.58943089430894,0.19999999999999996
0022100738,2021-22,2022-01-28,MIA,LAC,7.0,1,-1.2480225043977953,-78.00813008130082,0.20000000000000007
0022100748,2021-22,2022-01-29,MIA,TOR,-4.0,0,-0.31923236212785266,-20.10162601626017,0.4
0022100851,2021-22,2022-02-12,MIA,BKN,4.0,1,-0.24759335568012117,-16.44308943089431,0.7
0022100868,2021-22,2022-02-15,MIA,DAL,-8.0,0,-0.7409960651683206,-33.800813008130085,0.09999999999999998
0022100908,2021-22,2022-02-26,MIA,SAS,4.0,1,-0.83211576667214,-52.72357723577235,0.19999999999999996
0022100922,2021-22,2022-02-28,MIA,CHI,13.0,1,-0.7445813278910999,-46.666666666666664,0.10000000000000009
0022100956,2021-22,2022-03-05,MIA,PHI,17.0,1,-0.3893233505500718,-26.05691056910569,0.0
0022100970,2021-22,2022-03-07,MIA,HOU,17.0,1,-1.2364102457086734,-71.60569105691056,0.7000000000000001
0022100983,2021-22,2022-03-09,MIA,PHX,-21.0,0,-0.9306168370339252,-60.79268292682926,0.10000000000000009
0022100998,2021-22,2022-03-11,MIA,CLE,12.0,1,-0.11794149744666921,-9.939024390243905,0.29999999999999993
0022101005,2021-22,2022-03-12,MIA,MIN,-9.0,0,-0.5377883087754215,-35.24390243902439,0.10000000000000009
0022101031,2021-22,2022-03-15,MIA,DET,7.0,1,-0.7792306509455953,-49.53252032520326,0.19999999999999996
0022101052,2021-22,2022-03-18,MIA,OKC,12.0,1,-1.3651645524544136,-76.23983739837398,0.49999999999999994
0022101088,2021-22,2022-03-23,MIA,GSW,-14.0,0,-0.4306386030422802,-25.65040650406504,0.19999999999999996
0022101103,2021-22,2022-03-25,MIA,NYK,-8.0,0,-0.8272037072109463,-51.17886178861789,0.0
0022101111,2021-22,2022-03-26,MIA,BKN,-15.0,0,-0.07343751938890435,-4.491869918699187,-0.09999999999999998
0022101125,2021-22,2022-03-28,MIA,SAC,23.0,1,-0.4280675977426474,-27.70325203252033,0.10000000000000003
0022101181,2021-22,2022-04-05,MIA,CHA,29.0,1,0.15217193739911608,11.544715447154474,-0.09999999999999998
0022101207,2021-22,2022-04-08,MIA,ATL,4.0,1,-0.7461212207740171,-46.239837398373986,-0.09999999999999998
0022100085,2021-22,2021-10-30,MIL,SAS,-9.0,0,-0.919715801745208,-46.32113821138211,0.39999999999999997
0022100091,2021-22,2021-10-31,MIL,UTA,-12.0,0,-0.6152929088493626,-41.56504065040651,-0.30000000000000004
0022100128,2021-22,2021-11-05,MIL,NYK,-15.0,0,-0.5083069229637319,-33.00813008130081,-0.125
0022100219,2021-22,2021-11-17,MIL,LAL,7.0,1,-0.9815297242606065,-57.60162601626017,-0.3
0022100234,2021-22,2021-11-19,MIL,OKC,7.0,1,-0.7129482326988156,-43.130081300813,-0.19999999999999996
0022100244,2021-22,2021-11-20,MIL,ORL,9.0,1,-1.191589523227907,-56.84959349593496,0.2
0022100258,2021-22,2021-11-22,MIL,ORL,31.0,1,-0.6005134845895999,-38.983739837398375,0.3
0022100273,2021-22,2021-11-24,MIL,DET,21.0,1,-0.9407379373889289,-61.15853658536585,0.3
0022100324,2021-22,2021-12-01,MIL,CHA,2.0,1,-0.5745570412229066,-33.4349593495935,0.10000000000000009
0022100344,2021-22,2021-12-04,MIL,MIA,22.0,1,-0.41374441129319217,-22.520325203252042,0.20000000000000007
0022100358,2021-22,2021-12-06,MIL,CLE,8.0,1,-0.9523984061379382,-61.5650406504065,0.5
0022100421,2021-22,2021-12-15,MIL,IND,15.0,1,0.2879276779622783,19.491869918699173,0.29999999999999993
0022100446,2021-22,2021-12-18,MIL,CLE,-29.0,0,0.8187184509125659,51.86991869918699,-0.20000000000000007
0022100473,2021-22,2021-12-22,MIL,HOU,20.0,1,-1.1178421481406402,-59.91869918699187,0.0
0022100489,2021-22,2021-12-25,MIL,BOS,4.0,1,-0.16208436285578992,-9.430894308943088,0.19999999999999996
0022100539,2021-22,2022-01-01,MIL,NOP,23.0,1,0.3770745326517704,21.382113821138205,0.09999999999999998
0022100556,2021-22,2022-01-03,MIL,DET,-9.0,0,-0.43818869809765126,-28.10975609756097,0.49999999999999994
0022100573,2021-22,2022-01-05,MIL,TOR,-6.0,0,-1.0353004490594686,-65.58943089430893,0.09999999999999998
0022100627,2021-22,2022-01-13,MIL,GSW,19.0,1,-0.1025269448601161,-7.032520325203251,0.0
0022100641,2021-22,2022-01-15,MIL,TOR,-7.0,0,-1.290664042257543,-78.8211382113821,0.0
0022100674,2021-22,2022-01-19,MIL,MEM,12.0,1,0.06122365456500761,3.617886178861788,-0.5
0022100690,2021-22,2022-01-21,MIL,CHI,4.0,1,-0.37508751501352267,-24.85772357723577,-0.09999999999999998
0022100696,2021-22,2022-01-22,MIL,SAC,6.0,1,-0.33827497841942145,-22.25609756097561,0.10000000000000003
0022100744,2021-22,2022-01-28,MIL,NYK,15.0,1,-0.7748222512380966,-46.70731707317073,0.09999999999999998
0022100756,2021-22,2022-01-30,MIL,DEN,-36.0,0,-1.2035267427497391,-75.28455284552845,-0.19999999999999996
0022100768,2021-22,2022-02-01,MIL,WAS,14.0,1,0.0785849786416627,7.825203252032521,0.09999999999999998
0022100862,2021-22,2022-02-14,MIL,POR,-15.0,0,-0.9756871431129113,-57.398373983739845,0.39999999999999997
0022100870,2021-22,2022-02-15,MIL,IND,9.0,1,-0.39066197249507006,-20.365853658536594,0.39999999999999997
0022100887,2021-22,2022-02-17,MIL,PHI,-3.0,0,-1.0569102213231996,-66.5040650406504,0.0
0022100910,2021-22,2022-02-26,MIL,BKN,-3.0,0,-1.3338306717654247,-46.666666666666664,0.39999999999999997
0022100924,2021-22,2022-02-28,MIL,CHA,24.0,1,-1.2168150833392803,-68.23170731707317,0.3
0022100936,2021-22,2022-03-02,MIL,MIA,1.0,1,-1.0941867352816914,-69.8780487804878,-0.30000000000000004
0022100961,2021-22,2022-03-06,MIL,PHX,10.0,1,-0.27026749240410647,-18.800813008130085,-0.20000000000000007
0022100984,2021-22,2022-03-09,MIL,ATL,9.0,1,-0.2724695407134001,-17.235772357723576,0.09999999999999998
0022101082,2021-22,2022-03-22,MIL,CHI,28.0,1,-0.8334663360241589,-53.49593495934958,0.5
0022101097,2021-22,2022-03-24,MIL,WAS,12.0,1,-0.6849651530602118,-41.74796747967479,0.6000000000000001
0022101156,2021-22,2022-04-01,MIL,LAC,-34.0,0,0.44581193157547866,28.048780487804876,0.39999999999999997
0022101167,2021-22,2022-04-03,MIL,DAL,-6.0,0,-1.0609420698858614,-66.23983739837398,0.0
0022101198,2021-22,2022-04-07,MIL,BOS,6.0,1,-0.5129312251764235,-35.873983739837406,-0.20000000000000007
0022100101,2021-22,2021-11-01,MIN,ORL,-18.0,0,-1.2180642855885897,-76.3821138211382,0.45714285714285713
0022100115,2021-22,2021-11-03,MIN,LAC,-11.0,0,-1.1076742761741225,-71.05691056910568,0.16666666666666669
0022100129,2021-22,2021-11-05,MIN,LAC,-20.0,0,-0.010381985885145883,-6.95121951219512,0.0
0022100206,2021-22,2021-11-15,MIN,PHX,-3.0,0,-0.17640882973445238,-6.361788617886191,-0.6000000000000001
0022100220,2021-22,2021-11-17,MIN,SAC,10.0,1,-0.8785201666051216,-58.516260162601625,-0.2
0022100227,2021-22,2021-11-18,MIN,SAS,25.0,1,-0.8453304307186847,-40.792682926829265,-0.09999999999999998
0022100245,2021-22,2021-11-20,MIN,MEM,43.0,1,-0.3562496044786092,-22.906504065040647,-0.2
0022100274,2021-22,2021-11-24,MIN,MIA,12.0,1,-0.7196343703377666,-36.991869918699194,-0.09999999999999998
0022100309,2021-22,2021-11-29,MIN,IND,2.0,1,-0.23020753631289442,-12.886178861788622,0.19999999999999996
0022100359,2021-22,2021-12-06,MIN,ATL,-11.0,0,-0.7372418869097166,-48.61788617886178,0.0
0022100374,2021-22,2021-12-08,MIN,UTA,-32.0,0,-0.59312714648182,-36.422764227642276,-0.20000000000000007
0022100387,2021-22,2021-12-10,MIN,CLE,-17.0,0,-0.9755736888551776,-62.195121951219505,0.0
0022100436,2021-22,2021-12-17,MIN,LAL,18.0,1,-0.09094494952795808,-5.1626016260162615,-0.29999999999999993
0022100455,2021-22,2021-12-19,MIN,DAL,6.0,1,-0.295216066620305,-20.975609756097562,0.09999999999999998
0022100503,2021-22,2021-12-27,MIN,BOS,5.0,1,-0.2558420083302688,-14.512195121951223,0.0
0022100512,2021-22,2021-12-28,MIN,NYK,-8.0,0,-0.34318265673795956,-18.231707317073173,0.09999999999999998
0022100574,2021-22,2022-01-05,MIN,OKC,8.0,1,1.0097548386384365,70.71138211382113,0.0
0022100652,2021-22,2022-01-16,MIN,GSW,20.0,1,-0.8877077881490012,-63.333333333333336,0.0
0022100706,2021-22,2022-01-23,MIN,BKN,11.0,1,-0.7912470362499695,-50.28455284552846,0.0
0022100757,2021-22,2022-01-30,MIN,UTA,20.0,1,-0.07808672094711139,-4.430894308943095,0.3
0022100770,2021-22,2022-02-01,MIN,DEN,15.0,1,-0.9581191536698708,-61.97154471544715,-0.30000000000000004
0022100803,2021-22,2022-02-06,MIN,DET,13.0,1,-0.6226519362091977,-39.51219512195122,0.49999999999999994
0022100871,2021-22,2022-02-15,MIN,CHA,6.0,1,0.12834174494640457,8.943089430894304,0.3
0022100880,2021-22,2022-02-16,MIN,TOR,-12.0,0,-0.5088119011359692,-34.369918699187004,-0.10000000000000009
0022100892,2021-22,2022-02-24,MIN,MEM,5.0,1,-0.5860730124293032,-5.081300813008131,-0.10000000000000009
0022100901,2021-22,2022-02-25,MIN,PHI,-31.0,0,-0.2305911953426628,-17.621951219512194,0.09999999999999998
0022100930,2021-22,2022-03-01,MIN,GSW,15.0,1,-0.023328619970801878,-0.6910569105691025,0.09999999999999998
0022100958,2021-22,2022-03-05,MIN,POR,14.0,1,0.26724397138703304,18.536585365853647,0.19999999999999996
0022100971,2021-22,2022-03-07,MIN,POR,43.0,1,-0.13048468280306585,-10.569105691056908,0.29999999999999993
0022100986,2021-22,2022-03-09,MIN,OKC,30.0,1,-0.7530918112496272,-50.30487804878048,0.5
0022101039,2021-22,2022-03-16,MIN,LAL,20.0,1,-0.6888546720986406,-40.81300813008129,0.6000000000000001
0022101058,2021-22,2022-03-19,MIN,MIL,19.0,1,-1.5064311085952624,-84.04471544715446,0.09999999999999998
0022101090,2021-22,2022-03-23,MIN,PHX,-9.0,0,-0.5456606823758703,-37.64227642276423,0.0
0022101104,2021-22,2022-03-25,MIN,DAL,21.0,1,-0.5679418979608886,-36.6869918699187,0.0
0022101184,2021-22,2022-04-05,MIN,WAS,-18.0,0,-0.4853193329787181,-30.65040650406504,0.09999999999999998
0022101199,2021-22,2022-04-07,MIN,SAS,6.0,1,-0.8373050391866905,-54.89837398373983,-0.30000000000000004
0022101224,2021-22,2022-04-10,MIN,CHI,-4.0,0,-0.9933700129066245,-50.467479674796756,0.2
0022100080,2021-22,2021-10-30,NOP,NYK,-6.0,0,-0.3372257779933161,-22.134146341463413,-0.6333333333333334
0022100165,2021-22,2021-11-10,NOP,OKC,-8.0,0,0.13914951816774185,16.78861788617887,-0.2333333333333333
0022100179,2021-22,2021-11-12,NOP,BKN,-8.0,0,-1.4135939247072806,-83.0081300813008,-0.6
0022100188,2021-22,2021-11-13,NOP,MEM,11.0,1,-0.44649746776957333,-29.329268292682933,-0.30000000000000004
0022100235,2021-22,2021-11-19,NOP,LAC,13.0,1,-0.47425148487360436,-28.048780487804876,-0.7000000000000001
0022100259,2021-22,2021-11-22,NOP,MIN,-14.0,0,0.09646447417959306,6.382113821138198,-0.2
0022100275,2021-22,2021-11-24,NOP,WAS,25.0,1,-0.7338261180737164,-48.475609756097555,-0.39999999999999997
0022100325,2021-22,2021-12-01,NOP,DAL,-32.0,0,0.6508602996687315,44.43089430894309,0.09999999999999998
0022100375,2021-22,2021-12-08,NOP,DEN,-6.0,0,-0.9229509157611374,-58.53658536585367,0.3
0022100388,2021-22,2021-12-10,NOP,DET,16.0,1,-0.7324773967876907,-45.65040650406504,0.4
0022100438,2021-22,2021-12-17,NOP,MIL,4.0,1,-0.37355057172224365,-21.402439024390247,-0.19999999999999996
0022100467,2021-22,2021-12-21,NOP,POR,14.0,1,-1.0691494039787712,-55.71138211382114,0.2
0022100513,2021-22,2021-12-28,NOP,CLE,4.0,1,-0.3809528642284379,-22.174796747967477,-0.09999999999999998
0022100557,2021-22,2022-01-03,NOP,UTA,-11.0,0,-0.6095809164740061,-39.1869918699187,-0.09999999999999998
0022100565,2021-22,2022-01-04,NOP,PHX,-13.0,0,-0.9107732276440944,-54.12601626016261,-0.09999999999999998
0022100580,2021-22,2022-01-06,NOP,GSW,5.0,1,-0.8501289246226418,-55.83333333333333,-0.19999999999999996
0022100615,2021-22,2022-01-11,NOP,MIN,3.0,1,-0.28912381355183203,-19.0650406504065,0.0
0022100629,2021-22,2022-01-13,NOP,LAC,24.0,1,-1.2282633929507896,-77.03252032520325,0.09999999999999998
0022100712,2021-22,2022-01-24,NOP,IND,4.0,1,-1.3387388506257398,-79.59349593495935,0.10000000000000003
0022100729,2021-22,2022-01-28,NOP,DEN,-11.0,0,-0.8666135245398705,-53.33333333333333,-0.19999999999999996
0022100745,2021-22,2022-01-29,NOP,BOS,-10.0,0,-0.8118137294133116,-48.92276422764228,-0.09999999999999998
0022100819,2021-22,2022-02-08,NOP,HOU,13.0,1,-0.3499261048686141,-19.451219512195127,0.2
0022100833,2021-22,2022-02-10,NOP,MIA,-15.0,0,-0.8317903633720386,-54.36991869918698,0.0
0022100848,2021-22,2022-02-12,NOP,SAS,-10.0,0,-0.974818849721121,-62.74390243902438,0.09999999999999998
0022100863,2021-22,2022-02-14,NOP,TOR,30.0,1,-0.7411449977376479,-49.1260162601626,-0.4
0022100872,2021-22,2022-02-15,NOP,MEM,-12.0,0,-0.17840058040212267,-11.03658536585366,-0.30000000000000004
0022100886,2021-22,2022-02-17,NOP,DAL,-7.0,0,-0.6052799049903126,-39.329268292682926,-0.19999999999999996
0022100937,2021-22,2022-03-02,NOP,SAC,30.0,1,-0.3351913576640021,-21.666666666666664,0.19999999999999996
0022100950,2021-22,2022-03-04,NOP,UTA,34.0,1,-0.6803427064208658,-41.46341463414634,-0.30000000000000004
0022100987,2021-22,2022-03-09,NOP,ORL,-6.0,0,-0.3769649582332534,-24.085365853658544,0.2
0022101001,2021-22,2022-03-11,NOP,CHA,-22.0,0,-0.713470257198144,-46.849593495934954,0.2
0022101017,2021-22,2022-03-13,NOP,HOU,25.0,1,-0.44013731258502586,-28.252032520325205,0.2
0022101032,2021-22,2022-03-15,NOP,PHX,-16.0,0,-0.9860749596733214,-63.39430894308941,-0.09999999999999998
0022101098,2021-22,2022-03-24,NOP,CHI,17.0,1,-0.2938594474509691,-19.959349593495944,0.10000000000000003
0022101107,2021-22,2022-03-26,NOP,SAS,-4.0,0,-0.7468457886451882,-49.65447154471545,-0.09999999999999998
0022101119,2021-22,2022-03-27,NOP,LAL,8.0,1,-0.22316491436823416,-13.800813008130085,0.10000000000000003
0022101200,2021-22,2022-04-07,NOP,POR,33.0,1,0.05331996716201215,4.837398373983746,0.6
0022101225,2021-22,2022-04-10,NOP,GSW,-21.0,0,-0.027701445669995023,-3.0691056910569046,0.09999999999999998
0022100099,2021-22,2021-11-01,NYK,TOR,-9.0,0,0.034464630326620144,3.821138211382106,0.261904761904762
0022100140,2021-22,2021-11-07,NYK,CLE,-17.0,0,0.03559766236544437,2.642276422764226,0.06666666666666665
0022100161,2021-22,2021-11-10,NYK,MIL,-12.0,0,-0.6330339220943435,-43.73983739837399,0.19999999999999996
0022100203,2021-22,2021-11-15,NYK,IND,8.0,1,-0.6323570700917153,-39.430894308943095,0.0
0022100218,2021-22,2021-11-17,NYK,ORL,-6.0,0,-0.604286812428761,-37.418699186991866,0.3
0022100239,2021-22,2021-11-20,NYK,HOU,7.0,1,-1.2200841199276262,-66.28048780487805,0.4
0022100264,2021-22,2021-11-23,NYK,LAL,6.0,1,-0.2236804463650254,-15.081300813008127,0.0
0022100282,2021-22,2021-11-26,NYK,PHX,-21.0,0,-0.9655017318276463,-61.84959349593497,-0.5
0022100328,2021-22,2021-12-02,NYK,CHI,-4.0,0,-0.33453056182853796,-18.922764227642283,-0.19999999999999996
0022100342,2021-22,2021-12-04,NYK,DEN,-14.0,0,-0.4634766289565174,-27.113821138211378,0.10000000000000003
0022100398,2021-22,2021-12-12,NYK,MIL,-15.0,0,-0.6700393892434572,-43.31300813008131,-0.5
0022100414,2021-22,2021-12-14,NYK,GSW,-9.0,0,-0.9894765678228883,-63.80081300813008,-0.39999999999999997
0022100466,2021-22,2021-12-21,NYK,DET,14.0,1,-0.6682070981560181,-39.227642276422756,0.1
0022100480,2021-22,2021-12-23,NYK,WAS,-7.0,0,-0.3958285523478567,-24.59349593495935,0.0
0022100488,2021-22,2021-12-25,NYK,ATL,14.0,1,-0.4932649328012476,-28.577235772357717,-0.10000000000000003
0022100564,2021-22,2022-01-04,NYK,IND,10.0,1,-0.2489388935053844,-16.117886178861788,0.2
0022100578,2021-22,2022-01-06,NYK,BOS,3.0,1,-0.6887312834837229,-45.548780487804876,0.19999999999999996
0022100610,2021-22,2022-01-10,NYK,SAS,15.0,1,-1.158399924718991,-54.552845528455286,0.19999999999999996
0022100622,2021-22,2022-01-12,NYK,DAL,23.0,1,-0.2492841630338257,-15.345528455284555,-0.09999999999999998
0022100655,2021-22,2022-01-17,NYK,CHA,-10.0,0,0.16996704116955763,18.089430894308947,0.0
0022100666,2021-22,2022-01-18,NYK,MIN,-2.0,0,-0.23389448122710846,-15.548780487804883,0.09999999999999998
0022100681,2021-22,2022-01-20,NYK,NOP,-11.0,0,-0.15366160668770146,-11.686991869918696,0.09999999999999998
0022100698,2021-22,2022-01-23,NYK,LAC,8.0,1,-0.8860934610597512,-56.60569105691057,0.09999999999999998
0022100763,2021-22,2022-01-31,NYK,SAC,20.0,1,-0.7565848965812425,-47.03252032520326,0.2
0022100776,2021-22,2022-02-02,NYK,MEM,-12.0,0,-0.7230883407519417,-44.0650406504065,-0.19999999999999996
0022100860,2021-22,2022-02-14,NYK,OKC,-4.0,0,0.17577151798252033,7.439024390243915,-0.09999999999999998
0022100877,2021-22,2022-02-16,NYK,BKN,-5.0,0,-0.23113725914541255,-14.41056910569105,0.1
0022100900,2021-22,2022-02-25,NYK,MIA,-15.0,0,-0.6287865637187945,-5.16260162601626,-0.39999999999999997
0022100912,2021-22,2022-02-27,NYK,PHI,-16.0,0,-0.9766491143542262,-51.52439024390243,-0.39999999999999997
0022101037,2021-22,2022-03-16,NYK,POR,30.0,1,-0.7659780815418521,-41.890243902439025,0.0
0022101050,2021-22,2022-03-18,NYK,WAS,3.0,1,-0.6477904119181488,-39.796747967479675,0.2
0022101067,2021-22,2022-03-20,NYK,UTA,-15.0,0,-1.2366854678739876,-77.72357723577235,-0.09999999999999998
0022101081,2021-22,2022-03-22,NYK,ATL,-6.0,0,-0.48418411551084106,-30.670731707317078,-0.09999999999999998
0022101126,2021-22,2022-03-28,NYK,CHI,5.0,1,0.031128559058334726,1.9512195121951095,0.19999999999999996
0022101140,2021-22,2022-03-30,NYK,CHA,-11.0,0,-0.46684020876394705,-29.69512195121951,-0.09999999999999998
0022101162,2021-22,2022-04-02,NYK,CLE,-18.0,0,-0.8770126437693446,-55.42682926829268,0.19999999999999996
0022101191,2021-22,2022-04-06,NYK,BKN,-12.0,0,-0.6305179602339327,-41.626016260162594,0.09999999999999998
0022101226,2021-22,2022-04-10,NYK,TOR,11.0,1,-0.37579610788283785,-20.12195121951219,-0.20000000000000007
0022100144,2021-22,2021-11-07,OKC,SAS,5.0,1,-0.5262877689554974,-30.975609756097562,-0.08333333333333331
0022100180,2021-22,2021-11-12,OKC,SAC,2.0,1,-0.3286634348379178,-22.601626016260163,0.0
0022100196,2021-22,2021-11-14,OKC,BKN,-24.0,0,-1.531588849173644,-85.36585365853658,-0.30000000000000004
0022100207,2021-22,2021-11-15,OKC,MIA,-13.0,0,-0.9356874066200924,-52.987804878048784,-0.09999999999999998
0022100221,2021-22,2021-11-17,OKC,HOU,12.0,1,-0.7508696774984649,-50.101626016260155,0.5
0022100276,2021-22,2021-11-24,OKC,UTA,-6.0,0,-0.09812498232902264,-5.894308943089442,0.0
0022100286,2021-22,2021-11-26,OKC,WAS,-2.0,0,-0.8213546535512702,-53.63821138211381,-0.19999999999999996
0022100326,2021-22,2021-12-01,OKC,HOU,-4.0,0,-0.12010269691791997,-7.743902439024396,-0.09999999999999998
0022100389,2021-22,2021-12-10,OKC,LAL,-21.0,0,-0.22084845384070204,-15.772357723577237,-0.3
0022100400,2021-22,2021-12-12,OKC,DAL,-19.0,0,-1.0493524986211644,-65.83333333333333,-0.09999999999999998
0022100422,2021-22,2021-12-15,OKC,NOP,-3.0,0,-0.679989286602654,-31.5650406504065,-0.3
0022100444,2021-22,2021-12-18,OKC,LAC,1.0,1,-0.8481051472069163,-41.40243902439025,-0.3
0022100474,2021-22,2021-12-22,OKC,DEN,14.0,1,0.19248413769473285,10.691056910569106,-0.19999999999999996
0022100497,2021-22,2021-12-26,OKC,NOP,5.0,1,-0.2106982555882952,-13.617886178861788,-0.09999999999999998
0022100536,2021-22,2021-12-31,OKC,NYK,15.0,1,-0.45706074063137136,-24.83739837398373,-0.09999999999999998
0022100550,2021-22,2022-01-02,OKC,DAL,-9.0,0,-1.6910086818568884,-75.91463414634146,0.0
0022100587,2021-22,2022-01-07,OKC,MIN,-30.0,0,-0.34992610486861403,-22.926829268292686,0.0
0022100601,2021-22,2022-01-09,OKC,DEN,-4.0,0,-0.930450096291944,-58.780487804878035,-0.09999999999999998
0022100646,2021-22,2022-01-15,OKC,CLE,-5.0,0,-0.8100244098658524,-19.715447154471548,-0.2
0022100730,2021-22,2022-01-24,OKC,CHI,-1.0,0,-0.7443664476395249,-27.5609756097561,-0.19999999999999998
0022100741,2021-22,2022-01-28,OKC,IND,-3.0,0,-1.3116963440766023,-72.21544715447153,-0.19999999999999998
0022100765,2021-22,2022-01-31,OKC,POR,17.0,1,-2.071108463134512,-94.22764227642277,-0.4
0022100813,2021-22,2022-02-07,OKC,GSW,-12.0,0,0.37751069079545424,20.24390243902438,-0.6000000000000001
0022100827,2021-22,2022-02-09,OKC,TOR,-19.0,0,-0.9382750633140218,-60.99593495934958,-0.5
0022100881,2021-22,2022-02-16,OKC,SAS,-8.0,0,-0.22347699033054103,-10.60975609756099,0.0
0022100893,2021-22,2022-02-24,OKC,PHX,-20.0,0,-0.748591154150723,-12.195121951219512,-0.5
0022100925,2021-22,2022-02-28,OKC,SAC,-21.0,0,-0.40441080873234897,-25.16260162601626,-0.10000000000000003
0022100951,2021-22,2022-03-04,OKC,MIN,-37.0,0,0.30211208287222086,14.471544715447152,-0.3
0022100965,2021-22,2022-03-06,OKC,UTA,-13.0,0,-0.8317366394364161,-54.329268292682926,-0.5
0022100979,2021-22,2022-03-08,OKC,MIL,-27.0,0,-0.5946060041898162,-38.1910569105691,-0.3
0022101018,2021-22,2022-03-13,OKC,MEM,-7.0,0,-0.47245776894735586,-34.26829268292683,-0.3
0022101023,2021-22,2022-03-14,OKC,CHA,-18.0,0,-0.27590299087010306,-17.825203252032523,-0.2
0022101078,2021-22,2022-03-21,OKC,BOS,-9.0,0,-0.23213005215905747,-5.3658536585365795,-0.7000000000000001
0022101091,2021-22,2022-03-23,OKC,ORL,16.0,1,-1.2216332551944558,-71.19918699186991,-0.5
0022101143,2021-22,2022-03-30,OKC,ATL,-18.0,0,0.16287515748875997,10.894308943089442,-0.49999999999999994
0022101157,2021-22,2022-04-01,OKC,DET,-9.0,0,-1.118069635368918,-68.43495934959348,-0.09999999999999998
0022101174,2021-22,2022-04-03,OKC,PHX,21.0,1,-0.6411489664656908,-43.516260162601625,-0.7
0022101185,2021-22,2022-04-05,OKC,POR,4.0,1,-0.800091983520574,-52.78455284552845,0.19999999999999998
0022100110,2021-22,2021-11-03,ORL,BOS,-13.0,0,0.33941262048798493,22.398373983739837,-0.0357142857142857
0022100125,2021-22,2021-11-05,ORL,SAS,-13.0,0,-0.737202496219596,-48.922764227642276,-0.02777777777777779
0022100141,2021-22,2021-11-07,ORL,UTA,7.0,1,-0.9481532023393602,-61.40243902439023,-0.5777777777777777
0022100159,2021-22,2021-11-10,ORL,BKN,-33.0,0,-1.5977964769789592,-86.52439024390243,-0.39999999999999997
0022100187,2021-22,2021-11-13,ORL,WAS,-12.0,0,-0.6135203254327243,-28.800813008130078,-0.39999999999999997
0022100269,2021-22,2021-11-24,ORL,CHA,-7.0,0,-0.11569140115752502,-7.560975609756092,-0.39999999999999997
0022100283,2021-22,2021-11-26,ORL,CHI,-35.0,0,-0.8565941025638255,-56.321138211382106,-0.39999999999999997
0022100320,2021-22,2021-12-01,ORL,DEN,5.0,1,0.05707250499250493,4.491869918699187,-0.30000000000000004
0022100418,2021-22,2021-12-15,ORL,ATL,-12.0,0,0.4038684180106803,28.008130081300813,-0.4
0022100433,2021-22,2021-12-17,ORL,MIA,-10.0,0,-0.7428818618764275,-49.369918699187,-0.4
0022100477,2021-22,2021-12-23,ORL,NOP,-6.0,0,0.11141476834385974,7.804878048780495,-0.3
0022100508,2021-22,2021-12-28,ORL,MIL,-17.0,0,-0.15104632646526472,-9.166666666666671,-0.39999999999999997
0022100526,2021-22,2021-12-30,ORL,MIL,-18.0,0,-0.24020539383583994,-19.573170731707314,-0.49999999999999994
0022100568,2021-22,2022-01-05,ORL,PHI,-10.0,0,0.3419833899261081,21.26016260162602,-0.39999999999999997
0022100598,2021-22,2022-01-09,ORL,WAS,-2.0,0,-0.20552635137311084,-12.113821138211378,-0.2
0022100661,2021-22,2022-01-17,ORL,POR,-10.0,0,0.10883853339903093,7.235772357723569,-0.30000000000000004
0022100685,2021-22,2022-01-21,ORL,LAL,-11.0,0,-0.8664926905509939,-46.52439024390244,-0.4
0022100701,2021-22,2022-01-23,ORL,CHI,19.0,1,-0.8589941349687851,-56.42276422764226,-0.30000000000000004
0022100724,2021-22,2022-01-26,ORL,LAC,-9.0,0,-1.7499606067581714,-91.07723577235771,-0.3
0022100736,2021-22,2022-01-28,ORL,DET,16.0,1,-0.22416652671548332,-5.853658536585366,-0.2
0022100755,2021-22,2022-01-30,ORL,DAL,2.0,1,-1.2361472039480046,-77.6829268292683,-0.39999999999999997
0022100796,2021-22,2022-02-05,ORL,MEM,-20.0,0,-0.1499908873062134,-6.2195121951219505,-0.19999999999999996
0022100806,2021-22,2022-02-06,ORL,BOS,-33.0,0,-0.34426922363340334,-23.06910569105691,-0.29999999999999993
0022100874,2021-22,2022-02-16,ORL,ATL,-21.0,0,0.14941244578524365,10.44715447154472,-0.09999999999999998
0022100898,2021-22,2022-02-25,ORL,HOU,8.0,1,-1.0967994963996655,-32.88617886178862,0.19999999999999998
0022100921,2021-22,2022-02-28,ORL,IND,16.0,1,-1.2642919078081427,-55.77235772357724,0.09999999999999998
0022100933,2021-22,2022-03-02,ORL,IND,-8.0,0,-0.47002880178653406,-27.479674796747965,0.2
0022100977,2021-22,2022-03-08,ORL,PHX,-3.0,0,-0.5358016887056215,-35.79268292682926,-0.29999999999999993
0022100995,2021-22,2022-03-11,ORL,MIN,8.0,1,-0.1461426097201557,-10.853658536585364,-0.4
0022101015,2021-22,2022-03-13,ORL,PHI,-2.0,0,-0.00012722874930981565,-6.605691056910569,-0.19999999999999996
0022101030,2021-22,2022-03-15,ORL,BKN,-42.0,0,-0.27849992283585767,-19.369918699186993,0.09999999999999998
0022101045,2021-22,2022-03-17,ORL,DET,-14.0,0,-0.5553246740808567,-35.8739837398374,0.09999999999999998
0022101065,2021-22,2022-03-20,ORL,OKC,5.0,1,-1.1779766102900544,-64.20731707317073,0.30000000000000004
0022101080,2021-22,2022-03-22,ORL,GSW,4.0,1,-1.270595041406116,-78.2520325203252,0.0
0022101108,2021-22,2022-03-26,ORL,SAC,-4.0,0,0.2390722171272233,12.845528455284551,0.10000000000000003
0022101151,2021-22,2022-04-01,ORL,TOR,-13.0,0,-0.12738893368384663,-7.520325203252028,-0.5
0022101171,2021-22,2022-04-03,ORL,NYK,-30.0,0,-0.7812488730200128,-52.134146341463406,-0.39999999999999997
0022101179,2021-22,2022-04-05,ORL,CLE,5.0,1,-0.7232410364654983,-47.58130081300813,-0.2
0022101227,2021-22,2022-04-10,ORL,MIA,14.0,1,-0.36844517966005896,-22.27642276422764,-0.3
0022100082,2021-22,2021-10-30,PHI,ATL,28.0,1,-0.630962242874617,-42.256097560975604,0.0
0022100096,2021-22,2021-11-01,PHI,POR,10.0,1,-0.8507201471967295,-55.89430894308943,0.16666666666666663
0022100111,2021-22,2021-11-03,PHI,CHI,5.0,1,-0.5564613356183474,-35.914634146341456,-0.1428571428571428
0022100147,2021-22,2021-11-08,PHI,NYK,-7.0,0,-0.05244235190513988,-5.5487804878048905,0.20000000000000007
0022100155,2021-22,2021-11-09,PHI,MIL,-9.0,0,0.22151310128527477,13.231707317073173,0.29999999999999993
0022100171,2021-22,2021-11-11,PHI,TOR,-6.0,0,-0.829187166958931,-54.08536585365853,0.19999999999999996
0022100292,2021-22,2021-11-27,PHI,MIN,-1.0,0,-0.21238254751606997,-12.743902439024396,-0.3
0022100305,2021-22,2021-11-29,PHI,ORL,5.0,1,-0.7964294532848192,-49.1869918699187,0.1
0022100379,2021-22,2021-12-09,PHI,UTA,-22.0,0,-0.6372420394932143,-31.951219512195124,-0.20000000000000007
0022100396,2021-22,2021-12-11,PHI,GSW,9.0,1,-0.7584402965985795,-50.914634146341456,-0.30000000000000004
0022100419,2021-22,2021-12-15,PHI,MIA,-5.0,0,0.27203915388505323,18.08943089430894,0.09999999999999998
0022100478,2021-22,2021-12-23,PHI,ATL,-2.0,0,-0.9370256711460334,-51.422764227642276,0.2
0022100552,2021-22,2022-01-03,PHI,HOU,20.0,1,-1.000237346221615,-65.36585365853658,0.4
0022100582,2021-22,2022-01-07,PHI,SAS,19.0,1,-0.7752924408964851,-49.1869918699187,0.09999999999999998
0022100619,2021-22,2022-01-12,PHI,CHA,-11.0,0,0.1725479629487024,12.357723577235767,0.20000000000000007
0022100635,2021-22,2022-01-14,PHI,BOS,12.0,1,-0.8212930612656992,-50.48780487804878,0.30000000000000004
0022100668,2021-22,2022-01-19,PHI,ORL,13.0,1,-0.2207489382233792,-15.040650406504064,0.7000000000000001
0022100686,2021-22,2022-01-21,PHI,LAC,-1.0,0,-1.1155582785337053,-68.31300813008129,0.4
0022100454,2021-22,2022-01-25,PHI,NOP,10.0,1,-0.15520616017938985,-9.471544715447152,0.19999999999999996
0022100733,2021-22,2022-01-27,PHI,LAL,18.0,1,-0.7332649595461906,-48.434959349593484,0.19999999999999996
0022100747,2021-22,2022-01-29,PHI,SAC,2.0,1,-0.3357653937591618,-21.524390243902435,0.49999999999999994
0022100761,2021-22,2022-01-31,PHI,MEM,3.0,1,-0.7289244881864043,-48.069105691056905,0.0
0022100774,2021-22,2022-02-02,PHI,WAS,-3.0,0,-0.999966048678357,-64.53252032520325,0.5
0022100815,2021-22,2022-02-08,PHI,PHX,-5.0,0,-0.7531366190122635,-35.142276422764226,-0.20000000000000007
0022100840,2021-22,2022-02-11,PHI,OKC,13.0,1,-1.249845316564589,-68.96341463414633,0.3
0022100849,2021-22,2022-02-12,PHI,CLE,10.0,1,-0.5914696533150051,-39.36991869918699,-0.10000000000000009
0022100869,2021-22,2022-02-15,PHI,BOS,-48.0,0,-0.7090844700410112,-32.296747967479675,-0.20000000000000007
0022100934,2021-22,2022-03-02,PHI,NYK,15.0,1,-0.12010269691791986,-6.788617886178861,0.5
0022100947,2021-22,2022-03-04,PHI,CLE,6.0,1,-0.6763267563668992,-41.260162601626014,0.19999999999999996
0022100969,2021-22,2022-03-07,PHI,CHI,15.0,1,0.17388675421557845,12.560975609756099,0.09999999999999998
0022100993,2021-22,2022-03-10,PHI,BKN,-29.0,0,-0.7409994361639552,-45.95528455284553,0.4
0022101022,2021-22,2022-03-14,PHI,DEN,-4.0,0,-0.5812527647995794,-37.07317073170731,0.0
0022101046,2021-22,2022-03-18,PHI,DAL,10.0,1,-0.1770409000972114,-12.113821138211385,-0.10000000000000009
0022101069,2021-22,2022-03-20,PHI,TOR,-5.0,0,-0.4433724078920616,-28.434959349593502,0.09999999999999998
0022101074,2021-22,2022-03-21,PHI,MIA,7.0,1,0.2690338490311325,11.117886178861784,-0.09999999999999998
0022101131,2021-22,2022-03-29,PHI,MIL,-2.0,0,0.7795770293191332,46.585365853658544,-0.09999999999999998
0022101161,2021-22,2022-04-02,PHI,CHA,30.0,1,0.1154857081942162,7.967479674796756,-0.30000000000000004
0022101214,2021-22,2022-04-09,PHI,IND,13.0,1,0.3544519938683341,27.926829268292682,0.39999999999999997
0022101228,2021-22,2022-04-10,PHI,DET,12.0,1,0.045169135196660715,3.760162601626014,0.19999999999999996
0022100106,2021-22,2021-11-02,PHX,NOP,12.0,1,-1.424455855006512,-79.65447154471545,0.2571428571428572
0022100122,2021-22,2021-11-04,PHX,HOU,12.0,1,-0.8495071859963264,-53.78048780487805,0.35714285714285715
0022100137,2021-22,2021-11-06,PHX,ATL,4.0,1,-1.4690857353836648,-84.3089430894309,0.12698412698412698
0022100168,2021-22,2021-11-10,PHX,POR,10.0,1,-0.4447963617398369,-18.943089430894304,0.16666666666666663
0022100222,2021-22,2021-11-17,PHX,DAL,7.0,1,0.05225173258699958,3.5365853658536537,0.20000000000000007
0022100237,2021-22,2021-11-19,PHX,DAL,8.0,1,-0.010381985885145883,-6.95121951219512,0.4
0022100251,2021-22,2021-11-21,PHX,DEN,29.0,1,-0.4716244155466,-29.97967479674796,0.5
0022100316,2021-22,2021-11-30,PHX,GSW,8.0,1,-0.1465246400045347,-8.739837398373979,0.09999999999999998
0022100331,2021-22,2021-12-02,PHX,DET,11.0,1,-1.4142464011730007,-74.20731707317073,0.8
0022100360,2021-22,2021-12-06,PHX,SAS,4.0,1,-0.4032105141436494,-26.300813008130092,0.5
0022100390,2021-22,2021-12-10,PHX,BOS,21.0,1,-2.058607686275267,-94.0650406504065,0.4
0022100432,2021-22,2021-12-16,PHX,WAS,20.0,1,-0.6131574233912249,-20.85365853658537,0.5
0022100456,2021-22,2021-12-19,PHX,CHA,31.0,1,-1.5668695355956643,-88.84146341463415,0.5
0022100483,2021-22,2021-12-23,PHX,OKC,12.0,1,-0.503498382366511,-32.80487804878049,0.30000000000000004
0022100490,2021-22,2021-12-25,PHX,GSW,-9.0,0,-0.6886003325286056,-45.508130081300806,0.10000000000000009
0022100505,2021-22,2021-12-27,PHX,MEM,-1.0,0,-1.1970669320239318,-70.630081300813,0.09999999999999998
0022100522,2021-22,2021-12-29,PHX,OKC,18.0,1,-1.3067876430567058,-72.78455284552845,0.19999999999999996
0022100581,2021-22,2022-01-06,PHX,LAC,17.0,1,0.26490887091573656,18.008130081300813,0.39999999999999997
0022100596,2021-22,2022-01-08,PHX,MIA,-23.0,0,-1.1415205698324173,-69.77642276422763,0.0
0022100697,2021-22,2022-01-22,PHX,IND,10.0,1,-0.544322561036318,-23.902439024390247,0.5
0022100713,2021-22,2022-01-24,PHX,UTA,6.0,1,-1.5410756766884974,-85.4471544715447,0.6000000000000001
0022100743,2021-22,2022-01-28,PHX,MIN,10.0,1,-1.087303037589358,-52.23577235772358,0.30000000000000004
0022100758,2021-22,2022-01-30,PHX,SAS,5.0,1,-0.810538947819675,-53.15040650406503,0.5
0022100772,2021-22,2022-02-01,PHX,BKN,10.0,1,-0.535977198105942,-34.97967479674797,0.6
0022100836,2021-22,2022-02-10,PHX,MIL,24.0,1,-0.11681052145454596,-3.7804878048780495,0.09999999999999998
0022100855,2021-22,2022-02-12,PHX,ORL,27.0,1,-0.9770858501607089,-62.906504065040636,0.4
0022100873,2021-22,2022-02-15,PHX,LAC,7.0,1,-1.621099321993477,-87.66260162601625,0.4
0022100882,2021-22,2022-02-16,PHX,HOU,3.0,1,-0.08170808261092771,-4.939024390243901,0.8
0022100902,2021-22,2022-02-25,PHX,NOP,-15.0,0,0.4237330833781817,33.983739837398375,0.4
0022100913,2021-22,2022-02-27,PHX,UTA,-4.0,0,-0.23433121703359122,-19.390243902439025,0.10000000000000009
0022100939,2021-22,2022-03-02,PHX,POR,30.0,1,-0.7040122055506268,-44.08536585365854,0.4
0022100953,2021-22,2022-03-04,PHX,NYK,1.0,1,-1.3295272144966694,-80.1219512195122,0.7000000000000001
0022101003,2021-22,2022-03-11,PHX,TOR,-5.0,0,0.27215782508373526,13.61788617886178,0.29999999999999993
0022101019,2021-22,2022-03-13,PHX,LAL,29.0,1,-0.6093017921604864,-39.837398373983746,0.3
0022101056,2021-22,2022-03-18,PHX,CHI,27.0,1,0.1097984735078601,4.674796747967477,0.39999999999999997
0022101118,2021-22,2022-03-27,PHX,PHI,10.0,1,-0.7640122474577948,-47.03252032520326,0.20000000000000007
0022101189,2021-22,2022-04-05,PHX,LAL,11.0,1,0.23378866764165182,15.304878048780473,0.6000000000000001
0022101229,2021-22,2022-04-10,PHX,SAC,-7.0,0,-0.19173252520080128,-14.512195121951223,0.29999999999999993
0022100131,2021-22,2021-11-05,POR,IND,4.0,1,-0.115692816794981,-2.76422764227641,0.041666666666666685
0022100138,2021-22,2021-11-06,POR,LAL,15.0,1,0.013202934694701476,1.5447154471544735,-0.11111111111111116
0022100208,2021-22,2021-11-15,POR,TOR,5.0,1,-0.12990766153349287,-3.495934959349597,-0.19999999999999996
0022100223,2021-22,2021-11-17,POR,CHI,5.0,1,-0.8496543953503362,-55.77235772357723,-0.19999999999999996
0022100246,2021-22,2021-11-20,POR,PHI,7.0,1,-1.1377658342237484,-73.51626016260163,0.0
0022100265,2021-22,2021-11-23,POR,DEN,19.0,1,-1.358577141263465,-75.46747967479675,0.09999999999999998
0022100317,2021-22,2021-11-30,POR,DET,18.0,1,0.015193719130005778,1.5243902439024453,0.3
0022100332,2021-22,2021-12-02,POR,SAS,-31.0,0,-0.497421158849906,-31.849593495934958,0.3
0022100347,2021-22,2021-12-04,POR,BOS,-28.0,0,-1.1050535083161819,-67.90650406504065,-0.09999999999999998
0022100362,2021-22,2021-12-06,POR,LAC,-12.0,0,-0.7058360064259783,-46.321138211382106,0.2
0022100402,2021-22,2021-12-12,POR,MIN,-5.0,0,-1.1387878731566081,-72.92682926829268,-0.10000000000000003
0022100416,2021-22,2021-12-14,POR,PHX,-4.0,0,-0.8821748328550798,-56.76829268292683,-0.6000000000000001
0022100426,2021-22,2021-12-15,POR,MEM,-10.0,0,-0.9606684503029937,-57.13414634146343,-0.7000000000000001
0022100439,2021-22,2021-12-17,POR,CHA,9.0,1,-1.0103523840263295,-65.22357723577235,-0.30000000000000004
0022100506,2021-22,2021-12-27,POR,DAL,-15.0,0,-1.5647003242175699,-75.48780487804878,-0.2
0022100523,2021-22,2021-12-29,POR,UTA,-15.0,0,-1.5797199109604918,-85.91463414634146,-0.6000000000000001
0022100560,2021-22,2022-01-03,POR,ATL,5.0,1,-1.1164255388443145,-71.70731707317073,-0.09999999999999998
0022100576,2021-22,2022-01-05,POR,MIA,-6.0,0,-1.0641828740023944,-67.1951219512195,-0.39999999999999997
0022100590,2021-22,2022-01-07,POR,CLE,-13.0,0,-0.972737921346547,-62.03252032520325,-0.2
0022100605,2021-22,2022-01-09,POR,SAC,15.0,1,-0.8546580169980191,-56.15853658536585,0.0
0022100486,2021-22,2022-01-10,POR,BKN,6.0,1,-1.2575609467512716,-57.29674796747968,-0.09999999999999998
0022100721,2021-22,2022-01-25,POR,MIN,-2.0,0,0.36644292277437285,17.96747967479675,-0.09999999999999998
0022100732,2021-22,2022-01-26,POR,DAL,-20.0,0,-0.5941540722158604,-39.53252032520326,-0.09999999999999998
0022100795,2021-22,2022-02-04,POR,OKC,-3.0,0,-0.518227010558733,-34.95934959349593,0.10000000000000003
0022100800,2021-22,2022-02-05,POR,MIL,-29.0,0,0.005337238865591329,0.8739837398373993,-0.3
0022100823,2021-22,2022-02-08,POR,ORL,-18.0,0,-1.5288940454912296,-88.35365853658537,-0.10000000000000003
0022100829,2021-22,2022-02-09,POR,LAL,2.0,1,-0.48934630459657624,-33.353658536585364,-0.2
0022100845,2021-22,2022-02-12,POR,NYK,9.0,1,-1.457011402260898,-80.9959349593496,-0.09999999999999998
0022100894,2021-22,2022-02-24,POR,GSW,-37.0,0,-0.4740513752979405,-4.430894308943089,-0.19999999999999996
0022100918,2021-22,2022-02-27,POR,DEN,-32.0,0,-1.5098303907119603,-73.04878048780488,-0.29999999999999993
0022101011,2021-22,2022-03-12,POR,WAS,9.0,1,-0.9127044859245192,-55.894308943089435,0.0
0022101094,2021-22,2022-03-23,POR,SAS,-37.0,0,1.0315429739713324,59.79674796747968,-0.2
0022101105,2021-22,2022-03-25,POR,HOU,-19.0,0,-1.1172940261880833,-68.39430894308943,-0.09999999999999998
0022101114,2021-22,2022-03-26,POR,HOU,-17.0,0,-0.3603080907537599,-24.410569105691046,-0.09999999999999998
0022101130,2021-22,2022-03-28,POR,OKC,-3.0,0,-0.6248346090473249,-41.60569105691057,0.1
0022101146,2021-22,2022-03-30,POR,NOP,-10.0,0,-0.7471108816954852,-49.735772357723576,-0.3
0022101230,2021-22,2022-04-10,POR,UTA,-31.0,0,0.16486365229456512,11.626016260162615,-0.3
0022100118,2021-22,2021-11-03,SAC,NOP,13.0,1,-0.012726515489921486,-1.3008130081300777,0.30357142857142855
0022100132,2021-22,2021-11-05,SAC,CHA,30.0,1,-0.48908257079039974,-31.07723577235772,-0.05555555555555558
0022100143,2021-22,2021-11-07,SAC,IND,-3.0,0,-0.581975516942608,-37.3170731707317,0.2555555555555556
0022100153,2021-22,2021-11-08,SAC,PHX,-5.0,0,-0.20974167449442058,-14.085365853658523,-0.125
0022100238,2021-22,2021-11-19,SAC,TOR,-19.0,0,-0.5727985427956714,-27.47967479674797,-0.10000000000000003
0022100247,2021-22,2021-11-20,SAC,UTA,-18.0,0,-0.20069809363920973,-12.256097560975611,-0.3
0022100262,2021-22,2021-11-22,SAC,PHI,-8.0,0,-0.9422836076963679,-61.23983739837398,-0.10000000000000003
0022100279,2021-22,2021-11-24,SAC,POR,4.0,1,-0.5047752434145775,-33.27235772357723,-0.49999999999999994
0022100318,2021-22,2021-11-30,SAC,LAL,-25.0,0,0.4337143513125211,30.12195121951219,-0.10000000000000003
0022100348,2021-22,2021-12-04,SAC,LAC,5.0,1,-1.0154804644677013,-58.2520325203252,0.0
0022100377,2021-22,2021-12-08,SAC,ORL,12.0,1,-1.1117345069995972,-46.21951219512196,0.30000000000000004
0022100427,2021-22,2021-12-15,SAC,WAS,14.0,1,0.5092407394347432,28.08943089430894,0.09999999999999998
0022100440,2021-22,2021-12-17,SAC,MEM,-19.0,0,-0.581975516942608,-37.3170731707317,-0.4
0022100451,2021-22,2021-12-19,SAC,SAS,7.0,1,-0.5935266218977133,-38.109756097560975,-0.19999999999999996
0022100475,2021-22,2021-12-22,SAC,LAC,-16.0,0,0.03179523460491712,1.6869918699186996,0.0
0022100496,2021-22,2021-12-26,SAC,MEM,-25.0,0,-0.4890825707903998,-12.296747967479675,-0.19999999999999996
0022100515,2021-22,2021-12-28,SAC,OKC,6.0,1,-1.2168326444916044,-76.09756097560975,-0.3
0022100524,2021-22,2021-12-29,SAC,DAL,1.0,1,-0.6591757904706383,-38.59756097560976,-0.2
0022100531,2021-22,2021-12-31,SAC,DAL,-16.0,0,-0.4804107876716799,-30.406504065040647,0.0
0022100548,2021-22,2022-01-02,SAC,MIA,2.0,1,-0.8867372087448624,-59.288617886178855,-0.4
0022100577,2021-22,2022-01-05,SAC,ATL,-6.0,0,0.007170981895246731,0.853658536585371,0.10000000000000003
0022100611,2021-22,2022-01-10,SAC,CLE,-1.0,0,-0.03759173665085763,-3.5365853658536537,-0.10000000000000003
0022100626,2021-22,2022-01-12,SAC,LAL,9.0,1,0.05564388899094086,7.6626016260162615,-0.2
0022100640,2021-22,2022-01-14,SAC,HOU,12.0,1,-1.111607798026498,-68.1910569105691,0.2
0022100651,2021-22,2022-01-16,SAC,HOU,-6.0,0,-0.3603080907537599,-23.536585365853657,0.2
0022100679,2021-22,2022-01-19,SAC,DET,-2.0,0,-1.264357641422261,-70.34552845528455,-0.2
0022100780,2021-22,2022-02-02,SAC,BKN,11.0,1,-0.0896641038102246,-4.065040650406502,-0.09999999999999998
0022100801,2021-22,2022-02-05,SAC,OKC,10.0,1,-0.7259268682465516,-47.41869918699187,-0.09999999999999998
0022100824,2021-22,2022-02-08,SAC,MIN,-20.0,0,-1.036208543569743,-67.41869918699187,-0.49999999999999994
0022100830,2021-22,2022-02-09,SAC,MIN,13.0,1,-0.24020539383583997,-16.016260162601625,-0.49999999999999994
0022100895,2021-22,2022-02-24,SAC,DEN,-18.0,0,-0.8494944609535218,-13.983739837398373,-0.19999999999999996
0022100974,2021-22,2022-03-07,SAC,NYK,-16.0,0,-0.209310615043312,-8.902439024390233,0.2
0022100991,2021-22,2022-03-09,SAC,DEN,-6.0,0,-0.7293917640356018,-48.10975609756096,-0.6000000000000001
0022101026,2021-22,2022-03-14,SAC,CHI,9.0,1,-0.4187667618139016,-28.902439024390254,-0.3
0022101043,2021-22,2022-03-16,SAC,MIL,-9.0,0,-0.9434527267663273,-59.51219512195121,-0.39999999999999997
0022101057,2021-22,2022-03-18,SAC,BOS,-29.0,0,-0.2592591628397057,-15.833333333333332,-0.5
0022101066,2021-22,2022-03-20,SAC,PHX,-3.0,0,-0.47576845458456907,-30.264227642276413,-0.5
0022101176,2021-22,2022-04-03,SAC,GSW,-19.0,0,0.23464951764665318,14.715447154471548,0.2
0022101188,2021-22,2022-04-05,SAC,NOP,-14.0,0,-0.8072134410540968,-52.98780487804878,-0.09999999999999998
0022100116,2021-22,2021-11-03,SAS,DAL,-1.0,0,-0.35749933616276763,-21.82926829268292,-0.2857142857142857
0022100166,2021-22,2021-11-10,SAS,SAC,19.0,1,-1.2778591052773396,-77.5609756097561,-0.10000000000000003
0022100181,2021-22,2021-11-12,SAS,DAL,-14.0,0,-0.8621359262272762,-55.162601626016254,-0.39999999999999997
0022100260,2021-22,2021-11-22,SAS,PHX,-4.0,0,-1.1181431110251991,-72.80487804878048,-0.7
0022100277,2021-22,2021-11-24,SAS,ATL,-18.0,0,-0.728928710070101,-44.63414634146341,-0.3
0022100287,2021-22,2021-11-26,SAS,BOS,8.0,1,-1.1147445396521143,-71.7479674796748,-0.39999999999999997
0022100311,2021-22,2021-11-29,SAS,WAS,17.0,1,-1.333162659328417,-73.35365853658537,-0.3
0022100364,2021-22,2021-12-07,SAS,NYK,-12.0,0,0.5055947566108185,33.86178861788617,0.0
0022100381,2021-22,2021-12-09,SAS,DEN,12.0,1,-1.4623159956662857,-74.65447154471545,0.10000000000000003
0022100397,2021-22,2021-12-11,SAS,DEN,-15.0,0,-0.8407188784254399,-55.0609756097561,0.2
0022100401,2021-22,2021-12-12,SAS,NOP,15.0,1,0.1432959675058698,9.491869918699187,0.0
0022100423,2021-22,2021-12-15,SAS,CHA,-16.0,0,-0.6333104495911889,-39.898373983739845,0.19999999999999996
0022100498,2021-22,2021-12-26,SAS,DET,35.0,1,-0.16430390429522176,-10.894308943089428,0.4
0022100504,2021-22,2021-12-27,SAS,UTA,-6.0,0,-0.4672918762714225,-25.914634146341463,-0.20000000000000007
0022100623,2021-22,2022-01-12,SAS,HOU,-4.0,0,0.22917328541343523,16.30081300813007,0.19999999999999998
0022100638,2021-22,2022-01-14,SAS,CLE,-5.0,0,-1.220428495283686,-71.15853658536584,-0.3
0022100648,2021-22,2022-01-15,SAS,LAC,7.0,1,-0.20663013736274435,-13.841463414634141,-0.30000000000000004
0022100664,2021-22,2022-01-17,SAS,PHX,-14.0,0,-1.3889073486704862,-73.92276422764228,-0.49999999999999994
0022100676,2021-22,2022-01-19,SAS,OKC,22.0,1,-0.5904080262012994,-37.78455284552845,0.0
0022100691,2021-22,2022-01-21,SAS,BKN,-15.0,0,-1.1070700012248516,-67.98780487804878,-0.2
0022100704,2021-22,2022-01-23,SAS,PHI,-6.0,0,-0.8729201077654096,-57.90650406504065,-0.39999999999999997
0022100728,2021-22,2022-01-26,SAS,MEM,-8.0,0,0.35210180106742756,24.186991869918693,-0.39999999999999997
0022100742,2021-22,2022-01-28,SAS,CHI,9.0,1,-0.5122098213586621,-33.63821138211382,-0.10000000000000003
0022100771,2021-22,2022-02-01,SAS,GSW,-4.0,0,-0.3132328599481913,-20.772357723577237,-0.4
0022100521,2021-22,2022-02-03,SAS,MIA,-17.0,0,-1.3006453162341844,-72.70325203252033,-0.09999999999999998
0022100792,2021-22,2022-02-04,SAS,HOU,25.0,1,-0.02499360809934785,-2.174796747967477,-0.10000000000000003
0022100944,2021-22,2022-03-03,SAS,SAC,-3.0,0,-1.0688907439172073,-59.63414634146341,0.09999999999999998
0022100973,2021-22,2022-03-07,SAS,LAL,7.0,1,-0.6706646349930258,-40.081300813008134,0.10000000000000003
0022100989,2021-22,2022-03-09,SAS,TOR,-15.0,0,-0.5946076183897171,-38.23170731707317,0.2
0022101002,2021-22,2022-03-11,SAS,UTA,2.0,1,-0.740017707612006,-49.0040650406504,-0.29999999999999993
0022101007,2021-22,2022-03-12,SAS,IND,-11.0,0,0.03981714130205183,3.3943089430894275,0.10000000000000003
0022101024,2021-22,2022-03-14,SAS,MIN,-10.0,0,-1.1054725672191017,-67.9471544715447,-0.4
0022101040,2021-22,2022-03-16,SAS,OKC,2.0,1,-0.22484498990142915,-13.841463414634145,0.09999999999999998
0022101054,2021-22,2022-03-18,SAS,NOP,-33.0,0,-0.08652744044482436,-8.678861788617883,-0.2
0022101144,2021-22,2022-03-30,SAS,MEM,-1.0,0,-0.36843164364973036,-23.170731707317074,-0.30000000000000004
0022101158,2021-22,2022-04-01,SAS,POR,19.0,1,-1.1145830713874203,-68.27235772357723,0.5
0022101175,2021-22,2022-04-03,SAS,POR,21.0,1,-0.24020539383584,-14.85772357723577,0.5
0022101215,2021-22,2022-04-09,SAS,GSW,-6.0,0,-0.49983728038108216,-33.2520325203252,0.29999999999999993
0022100071,2021-22,2021-10-29,TOR,ORL,1.0,1,-0.5303707282223431,-34.61382113821138,0.2
0022100127,2021-22,2021-11-05,TOR,CLE,-1.0,0,-0.05041729185378871,-3.1097560975609753,0.11111111111111105
0022100139,2021-22,2021-11-07,TOR,BKN,-13.0,0,-0.3085015492451466,-20.345528455284555,-0.06666666666666665
0022100189,2021-22,2021-11-13,TOR,DET,-6.0,0,-0.33352939610767407,-22.15447154471544,0.39999999999999997
0022100302,2021-22,2021-11-28,TOR,BOS,-12.0,0,-0.7672197158823737,-48.61788617886179,-0.3
0022100315,2021-22,2021-11-30,TOR,MEM,-7.0,0,-0.7252535869340724,-47.703252032520325,-0.10000000000000003
0022100329,2021-22,2021-12-02,TOR,MIL,4.0,1,-0.9651549878377281,-62.256097560975604,-0.5
0022100351,2021-22,2021-12-05,TOR,WAS,12.0,1,-0.9860090549096328,-49.77642276422765,-0.10000000000000003
0022100371,2021-22,2021-12-08,TOR,OKC,-1.0,0,-0.9311534854543443,-46.97154471544715,0.2
0022100385,2021-22,2021-12-10,TOR,NYK,3.0,1,-0.9270459533075204,-58.67886178861788,0.0
0022100406,2021-22,2021-12-13,TOR,SAC,23.0,1,-1.1565290436813414,-63.55691056910569,0.0
0022100443,2021-22,2021-12-18,TOR,GSW,19.0,1,-1.389628391877519,-80.9349593495935,-0.19999999999999996
0022100510,2021-22,2021-12-28,TOR,PHI,-5.0,0,-0.5397142068506654,-33.90243902439025,0.0
0022100534,2021-22,2021-12-31,TOR,LAC,8.0,1,-1.1222080805761687,-60.264227642276424,0.0
0022100545,2021-22,2022-01-02,TOR,NYK,15.0,1,-1.3313546099572853,-80.40650406504065,0.09999999999999998
0022100563,2021-22,2022-01-04,TOR,SAS,25.0,1,-0.385701822773177,-24.390243902439018,0.09999999999999998
0022100584,2021-22,2022-01-07,TOR,UTA,14.0,1,-0.6551582147106494,-34.59349593495934,-0.10000000000000009
0022100599,2021-22,2022-01-09,TOR,NOP,4.0,1,-0.5172704697479192,-34.20731707317073,0.09999999999999998
0022100613,2021-22,2022-01-11,TOR,PHX,-4.0,0,-0.5021486604211212,-32.33739837398373,0.09999999999999998
0022100702,2021-22,2022-01-23,TOR,POR,-9.0,0,-0.7367125102561358,-43.638211382113816,0.0
0022100715,2021-22,2022-01-25,TOR,CHA,12.0,1,-0.47174833991009435,-30.020325203252025,-0.19999999999999996
0022100784,2021-22,2022-02-01,TOR,MIA,4.0,1,-0.48633972777640044,-25.77235772357723,-0.09999999999999998
0022100430,2021-22,2022-02-03,TOR,CHI,7.0,1,-0.6932580602805949,-45.8130081300813,0.09999999999999998
0022100790,2021-22,2022-02-04,TOR,ATL,11.0,1,-0.25342181042641054,-17.947154471544714,-0.20000000000000007
0022100850,2021-22,2022-02-12,TOR,DEN,-1.0,0,-0.22516977064993757,-14.715447154471534,0.30000000000000004
0022100928,2021-22,2022-03-01,TOR,BKN,1.0,1,-0.12010269691791992,-7.76422764227641,0.3
0022100942,2021-22,2022-03-03,TOR,DET,-2.0,0,-0.49384180150350077,-33.37398373983739,0.3
0022100458,2021-22,2022-03-04,TOR,ORL,-6.0,0,0.2020019190196287,12.54065040650407,0.2
0022101051,2021-22,2022-03-18,TOR,LAL,-5.0,0,0.2946397366220418,14.55284552845528,0.49999999999999994
0022101095,2021-22,2022-03-24,TOR,CLE,13.0,1,0.15938095280845116,9.065040650406502,0.09999999999999998
0022101109,2021-22,2022-03-26,TOR,IND,40.0,1,-0.8453562838519924,-55.34552845528455,0.39999999999999997
0022101127,2021-22,2022-03-28,TOR,BOS,3.0,1,-0.7722819757075544,-47.96747967479675,-0.09999999999999998
0022101141,2021-22,2022-03-30,TOR,MIN,23.0,1,-0.11710960199361314,-9.85772357723577,0.20000000000000007
0022101172,2021-22,2022-04-03,TOR,MIA,-5.0,0,-0.7959212541525952,-43.90243902439025,0.30000000000000004
0022101182,2021-22,2022-04-05,TOR,ATL,10.0,1,-0.210519387036521,-13.313008130081304,0.0
0022101197,2021-22,2022-04-07,TOR,PHI,5.0,1,-0.6972225453568264,-46.05691056910568,0.09999999999999998
0022101206,2021-22,2022-04-08,TOR,HOU,2.0,1,0.16945606600302812,8.638211382113816,0.5
0022100105,2021-22,2021-11-02,UTA,SAC,6.0,1,-0.5050355321505514,-3.617886178861781,0.33333333333333337
0022100156,2021-22,2021-11-09,UTA,ATL,12.0,1,-0.5828555963992195,-1.3414634146341484,0.39999999999999997
0022100172,2021-22,2021-11-11,UTA,IND,-11.0,0,-1.0811611427264045,-66.72764227642277,0.29999999999999993
0022100185,2021-22,2021-11-13,UTA,MIA,-6.0,0,-1.8377897694166347,-76.60569105691057,0.0
0022100211,2021-22,2021-11-16,UTA,PHI,35.0,1,-1.785441064619206,-91.68699186991869,-0.09999999999999998
0022100229,2021-22,2021-11-18,UTA,TOR,16.0,1,-1.3643957534023055,-82.11382113821138,0.0
0022100261,2021-22,2021-11-22,UTA,MEM,-1.0,0,0.110884661862645,1.5447154471544735,0.09999999999999998
0022100289,2021-22,2021-11-26,UTA,NOP,-1.0,0,-0.37663148172129546,-4.715447154471548,0.2
0022100299,2021-22,2021-11-27,UTA,NOP,22.0,1,-0.24020539383583997,-16.016260162601625,0.09999999999999998
0022100312,2021-22,2021-11-29,UTA,POR,22.0,1,-1.4883621272981868,-74.97967479674797,0.09999999999999998
0022100339,2021-22,2021-12-03,UTA,BOS,7.0,1,-2.093190050913432,-94.73577235772358,0.0
0022100425,2021-22,2021-12-15,UTA,LAC,21.0,1,-0.06202513158506351,-1.5040650406504028,0.20000000000000007
0022100437,2021-22,2021-12-17,UTA,SAS,-2.0,0,-1.6600223500837543,-86.91056910569105,0.30000000000000004
0022100447,2021-22,2021-12-18,UTA,WAS,-6.0,0,-1.388443791668393,-66.6869918699187,0.6000000000000001
0022100461,2021-22,2021-12-20,UTA,CHA,10.0,1,-1.824174743316786,-76.52439024390243,0.5
0022100484,2021-22,2021-12-23,UTA,MIN,12.0,1,-1.8604948162424901,-91.64634146341463,0.4
0022100492,2021-22,2021-12-25,UTA,DAL,4.0,1,-1.6974896959346808,-87.35772357723577,0.4
0022100537,2021-22,2021-12-31,UTA,MIN,12.0,1,0.508933044682889,14.715447154471548,0.30000000000000004
0022100544,2021-22,2022-01-01,UTA,GSW,-7.0,0,-0.515784086220375,-34.613821138211385,0.10000000000000009
0022100624,2021-22,2022-01-12,UTA,CLE,-20.0,0,-0.30011105850622855,-1.443089430894318,0.19999999999999996
0022100677,2021-22,2022-01-19,UTA,HOU,-5.0,0,-0.24200231093145008,-4.6341463414634205,0.10000000000000003
0022100693,2021-22,2022-01-21,UTA,DET,10.0,1,-1.7520044270990687,-76.3211382113821,-0.2
0022100731,2021-22,2022-01-26,UTA,PHX,-8.0,0,-0.12010269691791997,-5.040650406504071,-0.7
0022100779,2021-22,2022-02-02,UTA,DEN,4.0,1,-1.4958912521393812,-25.8130081300813,-0.49999999999999994
0022100793,2021-22,2022-02-04,UTA,BKN,23.0,1,-2.1019305319676826,-89.41056910569105,0.0
0022100814,2021-22,2022-02-07,UTA,NYK,9.0,1,-1.8703102069213786,-92.90650406504064,0.09999999999999998
0022100828,2021-22,2022-02-09,UTA,GSW,26.0,1,-1.4330681898953594,-83.29268292682927,-0.5
0022100844,2021-22,2022-02-11,UTA,ORL,15.0,1,-1.5942191613529997,-86.30081300813008,0.0
0022100865,2021-22,2022-02-14,UTA,HOU,34.0,1,-1.5497759994555254,-84.9390243902439,0.3
0022100903,2021-22,2022-02-25,UTA,DAL,5.0,1,-1.7078716818198267,-71.6260162601626,-0.09999999999999998
0022100990,2021-22,2022-03-09,UTA,POR,38.0,1,-0.17345347725243665,-1.707317073170728,0.29999999999999993
0022101010,2021-22,2022-03-12,UTA,SAC,9.0,1,0.8033956905344671,11.300813008130078,0.39999999999999997
0022101027,2021-22,2022-03-14,UTA,MIL,-6.0,0,-1.6409852617208505,-75.71138211382113,-0.09999999999999998
0022101041,2021-22,2022-03-16,UTA,CHI,15.0,1,-1.4020783222304545,-74.16666666666666,0.19999999999999996
0022101055,2021-22,2022-03-18,UTA,LAC,29.0,1,-1.4774816786628748,-74.8170731707317,0.09999999999999998
0022101150,2021-22,2022-03-31,UTA,LAL,13.0,1,-0.12066929212417798,-1.2601626016260212,0.10000000000000003
0022101187,2021-22,2022-04-05,UTA,MEM,6.0,1,-0.10716204785472377,-5.325203252032523,-0.5
0022101194,2021-22,2022-04-06,UTA,OKC,36.0,1,-1.3129654929774397,-57.581300813008134,0.0
0022101210,2021-22,2022-04-08,UTA,PHX,-6.0,0,-1.5975843755807948,-75.58943089430893,-0.29999999999999993
0022100078,2021-22,2021-10-30,WAS,BOS,3.0,1,-0.18418658002374116,-12.621951219512194,0.4
0022100112,2021-22,2021-11-03,WAS,TOR,-9.0,0,-0.3136819735421824,-22.174796747967477,0.0892857142857143
0022100126,2021-22,2021-11-05,WAS,MEM,28.0,1,-0.7217627859262353,-47.54065040650406,0.0
0022100142,2021-22,2021-11-07,WAS,MIL,7.0,1,-0.48256358246217457,-30.467479674796746,0.2222222222222222
0022100201,2021-22,2021-11-15,WAS,NOP,5.0,1,-0.6095190348367692,-38.65853658536585,0.6
0022100241,2021-22,2021-11-20,WAS,MIA,3.0,1,-0.12010269691791997,-7.520325203252035,0.0
0022100254,2021-22,2021-11-22,WAS,CHA,-6.0,0,-0.5878273119014942,-37.642276422764226,0.09999999999999998
0022100321,2021-22,2021-12-01,WAS,MIN,8.0,1,-0.09988985258432131,-5.77235772357723,-0.19999999999999996
0022100334,2021-22,2021-12-03,WAS,CLE,-15.0,0,-0.7434176426879566,-49.45121951219511,0.0
0022100392,2021-22,2021-12-11,WAS,UTA,-25.0,0,-0.694217091481304,-41.991869918699194,-0.4
0022100495,2021-22,2021-12-26,WAS,PHI,-21.0,0,-0.32146335241811963,-9.105691056910569,-0.2
0022100527,2021-22,2021-12-30,WAS,CLE,17.0,1,-0.4814663419928825,-31.138211382113823,-0.39999999999999997
0022100541,2021-22,2022-01-01,WAS,CHI,-1.0,0,-1.0853254196059474,-66.80894308943088,-0.4
0022100553,2021-22,2022-01-03,WAS,CHA,3.0,1,-0.4850975390825391,-30.711382113821134,-0.2
0022100569,2021-22,2022-01-05,WAS,HOU,-3.0,0,-0.5127384422394222,-33.780487804878035,0.30000000000000004
0022100612,2021-22,2022-01-11,WAS,OKC,4.0,1,-0.37800793607220556,-25.365853658536572,0.2
0022100620,2021-22,2022-01-12,WAS,ORL,6.0,1,0.2903948035908571,24.857723577235767,0.4
0022100642,2021-22,2022-01-15,WAS,POR,-5.0,0,-1.3854445888922986,-84.41056910569107,0.2
0022100656,2021-22,2022-01-17,WAS,PHI,19.0,1,-0.6233149457700367,-41.36178861788618,-0.4
0022100669,2021-22,2022-01-19,WAS,BKN,-1.0,0,-0.7880921334517815,-48.63821138211382,0.19999999999999996
0022100689,2021-22,2022-01-21,WAS,TOR,-4.0,0,-1.2246333944459338,-71.3211382113821,-0.09999999999999998
0022100699,2021-22,2022-01-23,WAS,BOS,-29.0,0,-0.4569124113643248,-29.247967479674795,0.0
0022100716,2021-22,2022-01-25,WAS,LAC,-1.0,0,-0.7814065885257566,-52.17479674796748,0.0
0022100798,2021-22,2022-02-05,WAS,PHX,-15.0,0,-0.8178435027891895,-52.86585365853659,-0.6000000000000001
0022100811,2021-22,2022-02-07,WAS,MIA,-21.0,0,-0.9226059033643295,-60.54878048780486,-0.39999999999999997
0022100832,2021-22,2022-02-10,WAS,BKN,1.0,1,-0.923130081188206,-46.524390243902445,0.1
0022100847,2021-22,2022-02-12,WAS,SAC,-13.0,0,-0.9840105441368396,-63.170731707317074,-0.09999999999999998
0022100858,2021-22,2022-02-14,WAS,DET,9.0,1,-0.4086528494625722,-25.081300813008127,0.1
0022100899,2021-22,2022-02-25,WAS,SAS,-4.0,0,-1.3527654187323748,-48.2520325203252,-0.09999999999999998
0022100926,2021-22,2022-03-01,WAS,DET,3.0,1,-0.7467837202365998,-45.60975609756098,0.10000000000000003
0022100948,2021-22,2022-03-04,WAS,ATL,-3.0,0,-1.2429996856154355,-68.27235772357723,-0.09999999999999998
0022100963,2021-22,2022-03-06,WAS,IND,10.0,1,-1.0416867715569158,-65.85365853658536,0.10000000000000003
0022101035,2021-22,2022-03-16,WAS,DEN,-18.0,0,0.6283400243711251,35.91463414634147,-0.39999999999999997
0022101061,2021-22,2022-03-19,WAS,LAL,8.0,1,-0.6142885921354001,-33.536585365853654,-0.09999999999999998
0022101117,2021-22,2022-03-27,WAS,GSW,8.0,1,-0.4965801298027923,-32.682926829268304,-0.3
0022101132,2021-22,2022-03-29,WAS,CHI,-13.0,0,-1.1742351167842602,-70.1829268292683,-0.10000000000000003
0022101138,2021-22,2022-03-30,WAS,ORL,17.0,1,0.1741039217408843,11.565040650406509,-0.10000000000000003
0022101152,2021-22,2022-04-01,WAS,DAL,32.0,1,-0.5582687255010875,-36.016260162601625,-0.29999999999999993
0022101204,2021-22,2022-04-08,WAS,NYK,-22.0,0,-0.07347657970634248,-4.898373983739845,0.0
0022200134,2022-23,2022-11-05,ATL,NOP,3.0,1,-1.1130302492920494,-61.54471544715447,0.0
0022200149,2022-23,2022-11-07,ATL,MIL,19.0,1,-1.0150769522279735,-64.0650406504065,-0.33333333333333337
0022200162,2022-23,2022-11-09,ATL,UTA,-6.0,0,-1.2056626811021114,-75.0,0.0
0022200173,2022-23,2022-11-10,ATL,PHI,9.0,1,0.13213183436184167,5.873983739837399,0.09999999999999998
0022200214,2022-23,2022-11-16,ATL,BOS,-25.0,0,-0.017842345262329695,-0.9756097560975547,-0.20000000000000007
0022200235,2022-23,2022-11-19,ATL,TOR,2.0,1,-0.6236401882788734,-30.040650406504067,-0.09999999999999998
0022200263,2022-23,2022-11-23,ATL,SAC,9.0,1,-1.0195445547431592,-57.560975609756085,-0.20000000000000007
0022200293,2022-23,2022-11-27,ATL,MIA,-8.0,0,0.10896841036119109,7.5406504065040565,0.0
0022200327,2022-23,2022-12-02,ATL,DEN,8.0,1,-0.2150517689200796,-15.44715447154472,-0.19999999999999996
0022200354,2022-23,2022-12-05,ATL,OKC,-7.0,0,-1.1481799936409667,-62.35772357723576,0.09999999999999998
0022200400,2022-23,2022-12-11,ATL,CHI,1.0,1,-0.2686801278694011,-18.455284552845526,-0.2
0022200454,2022-23,2022-12-19,ATL,ORL,1.0,1,-1.3494521104182906,-77.92682926829268,-0.19999999999999996
0022200468,2022-23,2022-12-21,ATL,CHI,-2.0,0,-1.4073472360685435,-81.26016260162602,0.2
0022200481,2022-23,2022-12-23,ATL,DET,25.0,1,-1.011844091717043,-63.90243902439025,0.2
0022200517,2022-23,2022-12-28,ATL,BKN,-1.0,0,0.016059703463990462,0.731707317073166,-0.5
0022200530,2022-23,2022-12-30,ATL,LAL,-9.0,0,-1.2487534589394866,-76.6260162601626,0.0
0022200620,2022-23,2023-01-11,ATL,MIL,-9.0,0,0.18097284540011652,14.227642276422756,0.0
0022200661,2022-23,2023-01-16,ATL,MIA,8.0,1,-0.15287189100658516,-10.386178861788629,-0.29999999999999993
0022200684,2022-23,2023-01-20,ATL,NYK,15.0,1,0.03418187780548021,2.378048780487802,-0.09999999999999998
0022200694,2022-23,2023-01-21,ATL,CHA,-4.0,0,-0.21374594322179338,-15.223577235772353,0.49999999999999994
0022200745,2022-23,2023-01-28,ATL,LAC,-7.0,0,-1.2838564728282063,-63.902439024390254,0.09999999999999998
0022200832,2022-23,2023-02-09,ATL,PHX,9.0,1,-0.26473172508730974,-13.821138211382134,-0.4
0022200850,2022-23,2023-02-11,ATL,SAS,19.0,1,-1.4145425792982391,-81.58536585365853,0.4
0022200876,2022-23,2023-02-15,ATL,NYK,-21.0,0,-0.3108614498975047,-20.548780487804883,-0.09999999999999998
0022200896,2022-23,2023-02-24,ATL,CLE,17.0,1,-1.3242926621936406,-45.71138211382114,-0.29999999999999993
0022200911,2022-23,2023-02-26,ATL,BKN,2.0,1,-0.8937050246527912,-44.77642276422765,0.09999999999999998
0022200923,2022-23,2023-02-28,ATL,WAS,-3.0,0,-0.8937050246527911,-55.85365853658537,0.19999999999999996
0022200947,2022-23,2023-03-03,ATL,POR,18.0,1,-1.9101383000451242,-92.4390243902439,0.2
0022201008,2022-23,2023-03-11,ATL,BOS,-9.0,0,0.4018523300416288,26.78861788617887,0.0
0022201021,2022-23,2023-03-13,ATL,MIN,-21.0,0,-0.24105667224153873,-14.308943089430898,0.09999999999999998
0022201048,2022-23,2023-03-17,ATL,GSW,8.0,1,-1.9880842954636044,-92.84552845528455,-0.09999999999999998
0022201078,2022-23,2023-03-21,ATL,DET,22.0,1,0.11986369047555469,7.764227642276417,0.30000000000000004
0022201107,2022-23,2023-03-25,ATL,IND,13.0,1,-0.947528742968051,-47.23577235772357,-0.09999999999999998
0022201115,2022-23,2023-03-26,ATL,MEM,-4.0,0,-0.5295905741379442,-35.7520325203252,-0.30000000000000004
0022201131,2022-23,2023-03-28,ATL,CLE,2.0,1,-0.298011123602042,-18.983739837398375,-0.30000000000000004
0022201167,2022-23,2023-04-02,ATL,DAL,2.0,1,-1.095969941810125,-52.804878048780495,0.10000000000000003
0022201191,2022-23,2023-04-05,ATL,WAS,18.0,1,0.012973556058429758,1.0162601626016254,0.39999999999999997
0022201205,2022-23,2023-04-07,ATL,PHI,-5.0,0,-0.9335852641666431,-60.56910569105692,0.19999999999999996
0022200083,2022-23,2022-10-29,BKN,IND,-9.0,0,-1.0401544074722893,-64.71544715447155,-0.1333333333333333
0022200098,2022-23,2022-10-31,BKN,IND,7.0,1,-0.5884719374364293,-38.02845528455285,-0.26190476190476186
0022200103,2022-23,2022-11-01,BKN,CHI,-9.0,0,0.08791077525014405,6.483739837398375,-0.14285714285714285
0022200164,2022-23,2022-11-09,BKN,NYK,27.0,1,-0.22036934342936346,-14.55284552845528,-0.09999999999999998
0022200243,2022-23,2022-11-20,BKN,MEM,12.0,1,0.10791285993335127,6.422764227642276,0.0
0022200290,2022-23,2022-11-27,BKN,POR,14.0,1,-0.2288219661808515,-14.430894308943095,0.0
0022200302,2022-23,2022-11-28,BKN,ORL,7.0,1,-0.014303947105961154,-0.6707317073170742,0.3
0022200315,2022-23,2022-11-30,BKN,WAS,6.0,1,-0.4107830803940892,-26.300813008130078,0.0
0022200329,2022-23,2022-12-02,BKN,TOR,9.0,1,-0.8513267951401053,-56.66666666666667,0.09999999999999998
0022200346,2022-23,2022-12-04,BKN,BOS,-11.0,0,-0.4098880625775107,-26.260162601626014,-0.10000000000000009
0022200364,2022-23,2022-12-07,BKN,CHA,6.0,1,-0.9723669779005303,-49.1260162601626,0.29999999999999993
0022200380,2022-23,2022-12-09,BKN,ATL,4.0,1,-0.3448333393649759,-22.113821138211385,0.29999999999999993
0022200470,2022-23,2022-12-21,BKN,GSW,30.0,1,-1.2682376973846505,-75.85365853658536,0.5
0022200483,2022-23,2022-12-23,BKN,MIL,18.0,1,-0.9178620215452582,-57.27642276422765,0.20000000000000007
0022200555,2022-23,2023-01-02,BKN,SAS,36.0,1,-0.6368820942389216,-40.65040650406503,0.6
0022200627,2022-23,2023-01-12,BKN,BOS,-11.0,0,-0.8165736632312814,-53.33333333333333,0.09999999999999998
0022200651,2022-23,2023-01-15,BKN,OKC,-10.0,0,-1.8045946950991114,-88.29268292682926,0.20000000000000007
0022200731,2022-23,2023-01-26,BKN,DET,-8.0,0,0.819783703805268,51.30081300813008,0.2
0022200742,2022-23,2023-01-28,BKN,NYK,7.0,1,-0.5275824500647965,-34.207317073170735,-0.09999999999999998
0022200757,2022-23,2023-01-30,BKN,LAL,17.0,1,-0.5275824500647965,-34.207317073170735,0.0
0022200793,2022-23,2023-02-04,BKN,WAS,2.0,1,-0.6711657345365497,-37.642276422764226,-0.29999999999999993
0022200810,2022-23,2023-02-06,BKN,LAC,-8.0,0,-1.052463493993576,-66.09756097560975,-0.19999999999999996
0022200817,2022-23,2023-02-07,BKN,PHX,-4.0,0,-0.13730895907078294,-9.573170731707322,-0.30000000000000004
0022200833,2022-23,2023-02-09,BKN,CHI,11.0,1,-0.8337954568790861,-54.796747967479675,-0.09999999999999998
0022200846,2022-23,2023-02-11,BKN,PHI,-3.0,0,-0.6419812306461945,-42.52032520325203,-0.19999999999999996
0022200878,2022-23,2023-02-15,BKN,MIA,11.0,1,-0.3909931563552529,-23.109756097560975,-0.19999999999999996
0022200924,2022-23,2023-02-28,BKN,MIL,-14.0,0,-0.3441483426380694,-19.308943089430898,-0.7
0022200965,2022-23,2023-03-05,BKN,CHA,16.0,1,-0.1670325335145059,-10.101626016260155,-0.2
0022201043,2022-23,2023-03-16,BKN,SAC,-5.0,0,-0.4804862251312816,-26.382113821138233,-0.30000000000000004
0022201063,2022-23,2023-03-19,BKN,DEN,-6.0,0,-1.3696510482516897,-77.39837398373983,0.0
0022201079,2022-23,2023-03-21,BKN,CLE,-6.0,0,-0.16933247727488715,-4.83739837398374,-0.19999999999999996
0022201094,2022-23,2023-03-23,BKN,CLE,-2.0,0,-0.23538877497457172,-6.077235772357723,-0.19999999999999996
0022201137,2022-23,2023-03-29,BKN,HOU,9.0,1,-0.6038898974655877,-37.19512195121951,0.0
0022201153,2022-23,2023-03-31,BKN,ATL,17.0,1,-0.2001351546315175,-12.154471544715449,-0.09999999999999998
0022201164,2022-23,2023-04-02,BKN,UTA,1.0,1,-0.8821294422315391,-55.24390243902438,0.0
0022201180,2022-23,2023-04-04,BKN,MIN,-5.0,0,-0.7194173032069542,-48.33333333333333,0.0
0022201207,2022-23,2023-04-07,BKN,ORL,17.0,1,-0.4274951952396065,-29.186991869918693,-0.09999999999999998
0022201217,2022-23,2023-04-09,BKN,PHI,-29.0,0,-0.594117706735146,-38.73983739837398,0.09999999999999998
0022200089,2022-23,2022-10-30,BOS,WAS,18.0,1,-0.4441250663437468,-24.918699186991873,0.0
0022200124,2022-23,2022-11-04,BOS,CHI,4.0,1,-0.6038740763029797,-37.86585365853658,0.015873015873015817
0022200163,2022-23,2022-11-09,BOS,DET,16.0,1,0.37760348161186175,26.7479674796748,0.49999999999999994
0022200176,2022-23,2022-11-11,BOS,DEN,19.0,1,-0.7156953132271661,-47.804878048780495,-0.10000000000000009
0022200201,2022-23,2022-11-14,BOS,OKC,4.0,1,-0.452150962686045,-30.0,0.09999999999999998
0022200264,2022-23,2022-11-23,BOS,DAL,13.0,1,0.12828004416777594,10.365853658536587,0.30000000000000004
0022200275,2022-23,2022-11-25,BOS,SAC,18.0,1,-0.9601502618603677,-61.30081300813008,0.09999999999999998
0022200294,2022-23,2022-11-27,BOS,WAS,9.0,1,-0.5037910794100036,-32.92682926829268,0.30000000000000004
0022200301,2022-23,2022-11-28,BOS,CHA,35.0,1,0.3147423754533387,24.20731707317073,0.6000000000000001
0022200314,2022-23,2022-11-30,BOS,MIA,13.0,1,-0.09246250039782578,-8.699186991869922,0.30000000000000004
0022200328,2022-23,2022-12-02,BOS,MIA,-4.0,0,-0.11623055778240088,-9.959349593495936,0.4
0022200430,2022-23,2022-12-16,BOS,ORL,-8.0,0,0.5671064697465826,39.10569105691057,0.29999999999999993
0022200445,2022-23,2022-12-18,BOS,ORL,-3.0,0,0.0014638297048850113,6.483739837398375,0.09999999999999998
0022200469,2022-23,2022-12-21,BOS,IND,-5.0,0,-0.4803065382525945,-13.130081300813007,0.2
0022200482,2022-23,2022-12-23,BOS,MIN,12.0,1,-0.9610866858660387,-61.422764227642276,-0.09999999999999998
0022200495,2022-23,2022-12-25,BOS,MIL,21.0,1,-0.9973975440740197,-63.29268292682927,-0.09999999999999998
0022200507,2022-23,2022-12-27,BOS,HOU,24.0,1,-1.1042593530150489,-67.47967479674797,0.09999999999999998
0022200525,2022-23,2022-12-29,BOS,LAC,6.0,1,-0.8015841643133408,-52.5609756097561,-0.19999999999999996
0022200606,2022-23,2023-01-09,BOS,CHI,8.0,1,-0.0808649506347883,-5.426829268292678,-0.09999999999999998
0022200621,2022-23,2023-01-11,BOS,NOP,11.0,1,-0.6795138413183185,-44.55284552845528,0.09999999999999998
0022200679,2022-23,2023-01-19,BOS,GSW,3.0,1,-0.6770686625135436,-42.5609756097561,0.20000000000000007
0022200730,2022-23,2023-01-26,BOS,NYK,-3.0,0,-0.01933001814865291,-0.6504065040650389,0.30000000000000004
0022200749,2022-23,2023-01-28,BOS,LAL,4.0,1,-0.9447504319607369,-61.016260162601625,0.19999999999999996
0022200772,2022-23,2023-02-01,BOS,BKN,43.0,1,-0.9206025462285048,-46.46341463414633,0.29999999999999993
0022200788,2022-23,2023-02-03,BOS,PHX,-12.0,0,-1.2245235787317403,-76.01626016260163,0.09999999999999998
0022200824,2022-23,2023-02-08,BOS,PHI,7.0,1,-0.01726902094064542,-0.6504065040650389,-0.20000000000000007
0022200838,2022-23,2023-02-10,BOS,CHA,11.0,1,-0.5618194538310327,-33.048780487804876,0.3
0022200855,2022-23,2023-02-12,BOS,MEM,10.0,1,-0.4880091764213594,-31.951219512195124,0.3
0022200877,2022-23,2023-02-15,BOS,DET,18.0,1,0.8161127633228858,50.46747967479674,0.3
0022200935,2022-23,2023-03-01,BOS,CLE,4.0,1,0.10453460013012932,6.666666666666671,0.0
0022200948,2022-23,2023-03-03,BOS,BKN,-10.0,0,-0.5245849272635414,-33.983739837398375,0.6000000000000001
0022200969,2022-23,2023-03-05,BOS,NYK,-2.0,0,-0.6229492966021744,-41.17886178861788,-0.20000000000000007
0022200986,2022-23,2023-03-08,BOS,POR,22.0,1,-0.47624434985508535,-31.422764227642283,0.09999999999999998
0022201097,2022-23,2023-03-24,BOS,IND,25.0,1,-0.09305125916636339,-6.585365853658551,0.0
0022201116,2022-23,2023-03-26,BOS,SAS,44.0,1,-1.034060833485061,-64.95934959349593,0.3
0022201152,2022-23,2023-03-31,BOS,UTA,8.0,1,0.00436675811465187,0.18292682926829684,0.19999999999999996
0022201192,2022-23,2023-04-05,BOS,TOR,4.0,1,-0.5197464970906309,-29.959349593495936,0.0
0022201206,2022-23,2023-04-07,BOS,TOR,19.0,1,-0.825324542115886,-50.58943089430895,0.09999999999999998
0022201216,2022-23,2023-04-09,BOS,ATL,6.0,1,-0.4879088822063392,-31.91056910569106,0.09999999999999998
0022200082,2022-23,2022-10-29,CHA,GSW,7.0,1,-0.619733257261433,-22.276422764227647,-0.19999999999999996
0022200096,2022-23,2022-10-31,CHA,SAC,-7.0,0,-1.1102503432228004,-67.60162601626017,0.3
0022200133,2022-23,2022-11-05,CHA,BKN,-4.0,0,-0.02761644653380435,-1.2195121951219505,0.0
0022200144,2022-23,2022-11-07,CHA,WAS,-8.0,0,-1.1667356549534638,-68.57723577235772,-0.10000000000000003
0022200159,2022-23,2022-11-09,CHA,POR,-10.0,0,-0.9605294760584262,-61.829268292682926,-0.49999999999999994
0022200211,2022-23,2022-11-16,CHA,IND,-12.0,0,0.750317143477434,45.85365853658536,-0.39999999999999997
0022200260,2022-23,2022-11-23,CHA,PHI,6.0,1,-0.924414767368642,-65.0,-0.5
0022200272,2022-23,2022-11-25,CHA,MIN,2.0,1,-0.8095719369592131,-49.0650406504065,-0.39999999999999997
0022200326,2022-23,2022-12-02,CHA,WAS,1.0,1,-0.9674955134509501,-62.86585365853659,-0.2
0022200339,2022-23,2022-12-03,CHA,MIL,-9.0,0,-0.9591441498375288,-56.768292682926834,-0.09999999999999998
0022200352,2022-23,2022-12-05,CHA,LAC,-2.0,0,-1.5434811894047833,-83.41463414634147,-0.09999999999999998
0022200377,2022-23,2022-12-09,CHA,NYK,-19.0,0,-0.11793485042721734,-7.967479674796742,-0.10000000000000003
0022200414,2022-23,2022-12-14,CHA,DET,-7.0,0,-0.02013056333510832,-0.44715447154471377,0.0
0022200428,2022-23,2022-12-16,CHA,ATL,-19.0,0,-1.045284481435963,-65.48780487804878,0.0
0022200523,2022-23,2022-12-29,CHA,OKC,8.0,1,0.7552618846139666,38.86178861788617,-0.2
0022200539,2022-23,2022-12-31,CHA,BKN,-17.0,0,-0.13848229853871974,-10.8130081300813,-0.7
0022200551,2022-23,2023-01-02,CHA,LAL,-6.0,0,-0.6107236781927482,-40.08130081300813,-0.10000000000000003
0022200564,2022-23,2023-01-04,CHA,MEM,-24.0,0,-0.4964649382334925,-32.601626016260155,-0.3
0022200642,2022-23,2023-01-14,CHA,BOS,-16.0,0,-0.27034417771017694,-19.36991869918699,-0.6000000000000001
0022200656,2022-23,2023-01-16,CHA,BOS,-12.0,0,-0.3530831624618575,-22.926829268292686,-0.6000000000000001
0022200732,2022-23,2023-01-26,CHA,CHI,15.0,1,0.5212260325448657,35.77235772357724,-0.3
0022200752,2022-23,2023-01-29,CHA,MIA,5.0,1,-0.6468818735334546,-41.036585365853654,-0.39999999999999997
0022200802,2022-23,2023-02-05,CHA,ORL,-6.0,0,-0.7013586481333762,-41.48373983739838,-0.09999999999999998
0022200847,2022-23,2023-02-11,CHA,DEN,-14.0,0,0.07780827101653898,5.528455284552848,-0.3
0022200857,2022-23,2023-02-13,CHA,ATL,6.0,1,-0.4162342928599474,-26.6260162601626,-0.3
0022200873,2022-23,2023-02-15,CHA,SAS,10.0,1,-1.0559331598819397,-65.40650406504065,0.3
0022200904,2022-23,2023-02-25,CHA,MIA,5.0,1,-0.36008521320959247,-24.918699186991866,-0.10000000000000003
0022200919,2022-23,2023-02-27,CHA,DET,11.0,1,-0.4847083962261044,-27.15447154471545,0.2
0022200933,2022-23,2023-03-01,CHA,PHX,-14.0,0,-0.3268451633495586,-20.569105691056905,-0.09999999999999998
0022200946,2022-23,2023-03-03,CHA,ORL,-11.0,0,-0.9576803201326438,-61.5040650406504,0.0
0022201005,2022-23,2023-03-11,CHA,UTA,-8.0,0,-0.6768066429922596,-40.71138211382115,0.29999999999999993
0022201015,2022-23,2023-03-12,CHA,CLE,-6.0,0,-0.5665469239547977,-38.88211382113822,0.09999999999999998
0022201027,2022-23,2023-03-14,CHA,CLE,-16.0,0,-0.47077754994914334,-30.12195121951219,0.0
0022201047,2022-23,2023-03-17,CHA,PHI,-39.0,0,-0.6245911698696822,-39.04471544715447,-0.29999999999999993
0022201071,2022-23,2023-03-20,CHA,IND,6.0,1,-0.7313131094088134,-33.048780487804876,-0.3
0022201113,2022-23,2023-03-26,CHA,DAL,6.0,1,-0.11769438748728589,-8.048780487804876,0.10000000000000003
0022201148,2022-23,2023-03-31,CHA,CHI,-30.0,0,-0.6364158219978551,-39.99999999999999,-0.09999999999999998
0022201163,2022-23,2023-04-02,CHA,TOR,-20.0,0,-0.6999666078655679,-41.829268292682926,-0.19999999999999996
0022201176,2022-23,2023-04-04,CHA,TOR,-20.0,0,-0.3530831624618576,-22.520325203252035,-0.29999999999999993
0022201202,2022-23,2023-04-07,CHA,HOU,-3.0,0,-0.8443655578378441,-41.34146341463415,0.2
0022200084,2022-23,2022-10-29,CHI,PHI,-5.0,0,-0.5997963385312215,-27.15447154471545,0.16666666666666669
0022200111,2022-23,2022-11-02,CHI,CHA,18.0,1,0.2721039408787502,16.54471544715446,0.07142857142857145
0022200151,2022-23,2022-11-07,CHI,TOR,14.0,1,0.1191582171921709,3.82113821138212,-0.19999999999999996
0022200166,2022-23,2022-11-09,CHI,NOP,-4.0,0,-0.8632817367139626,-57.642276422764226,0.0
0022200196,2022-23,2022-11-13,CHI,DEN,-23.0,0,-1.6826507296293123,-88.9430894308943,-0.19999999999999996
0022200227,2022-23,2022-11-18,CHI,ORL,-1.0,0,-0.33393758989631483,-22.439024390243908,-0.10000000000000003
0022200250,2022-23,2022-11-21,CHI,BOS,14.0,1,-0.8285372373270545,-39.95934959349593,-0.6000000000000001
0022200367,2022-23,2022-12-07,CHI,WAS,4.0,1,0.16860139520093448,9.837398373983739,0.0
0022200391,2022-23,2022-12-10,CHI,DAL,29.0,1,-1.2999105230670303,-72.03252032520325,0.0
0022200418,2022-23,2022-12-14,CHI,NYK,-8.0,0,-0.2311104774667876,-10.975609756097555,-0.09999999999999998
0022200434,2022-23,2022-12-16,CHI,NYK,-23.0,0,0.0014638297048850113,6.483739837398375,-0.19999999999999996
0022200501,2022-23,2022-12-26,CHI,HOU,-15.0,0,0.33539093309913703,18.25203252032521,0.2
0022200519,2022-23,2022-12-28,CHI,MIL,6.0,1,-1.010916183204456,-63.82113821138212,0.0
0022200532,2022-23,2022-12-30,CHI,DET,14.0,1,-0.6461171024079816,-38.78048780487806,0.3
0022200540,2022-23,2022-12-31,CHI,CLE,-1.0,0,-0.23244657993087753,-16.15853658536585,-0.09999999999999998
0022200570,2022-23,2023-01-04,CHI,BKN,9.0,1,-0.026816619651313017,-1.2804878048780353,-0.5
0022200592,2022-23,2023-01-07,CHI,UTA,8.0,1,0.48933159725193837,31.869918699186982,0.39999999999999997
0022200636,2022-23,2023-01-13,CHI,OKC,-14.0,0,-0.6367754765450688,-26.7479674796748,0.0
0022200650,2022-23,2023-01-15,CHI,GSW,14.0,1,-0.3745337666753715,-24.715447154471548,-0.09999999999999998
0022200708,2022-23,2023-01-23,CHI,ATL,11.0,1,0.6826759442598604,26.504065040650403,-0.19999999999999996
0022200766,2022-23,2023-01-31,CHI,LAC,-5.0,0,-0.7160993001300887,-47.073170731707314,-0.09999999999999998
0022200781,2022-23,2023-02-02,CHI,CHA,16.0,1,-0.482400937917,-27.113821138211385,0.0
0022200796,2022-23,2023-02-04,CHI,POR,8.0,1,-1.5415855828152676,-83.3739837398374,-0.09999999999999998
0022200811,2022-23,2023-02-06,CHI,SAS,24.0,1,0.019448785428256954,6.9105691056910565,0.5
0022200863,2022-23,2023-02-13,CHI,ORL,-9.0,0,-0.26781901911485395,-18.27235772357723,-0.09999999999999998
0022200883,2022-23,2023-02-16,CHI,MIL,-12.0,0,0.6586327931181903,41.30081300813009,-0.6
0022200900,2022-23,2023-02-24,CHI,BKN,44.0,1,-0.8052418699774273,-14.857723577235772,-0.2
0022200912,2022-23,2023-02-26,CHI,WAS,20.0,1,-0.7930560385448964,-38.10975609756098,-0.09999999999999998
0022200950,2022-23,2023-03-03,CHI,PHX,-21.0,0,-0.16184516160215345,-11.178861788617894,-0.39999999999999997
0022200963,2022-23,2023-03-05,CHI,IND,-3.0,0,-0.33363437703360055,-21.300813008130078,0.0
0022201037,2022-23,2023-03-15,CHI,SAC,-3.0,0,-1.3581589976146042,-83.33333333333333,-0.30000000000000004
0022201050,2022-23,2023-03-17,CHI,MIN,8.0,1,-0.43865605974604904,-24.796747967479675,0.09999999999999998
0022201060,2022-23,2023-03-18,CHI,MIA,14.0,1,-0.28330344145277003,-13.231707317073173,0.0
0022201087,2022-23,2023-03-22,CHI,PHI,-25.0,0,-0.11769438748728578,-7.642276422764226,-0.20000000000000007
0022201140,2022-23,2023-03-29,CHI,LAL,-11.0,0,0.39544638180851344,25.65040650406503,0.09999999999999998
0022201165,2022-23,2023-04-02,CHI,MEM,21.0,1,0.06131987033068535,3.49593495934959,-0.20000000000000007
0022201182,2022-23,2023-04-04,CHI,ATL,-18.0,0,-0.4548446063290621,-28.49593495934959,0.19999999999999996
0022201223,2022-23,2023-04-09,CHI,DET,22.0,1,-0.3528001475590744,-24.674796747967484,0.4
0022200090,2022-23,2022-10-30,CLE,NYK,13.0,1,-0.5642198843783315,-39.0040650406504,0.20000000000000007
0022200107,2022-23,2022-11-02,CLE,BOS,1.0,1,-0.5780179991370421,-28.130081300813007,0.16666666666666674
0022200193,2022-23,2022-11-13,CLE,MIN,-5.0,0,0.3304241407522718,10.894308943089442,0.39999999999999997
0022200225,2022-23,2022-11-18,CLE,CHA,10.0,1,-0.1338145684148674,-8.45528455284552,0.4
0022200244,2022-23,2022-11-20,CLE,MIA,26.0,1,-1.0150536205246952,-64.0040650406504,0.0
0022200248,2022-23,2022-11-21,CLE,ATL,12.0,1,0.05167218176966297,4.004065040650403,-0.09999999999999998
0022200261,2022-23,2022-11-23,CLE,POR,18.0,1,-0.787690891348631,-51.849593495934954,0.0
0022200312,2022-23,2022-11-30,CLE,PHI,28.0,1,-0.18877522231465987,-11.341463414634148,-0.19999999999999996
0022200330,2022-23,2022-12-02,CLE,ORL,11.0,1,-0.5881740752293647,-37.886178861788615,0.39999999999999997
0022200360,2022-23,2022-12-06,CLE,LAL,14.0,1,-0.3358520972461298,-23.516260162601625,-0.10000000000000009
0022200381,2022-23,2022-12-09,CLE,SAC,-11.0,0,-1.3008316606444306,-72.1341463414634,0.09999999999999998
0022200390,2022-23,2022-12-10,CLE,OKC,8.0,1,-0.32795829254163694,-22.703252032520325,0.19999999999999996
0022200431,2022-23,2022-12-16,CLE,IND,6.0,1,0.21947808630070464,15.670731707317067,0.19999999999999996
0022200440,2022-23,2022-12-17,CLE,DAL,1.0,1,-0.760945472858819,-47.743902439024396,0.0
0022200452,2022-23,2022-12-19,CLE,UTA,23.0,1,-0.787690891348631,-51.849593495934954,0.19999999999999996
0022200466,2022-23,2022-12-21,CLE,MIL,8.0,1,-0.9541471256216769,-61.34146341463415,0.0
0022200484,2022-23,2022-12-23,CLE,TOR,-11.0,0,-0.7954320810609662,-52.31707317073172,0.39999999999999997
0022200498,2022-23,2022-12-26,CLE,BKN,-8.0,0,-0.5602626386082835,-27.76422764227642,-0.20000000000000007
0022200552,2022-23,2023-01-02,CLE,CHI,11.0,1,-0.3545469921667425,-24.227642276422756,0.09999999999999998
0022200565,2022-23,2023-01-04,CLE,PHX,2.0,1,-0.9116626388433673,-59.3089430894309,0.29999999999999993
0022200658,2022-23,2023-01-16,CLE,NOP,10.0,1,0.23958416362675172,15.12195121951219,0.0
0022200685,2022-23,2023-01-20,CLE,GSW,-6.0,0,-0.6784740371978926,-28.658536585365837,0.09999999999999998
0022200695,2022-23,2023-01-21,CLE,MIL,12.0,1,0.1194324300507968,5.670731707317074,-0.09999999999999998
0022200754,2022-23,2023-01-29,CLE,LAC,23.0,1,-0.25727427549592674,-17.967479674796735,-0.29999999999999993
0022200764,2022-23,2023-01-31,CLE,MIA,-3.0,0,-0.3301058629172993,-20.93495934959349,-0.19999999999999996
0022200779,2022-23,2023-02-02,CLE,MEM,15.0,1,-1.040592228608264,-64.75609756097562,0.0
0022200822,2022-23,2023-02-08,CLE,DET,28.0,1,0.04491331727405289,1.91056910569106,0.39999999999999997
0022200852,2022-23,2023-02-11,CLE,CHI,8.0,1,0.4362477063600497,17.642276422764226,0.19999999999999996
0022200858,2022-23,2023-02-13,CLE,SAS,8.0,1,-0.93224613747528,-60.48780487804878,0.8
0022200886,2022-23,2023-02-23,CLE,DEN,-6.0,0,-0.9559309667965765,-16.84959349593496,0.10000000000000009
0022200914,2022-23,2023-02-26,CLE,TOR,25.0,1,-0.43041288817410606,-25.203252032520325,0.0
0022200957,2022-23,2023-03-04,CLE,DET,24.0,1,0.08011907554042824,0.6910569105691025,0.5
0022200971,2022-23,2023-03-06,CLE,BOS,4.0,1,-1.0911587684328414,-69.47154471544715,0.0
0022201035,2022-23,2023-03-15,CLE,PHI,-9.0,0,0.5681487407334788,32.47967479674796,-0.09999999999999998
0022201049,2022-23,2023-03-17,CLE,WAS,23.0,1,-0.02967147157486738,-6.5853658536585336,0.19999999999999996
0022201117,2022-23,2023-03-26,CLE,HOU,17.0,1,-1.070265357141295,-71.66666666666667,0.5
0022201154,2022-23,2023-03-31,CLE,NYK,-14.0,0,-0.4925572706638867,-29.30894308943089,0.19999999999999996
0022201173,2022-23,2023-04-02,CLE,IND,10.0,1,-0.6606256037502851,-39.45121951219513,0.3
0022201218,2022-23,2023-04-09,CLE,CHA,-11.0,0,-0.255072556983734,-20.0,0.29999999999999993
0022200093,2022-23,2022-10-30,DAL,ORL,9.0,1,-0.5014529528316389,-34.49186991869918,0.23333333333333336
0022200115,2022-23,2022-11-02,DAL,UTA,3.0,1,-0.994663074626162,-64.85772357723577,-0.25
0022200127,2022-23,2022-11-04,DAL,TOR,1.0,1,-0.30236282752170895,-19.14634146341463,-0.0535714285714286
0022200155,2022-23,2022-11-07,DAL,BKN,2.0,1,-1.4632632101469776,-81.3821138211382,0.22499999999999998
0022200190,2022-23,2022-11-12,DAL,POR,5.0,1,-0.4395916029091457,-23.21138211382113,-0.09999999999999998
0022200207,2022-23,2022-11-15,DAL,LAC,2.0,1,-1.1569218227976978,-75.26422764227642,0.0
0022200218,2022-23,2022-11-16,DAL,HOU,-9.0,0,0.026489663218072793,2.0528455284552862,0.6
0022200230,2022-23,2022-11-18,DAL,DEN,28.0,1,-0.46078797969321383,-29.06504065040651,-0.09999999999999998
0022200246,2022-23,2022-11-20,DAL,DEN,-1.0,0,0.0014638297048850113,6.483739837398375,0.09999999999999998
0022200310,2022-23,2022-11-29,DAL,GSW,3.0,1,-0.2357290367070384,-15.365853658536594,-0.39999999999999997
0022200358,2022-23,2022-12-05,DAL,PHX,19.0,1,-0.1253511296244358,-8.089430894308947,-0.4
0022200386,2022-23,2022-12-09,DAL,MIL,-1.0,0,-0.17980801450880518,-12.479674796747972,-0.19999999999999996
0022200405,2022-23,2022-12-12,DAL,OKC,7.0,1,-0.5911649310592794,-37.39837398373983,0.0
0022200421,2022-23,2022-12-14,DAL,CLE,-15.0,0,-0.5392154322011656,-34.69512195121951,0.0
0022200436,2022-23,2022-12-16,DAL,POR,20.0,1,-0.5392154322011656,-34.69512195121951,-0.09999999999999998
0022200494,2022-23,2022-12-25,DAL,LAL,9.0,1,-0.6239048788448196,-39.26829268292682,0.2
0022200512,2022-23,2022-12-27,DAL,NYK,5.0,1,-0.8078468546803584,-52.88617886178862,-0.19999999999999996
0022200528,2022-23,2022-12-29,DAL,HOU,15.0,1,-1.0518007352474406,-65.28455284552845,0.3
0022200577,2022-23,2023-01-05,DAL,BOS,-29.0,0,-0.5498290579333561,-34.53252032520325,0.30000000000000004
0022200593,2022-23,2023-01-07,DAL,NOP,10.0,1,-1.043878234775322,-65.28455284552845,0.09999999999999998
0022200670,2022-23,2023-01-18,DAL,ATL,-8.0,0,-0.05508483006423198,-3.8617886178861767,0.0
0022200686,2022-23,2023-01-20,DAL,MIA,25.0,1,-0.766126240454094,-50.8130081300813,-0.29999999999999993
0022200701,2022-23,2023-01-22,DAL,LAC,-14.0,0,-0.8937624243679082,-55.89430894308944,0.10000000000000003
0022200717,2022-23,2023-01-24,DAL,WAS,-1.0,0,-0.2841714181982926,-18.455284552845526,-0.2
0022200761,2022-23,2023-01-30,DAL,DET,6.0,1,0.11912098802756356,7.72357723577236,0.09999999999999998
0022200782,2022-23,2023-02-02,DAL,NOP,5.0,1,-1.4461701286430417,-80.8130081300813,0.30000000000000004
0022200865,2022-23,2023-02-13,DAL,MIN,-3.0,0,0.3682254468745817,24.268292682926827,0.0
0022200891,2022-23,2023-02-23,DAL,SAS,26.0,1,-1.1276873696375949,-34.89837398373984,0.5
0022200913,2022-23,2023-02-26,DAL,LAL,-3.0,0,-0.9928615974352604,-37.27642276422764,0.09999999999999998
0022200929,2022-23,2023-02-28,DAL,IND,-2.0,0,-0.6191473403189248,-37.68292682926829,0.2
0022200943,2022-23,2023-03-02,DAL,PHI,7.0,1,-1.4328524345959255,-81.78861788617887,-0.19999999999999996
0022200962,2022-23,2023-03-05,DAL,PHX,-4.0,0,-1.1095243456730215,-59.22764227642277,-0.19999999999999996
0022200983,2022-23,2023-03-07,DAL,UTA,4.0,1,-0.6424976119074541,-38.516260162601625,0.0
0022201023,2022-23,2023-03-13,DAL,MEM,-16.0,0,-0.11769438748728586,-7.357723577235781,-0.3
0022201086,2022-23,2023-03-22,DAL,GSW,-2.0,0,-0.836687176782579,-51.26016260162602,0.0
0022201101,2022-23,2023-03-24,DAL,CHA,-8.0,0,-0.9247200175831511,-57.804878048780495,0.10000000000000003
0022201195,2022-23,2023-04-05,DAL,SAC,4.0,1,-0.8537215521010355,-52.03252032520326,-0.3
0022201210,2022-23,2023-04-07,DAL,CHI,-3.0,0,-0.601160434265133,-39.3089430894309,-0.2
0022201224,2022-23,2023-04-09,DAL,SAS,-21.0,0,-0.9346618140096792,-58.536585365853654,0.0
0022200078,2022-23,2022-10-28,DEN,UTA,16.0,1,-0.6108616456582958,-40.121951219512184,-0.20000000000000007
0022200138,2022-23,2022-11-05,DEN,SAS,25.0,1,-0.7562232819612383,-9.146341463414643,0.06944444444444442
0022200219,2022-23,2022-11-16,DEN,NYK,-3.0,0,-0.07302932968347609,-3.556910569105682,0.29999999999999993
0022200258,2022-23,2022-11-22,DEN,DET,-2.0,0,-0.5594701141838982,-2.642276422764212,0.5
0022200305,2022-23,2022-11-28,DEN,HOU,16.0,1,-0.19402660238943525,-2.3983739837398446,0.19999999999999996
0022200320,2022-23,2022-11-30,DEN,HOU,20.0,1,-0.47224137965402835,-26.138211382113823,0.19999999999999996
0022200362,2022-23,2022-12-06,DEN,DAL,-1.0,0,-0.2885441234912607,-1.463414634146332,0.09999999999999998
0022200393,2022-23,2022-12-10,DEN,UTA,5.0,1,0.8987137166053742,30.182926829268297,0.3
0022200422,2022-23,2022-12-14,DEN,WAS,13.0,1,-2.428284336937273,-95.32520325203252,0.5
0022200450,2022-23,2022-12-18,DEN,CHA,4.0,1,-0.27386911175187156,-2.642276422764226,0.39999999999999997
0022200465,2022-23,2022-12-20,DEN,MEM,14.0,1,-1.024909583591923,-64.51219512195122,-0.20000000000000007
0022200489,2022-23,2022-12-23,DEN,POR,13.0,1,-2.5219686721326653,-95.36585365853658,0.0
0022200497,2022-23,2022-12-25,DEN,PHX,3.0,1,-1.458642666492659,-82.39837398373984,0.3
0022200535,2022-23,2022-12-30,DEN,MIA,5.0,1,-0.14601037541131157,-1.0975609756097384,0.10000000000000009
0022200549,2022-23,2023-01-01,DEN,BOS,12.0,1,-1.4160230586232676,-72.23577235772358,0.30000000000000004
0022200579,2022-23,2023-01-05,DEN,LAC,31.0,1,-3.703718145287027e-06,-0.06097560975609895,0.19999999999999996
0022200588,2022-23,2023-01-06,DEN,CLE,13.0,1,-1.5173179210492864,-57.743902439024396,0.10000000000000009
0022200609,2022-23,2023-01-09,DEN,LAL,13.0,1,-2.296090280221255,-94.83739837398373,0.20000000000000007
0022200624,2022-23,2023-01-11,DEN,PHX,29.0,1,-2.0655254996539987,-75.2439024390244,0.6000000000000001
0022200653,2022-23,2023-01-15,DEN,ORL,3.0,1,0.4250651657969151,6.382113821138205,0.4
0022200667,2022-23,2023-01-17,DEN,POR,9.0,1,-1.6667053096878421,-74.02439024390245,0.4
0022200676,2022-23,2023-01-18,DEN,MIN,4.0,1,-1.2289486633649815,-55.77235772357723,0.30000000000000004
0022200688,2022-23,2023-01-20,DEN,IND,23.0,1,-1.6557447403750083,-73.9430894308943,0.5
0022200702,2022-23,2023-01-22,DEN,OKC,-2.0,0,-1.5460969062459986,-73.08943089430895,0.20000000000000007
0022200768,2022-23,2023-01-31,DEN,NOP,9.0,1,-0.38695946820013727,-3.4552845528455265,0.6
0022200783,2022-23,2023-02-02,DEN,GSW,17.0,1,-2.2537663722516954,-87.6829268292683,0.09999999999999998
0022200801,2022-23,2023-02-04,DEN,ATL,20.0,1,-1.477085577415953,-82.6829268292683,0.09999999999999998
0022200820,2022-23,2023-02-07,DEN,MIN,34.0,1,-0.11769438748728589,-0.5894308943089328,-0.09999999999999998
0022200881,2022-23,2023-02-15,DEN,DAL,9.0,1,0.2361667693509515,1.260162601626007,0.0
0022200918,2022-23,2023-02-26,DEN,LAC,10.0,1,0.389796158316733,4.756097560975618,0.19999999999999996
0022200952,2022-23,2023-03-03,DEN,MEM,16.0,1,-0.5116769395909144,-4.146341463414643,0.09999999999999998
0022200975,2022-23,2023-03-06,DEN,TOR,5.0,1,-2.663673111911845,-95.60975609756098,0.10000000000000009
0022200989,2022-23,2023-03-08,DEN,CHI,-21.0,0,-1.286361860245191,-77.80487804878048,0.5
0022201014,2022-23,2023-03-12,DEN,BKN,-2.0,0,-0.4302702873518778,-2.5203252032520282,0.19999999999999996
0022201109,2022-23,2023-03-25,DEN,MIL,23.0,1,0.27946421309646396,6.6056910569105725,-0.30000000000000004
0022201126,2022-23,2023-03-27,DEN,PHI,5.0,1,-2.0389342304286853,-87.23577235772358,-0.19999999999999996
0022201147,2022-23,2023-03-30,DEN,NOP,-19.0,0,-2.5377668793080272,-95.48780487804878,-0.09999999999999998
0022201175,2022-23,2023-04-02,DEN,GSW,2.0,1,-0.10338626707082865,-0.8943089430894275,-0.09999999999999998
0022201227,2022-23,2023-04-09,DEN,SAC,14.0,1,-0.8957997006508167,-22.926829268292693,0.0
0022200091,2022-23,2022-10-30,DET,GSW,14.0,1,-0.8507886634144711,-56.58536585365853,-0.33333333333333337
0022200120,2022-23,2022-11-04,DET,CLE,-24.0,0,0.3974028980731559,23.739837398373986,-0.6349206349206349
0022200146,2022-23,2022-11-07,DET,OKC,9.0,1,-1.279579231194177,-71.15853658536585,-0.2444444444444444
0022200186,2022-23,2022-11-12,DET,BOS,-9.0,0,-0.13227450995961482,-8.3739837398374,-0.49999999999999994
0022200199,2022-23,2022-11-14,DET,TOR,-4.0,0,-0.6546196945496734,-43.211382113821145,-0.3
0022200295,2022-23,2022-11-27,DET,CLE,-8.0,0,0.0879754814255187,6.077235772357724,-0.2
0022200309,2022-23,2022-11-29,DET,NYK,-30.0,0,-0.3223469293119769,-20.24390243902439,-0.2
0022200325,2022-23,2022-12-01,DET,DAL,6.0,1,-0.7499538525568962,-50.365853658536594,-0.2
0022200347,2022-23,2022-12-04,DET,MEM,-10.0,0,-1.030336734607561,-53.983739837398375,-0.2
0022200396,2022-23,2022-12-11,DET,LAL,-7.0,0,-0.5059835003657203,-25.894308943089428,-0.09999999999999998
0022200429,2022-23,2022-12-16,DET,SAC,-9.0,0,-0.9626608838869911,-56.382113821138205,-0.2
0022200447,2022-23,2022-12-18,DET,BKN,-3.0,0,-0.8295312280565195,-51.09756097560976,-0.6000000000000001
0022200461,2022-23,2022-12-20,DET,UTA,-15.0,0,-0.882176333121021,-58.73983739837399,-0.2
0022200499,2022-23,2022-12-26,DET,LAC,-11.0,0,-0.08718355152233984,-3.3333333333333357,-0.39999999999999997
0022200515,2022-23,2022-12-28,DET,ORL,20.0,1,-0.85818206921566,-53.577235772357724,-0.7000000000000001
0022200596,2022-23,2023-01-08,DET,PHI,-12.0,0,0.05761379884413842,4.796747967479682,-0.39999999999999997
0022200618,2022-23,2023-01-11,DET,MIN,17.0,1,0.28243954769514135,20.28455284552846,-0.10000000000000003
0022200632,2022-23,2023-01-13,DET,NOP,-6.0,0,-0.9268628189256201,-60.08130081300814,-0.09999999999999998
0022200648,2022-23,2023-01-15,DET,NYK,-13.0,0,-0.663998998131392,-43.69918699186992,-0.19999999999999996
0022200706,2022-23,2023-01-23,DET,MIL,-20.0,0,0.894490853705419,53.2520325203252,-0.3
0022200743,2022-23,2023-01-28,DET,HOU,-3.0,0,-0.6205799813756658,-41.78861788617887,0.19999999999999998
0022200785,2022-23,2023-02-03,DET,CHA,6.0,1,-1.0398884890474875,-58.252032520325216,-0.2
0022200794,2022-23,2023-02-04,DET,PHX,-16.0,0,-0.9283266486305051,-55.30487804878049,-0.39999999999999997
0022200808,2022-23,2023-02-06,DET,BOS,-12.0,0,-0.29749149184741985,-20.24390243902439,-0.3
0022200835,2022-23,2023-02-10,DET,SAS,7.0,1,-0.22217922984695618,-15.650406504065046,0.2
0022200903,2022-23,2023-02-25,DET,TOR,-4.0,0,-0.012248548482630572,-13.00813008130081,-0.49999999999999994
0022200934,2022-23,2023-03-01,DET,CHI,-2.0,0,-0.5313188938747336,-36.17886178861788,-0.09999999999999998
0022200977,2022-23,2023-03-06,DET,POR,-6.0,0,-1.3144710475063242,-65.08130081300813,-0.30000000000000004
0022200769,2022-23,2023-03-07,DET,WAS,-2.0,0,-0.2700164460277635,-18.06910569105691,-0.4
0022200992,2022-23,2023-03-09,DET,CHA,-10.0,0,-0.7945883089660053,-52.27642276422765,-0.5
0022201006,2022-23,2023-03-11,DET,IND,-6.0,0,-0.4192309195751017,-26.707317073170735,-0.5
0022201020,2022-23,2023-03-13,DET,IND,20.0,1,0.0014638297048850113,6.483739837398375,-0.6
0022201042,2022-23,2023-03-16,DET,DEN,-19.0,0,-0.16553222992512737,-11.707317073170728,-0.4
0022201066,2022-23,2023-03-19,DET,MIA,-12.0,0,-1.3176009619503555,-81.40243902439025,-0.4
0022201122,2022-23,2023-03-27,DET,MIL,-9.0,0,-1.3427062728540857,-77.8048780487805,-0.6
0022201177,2022-23,2023-04-04,DET,MIA,-13.0,0,0.36898756971545293,20.569105691056905,-0.4
0022201189,2022-23,2023-04-05,DET,BKN,-15.0,0,-0.5594333674667287,-38.35365853658536,-0.4
0022200156,2022-23,2022-11-07,GSW,SAC,3.0,1,-0.7458057553340586,-33.658536585365844,-0.07500000000000001
0022200182,2022-23,2022-11-11,GSW,CLE,5.0,1,-1.5806919542120703,-77.60162601626016,-0.5
0022200205,2022-23,2022-11-14,GSW,SAS,37.0,1,-0.1709733825394188,-10.040650406504056,-0.10000000000000003
0022200233,2022-23,2022-11-18,GSW,NYK,10.0,1,-0.3718800565917676,-24.146341463414636,-0.2
0022200271,2022-23,2022-11-23,GSW,LAC,17.0,1,0.4270514387887093,30.223577235772368,-0.19999999999999996
0022200284,2022-23,2022-11-25,GSW,UTA,11.0,1,-0.6924281950353026,-45.65040650406503,0.09999999999999998
0022200336,2022-23,2022-12-02,GSW,CHI,8.0,1,-0.5961294260512092,-38.90243902439025,0.19999999999999996
0022200342,2022-23,2022-12-03,GSW,HOU,19.0,1,-1.0498726718290037,-54.53252032520325,0.29999999999999993
0022200359,2022-23,2022-12-05,GSW,IND,-8.0,0,-1.3245440444870409,-71.3211382113821,0.19999999999999996
0022200392,2022-23,2022-12-10,GSW,BOS,16.0,1,-0.7119914689604434,-43.455284552845534,-0.20000000000000007
0022200496,2022-23,2022-12-25,GSW,MEM,14.0,1,-0.2233255739932297,-14.959349593495944,-0.5
0022200513,2022-23,2022-12-27,GSW,CHA,5.0,1,-1.5613966491664977,-83.8821138211382,0.09999999999999998
0022200521,2022-23,2022-12-28,GSW,UTA,5.0,1,-0.8071825774434326,-49.12601626016261,-0.09999999999999998
0022200536,2022-23,2022-12-30,GSW,POR,6.0,1,0.29020943154098705,17.276422764227643,0.0
0022200558,2022-23,2023-01-02,GSW,ATL,2.0,1,-1.2111842154333736,-77.2560975609756,0.09999999999999998
0022200573,2022-23,2023-01-04,GSW,DET,-3.0,0,-1.049719709575583,-65.73170731707317,0.39999999999999997
0022200594,2022-23,2023-01-07,GSW,ORL,-14.0,0,-1.4941681590306206,-83.45528455284553,0.09999999999999998
0022200615,2022-23,2023-01-10,GSW,PHX,-12.0,0,-1.2099302786629453,-66.13821138211382,0.5
0022200704,2022-23,2023-01-22,GSW,BKN,-4.0,0,0.048629809550057246,1.82926829268294,0.0
0022200726,2022-23,2023-01-25,GSW,MEM,2.0,1,-0.9892923573658712,-64.16666666666667,-0.29999999999999993
0022200740,2022-23,2023-01-27,GSW,TOR,12.0,1,-0.7144680224544135,-43.57723577235773,-0.19999999999999996
0022200800,2022-23,2023-02-04,GSW,DAL,6.0,1,-0.13067556467948213,-10.243902439024382,0.09999999999999998
0022200814,2022-23,2023-02-06,GSW,OKC,27.0,1,-0.7252586888446917,-48.943089430894304,0.0
0022200853,2022-23,2023-02-11,GSW,LAL,-6.0,0,-0.371740132359613,-21.21951219512195,0.19999999999999996
0022200866,2022-23,2023-02-13,GSW,WAS,9.0,1,-1.2178608757046336,-75.6910569105691,-0.19999999999999996
0022200901,2022-23,2023-02-24,GSW,HOU,15.0,1,-0.2145229354655868,-11.382113821138212,0.2
0022200916,2022-23,2023-02-26,GSW,MIN,5.0,1,-0.7319252946431766,-44.959349593495936,0.0
0022200931,2022-23,2023-02-28,GSW,POR,18.0,1,-0.22293133775481225,-12.804878048780488,0.0
0022200945,2022-23,2023-03-02,GSW,LAC,24.0,1,-0.43754152269025326,-27.45934959349593,0.19999999999999996
0022200953,2022-23,2023-03-03,GSW,NOP,9.0,1,-0.3011901653052121,-20.0609756097561,0.09999999999999998
0022201012,2022-23,2023-03-11,GSW,MIL,9.0,1,-0.11878067039361467,-5.528455284552848,-0.4
0022201025,2022-23,2023-03-13,GSW,PHX,11.0,1,-0.2327285032135206,-13.13008130081301,-0.09999999999999998
0022201103,2022-23,2023-03-24,GSW,PHI,8.0,1,-0.2467663334521893,-10.731707317073173,-0.5
0022201121,2022-23,2023-03-26,GSW,MIN,-3.0,0,-0.4556371300268338,-28.577235772357724,0.0
0022201135,2022-23,2023-03-28,GSW,NOP,11.0,1,-0.9714608820251833,-62.5609756097561,-0.19999999999999996
0022201158,2022-23,2023-03-31,GSW,SAS,15.0,1,-1.2420645191888322,-69.59349593495935,0.39999999999999997
0022201187,2022-23,2023-04-04,GSW,OKC,11.0,1,-0.601071882193835,-38.252032520325194,0.09999999999999998
0022200112,2022-23,2022-11-02,HOU,LAC,-8.0,0,-0.11769438748728583,-6.036585365853654,-0.30357142857142855
0022200203,2022-23,2022-11-14,HOU,LAC,-16.0,0,-0.6359224614988195,-40.243902439024396,-0.3
0022200228,2022-23,2022-11-18,HOU,IND,-8.0,0,-0.296806623757501,-19.817073170731703,-0.39999999999999997
0022200245,2022-23,2022-11-20,HOU,GSW,-7.0,0,-0.9773881276420535,-62.88617886178861,-0.2
0022200278,2022-23,2022-11-25,HOU,ATL,6.0,1,-1.4504695832054963,-69.47154471544715,-0.39999999999999997
0022200287,2022-23,2022-11-26,HOU,OKC,13.0,1,-0.6835414060210656,-41.646341463414636,-0.10000000000000003
0022200356,2022-23,2022-12-05,HOU,PHI,9.0,1,0.6828699423715597,45.772357723577244,-0.19999999999999996
0022200401,2022-23,2022-12-11,HOU,MIL,5.0,1,-0.7584897463274515,-43.983739837398375,-0.4
0022200411,2022-23,2022-12-13,HOU,PHX,14.0,1,-0.9156992503725063,-57.07317073170732,0.0
0022200424,2022-23,2022-12-15,HOU,MIA,-3.0,0,-1.19521834561198,-74.14634146341464,0.0
0022200441,2022-23,2022-12-17,HOU,POR,-12.0,0,-0.9279657619692854,-60.203252032520325,0.0
0022200455,2022-23,2022-12-19,HOU,SAS,-19.0,0,-0.23969802911041974,-14.105691056910565,0.10000000000000003
0022200472,2022-23,2022-12-21,HOU,ORL,-6.0,0,-1.0535593716920977,-65.32520325203252,-0.19999999999999996
0022200487,2022-23,2022-12-23,HOU,DAL,-6.0,0,-0.8471963632342612,-56.26016260162602,-0.09999999999999998
0022200541,2022-23,2022-12-31,HOU,NYK,-20.0,0,-0.3431229604047772,-23.4349593495935,-0.2
0022200556,2022-23,2023-01-02,HOU,DAL,-5.0,0,-0.5240230078085764,-33.90243902439025,-0.49999999999999994
0022200578,2022-23,2023-01-05,HOU,UTA,-17.0,0,-0.12564686515413845,-9.715447154471548,-0.19999999999999998
0022200601,2022-23,2023-01-08,HOU,MIN,-8.0,0,-0.7704013653887463,-48.94308943089432,-0.30000000000000004
0022200671,2022-23,2023-01-18,HOU,CHA,-5.0,0,0.12943228140196888,8.191056910569102,-0.2
0022200709,2022-23,2023-01-23,HOU,MIN,5.0,1,-0.3545469921667425,-21.443089430894318,-0.7
0022200722,2022-23,2023-01-25,HOU,WAS,-5.0,0,-0.8102713744819996,-49.1869918699187,-0.4
0022200733,2022-23,2023-01-26,HOU,CLE,-18.0,0,-0.5806008534522559,-40.264227642276424,-0.30000000000000004
0022200773,2022-23,2023-02-01,HOU,OKC,6.0,1,-0.11710899385141074,-3.7804878048780566,-0.39999999999999997
0022200789,2022-23,2023-02-03,HOU,TOR,-6.0,0,-1.553023055117559,-83.739837398374,-0.10000000000000003
0022200812,2022-23,2023-02-06,HOU,SAC,-20.0,0,-0.9792235589169269,-50.20325203252032,-0.2
0022200827,2022-23,2023-02-08,HOU,SAC,-2.0,0,-0.8238607124110009,-54.02439024390243,-0.2
0022200926,2022-23,2023-02-28,HOU,DEN,-21.0,0,-0.0902147696919878,-6.199186991869922,-0.6
0022200938,2022-23,2023-03-01,HOU,MEM,-14.0,0,-0.4545757921044356,-32.58130081300813,-0.5
0022200967,2022-23,2023-03-05,HOU,SAS,32.0,1,-0.11769438748728583,-9.024390243902438,-0.1
0022200981,2022-23,2023-03-07,HOU,BKN,-22.0,0,-0.7391528377290294,-49.91869918699187,-0.2
0022201009,2022-23,2023-03-11,HOU,CHI,-8.0,0,0.27692102873666036,18.739837398373986,-0.2
0022201024,2022-23,2023-03-13,HOU,BOS,2.0,1,-0.5813179920380696,-37.19512195121951,-0.39999999999999997
0022201038,2022-23,2023-03-15,HOU,LAL,4.0,1,-0.8374404228221064,-55.48780487804878,-0.39999999999999997
0022201051,2022-23,2023-03-17,HOU,NOP,2.0,1,-0.16716970610213513,-11.382113821138212,0.10000000000000003
0022201067,2022-23,2023-03-19,HOU,NOP,-10.0,0,0.0014638297048850113,6.483739837398375,0.2
0022201074,2022-23,2023-03-20,HOU,GSW,-13.0,0,-0.5313707899499505,-35.914634146341456,0.09999999999999998
0022201155,2022-23,2023-03-31,HOU,DET,6.0,1,0.29392786609230553,20.406504065040657,0.19999999999999998
0022201171,2022-23,2023-04-02,HOU,LAL,-25.0,0,-0.4926493710675186,-32.23577235772357,-0.3
0022201183,2022-23,2023-04-04,HOU,DEN,21.0,1,-0.7120111453268042,-47.337398373983746,-0.39999999999999997
0022200121,2022-23,2022-11-04,IND,MIA,2.0,1,-0.6591272952514937,-48.47560975609756,-0.06944444444444442
0022200147,2022-23,2022-11-07,IND,NOP,7.0,1,-1.315841519623723,-58.78048780487806,-0.11111111111111116
0022200160,2022-23,2022-11-09,IND,DEN,-3.0,0,-1.084989155572725,-68.90243902439025,-0.19999999999999996
0022200187,2022-23,2022-11-12,IND,TOR,14.0,1,-1.8435557407257492,-91.7479674796748,-0.09999999999999998
0022200236,2022-23,2022-11-19,IND,ORL,1.0,1,-0.28826330739175976,-14.349593495934968,0.29999999999999993
0022200249,2022-23,2022-11-21,IND,ORL,21.0,1,-0.3530831624618575,-22.926829268292686,0.4
0022200262,2022-23,2022-11-23,IND,MIN,-14.0,0,-0.44771257316395485,-28.089430894308947,0.30000000000000004
0022200276,2022-23,2022-11-25,IND,BKN,11.0,1,-0.7713061943343023,-51.09756097560977,0.09999999999999998
0022200378,2022-23,2022-12-09,IND,WAS,10.0,1,0.035692903594455844,1.463414634146332,0.10000000000000003
0022200388,2022-23,2022-12-10,IND,BKN,-3.0,0,-0.3584087844964043,-24.77642276422764,-0.29999999999999993
0022200402,2022-23,2022-12-12,IND,MIA,-5.0,0,-0.6235535276442694,-41.28048780487805,-0.09999999999999998
0022200415,2022-23,2022-12-14,IND,GSW,6.0,1,-0.8225997325497377,-53.983739837398375,-0.3
0022200446,2022-23,2022-12-18,IND,NYK,-3.0,0,-0.33126880585258756,-22.92682926829268,-0.39999999999999997
0022200508,2022-23,2022-12-27,IND,ATL,15.0,1,1.0584210830665282,71.30081300813008,0.0
0022200524,2022-23,2022-12-29,IND,CLE,9.0,1,0.07784291341214539,7.90650406504065,-0.09999999999999998
0022200538,2022-23,2022-12-31,IND,LAC,1.0,1,-1.0796772273764221,-66.26016260162602,-0.19999999999999996
0022200553,2022-23,2023-01-02,IND,TOR,8.0,1,-0.2596292547433878,-15.162601626016261,0.3
0022200580,2022-23,2023-01-06,IND,POR,9.0,1,-0.09421904058245381,-5.4878048780487845,0.19999999999999996
0022200598,2022-23,2023-01-08,IND,CHA,5.0,1,-0.7831641726128517,-51.66666666666666,0.29999999999999993
0022200633,2022-23,2023-01-13,IND,ATL,-2.0,0,0.029351537285520285,1.6260162601626078,0.39999999999999997
0022200643,2022-23,2023-01-14,IND,MEM,-18.0,0,-0.19823083140194445,-13.678861788617887,-0.20000000000000007
0022200713,2022-23,2023-01-24,IND,CHI,6.0,1,-0.11771741903187952,-8.943089430894311,-0.39999999999999997
0022200736,2022-23,2023-01-27,IND,MIL,-10.0,0,-0.18780301325472776,-12.764227642276431,-0.39999999999999997
0022200778,2022-23,2023-02-02,IND,LAL,-1.0,0,-0.8283108415443003,-50.934959349593484,-0.4
0022200786,2022-23,2023-02-03,IND,SAC,3.0,1,-1.044089765930954,-59.36991869918699,-0.6
0022200803,2022-23,2023-02-05,IND,CLE,-19.0,0,-0.15900969126731135,-4.654471544715447,-0.3
0022200836,2022-23,2023-02-10,IND,PHX,-13.0,0,-0.9262129372491403,-53.739837398373986,-0.49999999999999994
0022200859,2022-23,2023-02-13,IND,UTA,-6.0,0,-0.3697892358787259,-25.52845528455284,-0.2
0022200874,2022-23,2023-02-15,IND,CHI,4.0,1,-0.6503361039538407,-43.048780487804876,-0.30000000000000004
0022200887,2022-23,2023-02-23,IND,BOS,-4.0,0,-0.6088996774272786,-6.5650406504065035,-0.49999999999999994
0022200972,2022-23,2023-03-06,IND,PHI,-4.0,0,-0.20962306650452595,-11.300813008130092,-0.29999999999999993
0022200993,2022-23,2023-03-09,IND,HOU,9.0,1,-1.3474549455119087,-75.16260162601625,0.2
0022201057,2022-23,2023-03-18,IND,PHI,-20.0,0,-0.649106805901347,-42.31707317073171,-0.20000000000000007
0022201123,2022-23,2023-03-27,IND,DAL,-23.0,0,-0.5118758406989891,-34.75609756097561,0.10000000000000003
0022201136,2022-23,2023-03-29,IND,MIL,-13.0,0,-0.7935440814290062,-52.235772357723576,-0.29999999999999993
0022201149,2022-23,2023-03-31,IND,OKC,4.0,1,-0.6995798146468647,-46.382113821138205,-0.3
0022201190,2022-23,2023-04-05,IND,NYK,-9.0,0,-0.27759621453761935,-17.68292682926829,-0.39999999999999997
0022201203,2022-23,2023-04-07,IND,DET,-7.0,0,-0.6773135236466054,-40.40650406504065,0.2
0022200088,2022-23,2022-10-30,LAC,NOP,-21.0,0,0.0029719396256499137,0.2439024390243958,-0.19999999999999996
0022200102,2022-23,2022-10-31,LAC,HOU,2.0,1,-0.792465522102308,-48.80081300813008,0.19047619047619047
0022200143,2022-23,2022-11-06,LAC,UTA,-8.0,0,0.4843529821530344,32.49999999999999,-0.14444444444444438
0022200158,2022-23,2022-11-07,LAC,CLE,2.0,1,-0.35308316246185756,-24.756097560975604,-0.38888888888888884
0022200170,2022-23,2022-11-09,LAC,LAL,13.0,1,-0.8087043177482381,-52.96747967479675,0.3
0022200184,2022-23,2022-11-12,LAC,BKN,-15.0,0,-1.0183087829232864,-66.64634146341464,0.09999999999999998
0022200223,2022-23,2022-11-17,LAC,DET,5.0,1,-0.09236199639460108,-4.837398373983746,0.39999999999999997
0022200239,2022-23,2022-11-19,LAC,SAS,22.0,1,-0.8305078671415773,-54.59349593495935,0.49999999999999994
0022200255,2022-23,2022-11-21,LAC,UTA,7.0,1,-0.633312870064391,-41.97154471544715,0.09999999999999998
0022200285,2022-23,2022-11-25,LAC,DEN,-10.0,0,-0.7112382065908434,-42.21544715447154,0.0
0022200292,2022-23,2022-11-27,LAC,IND,14.0,1,-1.2028015961655696,-69.34959349593495,-0.20000000000000007
0022200338,2022-23,2022-12-03,LAC,SAC,-27.0,0,0.3327434427734032,26.138211382113816,-0.09999999999999998
0022200408,2022-23,2022-12-12,LAC,BOS,20.0,1,0.41908014952444145,20.528455284552834,-0.4
0022200423,2022-23,2022-12-14,LAC,MIN,11.0,1,-0.8687016450389626,-57.88617886178862,0.09999999999999998
0022200427,2022-23,2022-12-15,LAC,PHX,-16.0,0,-1.0724489416028016,-54.77642276422765,0.19999999999999996
0022200438,2022-23,2022-12-17,LAC,WAS,9.0,1,-0.31363610758030247,-19.552845528455286,0.4
0022200476,2022-23,2022-12-21,LAC,CHA,21.0,1,-1.225954248950091,-67.8048780487805,0.3
0022200560,2022-23,2023-01-02,LAC,MIA,-10.0,0,0.15870850344276,6.524390243902431,-0.09999999999999998
0022200604,2022-23,2023-01-08,LAC,ATL,-4.0,0,0.37844386413104825,26.300813008130085,0.0
0022200617,2022-23,2023-01-10,LAC,DAL,12.0,1,-1.0717256263443007,-65.91463414634146,-0.5
0022200639,2022-23,2023-01-13,LAC,DEN,-12.0,0,-0.9853706540051588,-50.71138211382113,-0.5
0022200649,2022-23,2023-01-15,LAC,HOU,21.0,1,-0.7128134796542915,-43.4349593495935,0.19999999999999998
0022200668,2022-23,2023-01-17,LAC,PHI,-10.0,0,-0.5899357671413142,-35.487804878048784,-0.39999999999999997
0022200735,2022-23,2023-01-26,LAC,SAS,38.0,1,-0.6293713270782002,-41.64634146341463,0.3
0022200829,2022-23,2023-02-08,LAC,DAL,-6.0,0,0.21106829487993328,8.069105691056905,0.30000000000000004
0022200845,2022-23,2023-02-10,LAC,MIL,-13.0,0,-0.6293713270782002,-41.64634146341463,-0.20000000000000007
0022200871,2022-23,2023-02-14,LAC,GSW,10.0,1,-1.2676107411528854,-70.8130081300813,0.0
0022200902,2022-23,2023-02-24,LAC,SAC,-1.0,0,-1.2668536385918618,-42.296747967479675,0.0
0022200932,2022-23,2023-02-28,LAC,MIN,-7.0,0,-0.004488092826498938,-0.24390243902438868,0.09999999999999998
0022200970,2022-23,2023-03-05,LAC,MEM,6.0,1,-0.5847409471709537,-37.41869918699188,-0.3
0022200991,2022-23,2023-03-08,LAC,TOR,8.0,1,-1.338453816467016,-82.13414634146342,-0.3
0022201004,2022-23,2023-03-11,LAC,NYK,11.0,1,-1.1082598614628052,-59.10569105691057,-0.4
0022201041,2022-23,2023-03-15,LAC,GSW,8.0,1,-1.2281751812159991,-54.04471544715447,-0.19999999999999996
0022201056,2022-23,2023-03-18,LAC,ORL,-5.0,0,-1.1879119039108215,-50.447154471544714,0.2
0022201082,2022-23,2023-03-21,LAC,OKC,-1.0,0,-0.3192545390877389,-22.398373983739837,-0.19999999999999996
0022201096,2022-23,2023-03-23,LAC,OKC,22.0,1,0.0014638297048850113,6.483739837398375,-0.30000000000000004
0022201112,2022-23,2023-03-25,LAC,NOP,-21.0,0,-1.0158795487950525,-64.1869918699187,0.09999999999999998
0022201129,2022-23,2023-03-27,LAC,CHI,12.0,1,-0.6293713270782002,-41.64634146341463,-0.09999999999999998
0022201196,2022-23,2023-04-05,LAC,LAL,7.0,1,-1.053031252814471,-47.134146341463406,-0.19999999999999996
0022201215,2022-23,2023-04-08,LAC,POR,11.0,1,-2.058207068539291,-93.86178861788618,0.3
0022200095,2022-23,2022-10-30,LAL,DEN,11.0,1,-0.09671367998808092,-6.707317073170728,-0.6666666666666666
0022200117,2022-23,2022-11-02,LAL,NOP,3.0,1,-0.3530831624618578,-11.443089430894311,-0.5
0022200131,2022-23,2022-11-04,LAL,UTA,-14.0,0,-1.3110143049299223,-78.57723577235772,-0.38095238095238093
0022200140,2022-23,2022-11-06,LAL,CLE,-14.0,0,-1.3251174737741236,-79.1869918699187,-0.625
0022200183,2022-23,2022-11-11,LAL,SAC,-6.0,0,-0.4774247046797198,-30.975609756097555,-0.2
0022200198,2022-23,2022-11-13,LAL,BKN,13.0,1,-0.5116769395909144,-33.19105691056911,-0.3
0022200234,2022-23,2022-11-18,LAL,DET,7.0,1,-1.2616703135661704,-56.117886178861795,0.09999999999999998
0022200247,2022-23,2022-11-20,LAL,SAS,31.0,1,-1.575317916091142,-85.38617886178862,0.30000000000000004
0022200308,2022-23,2022-11-28,LAL,IND,-1.0,0,0.32575920502397754,22.23577235772357,-0.19999999999999996
0022200324,2022-23,2022-11-30,LAL,POR,19.0,1,-0.7919066471934478,-51.991869918699194,0.2
0022200413,2022-23,2022-12-13,LAL,BOS,-4.0,0,0.10727420925949438,3.414634146341456,-0.09999999999999998
0022200437,2022-23,2022-12-16,LAL,DEN,18.0,1,-0.9853706540051588,-50.71138211382113,-0.19999999999999996
0022200451,2022-23,2022-12-18,LAL,WAS,2.0,1,-0.866223931757657,-54.20731707317073,0.4
0022200492,2022-23,2022-12-23,LAL,CHA,-4.0,0,-0.11104723275670941,-6.565040650406502,0.30000000000000004
0022200574,2022-23,2023-01-04,LAL,MIA,3.0,1,0.3854657596396288,26.91056910569106,-0.19999999999999996
0022200590,2022-23,2023-01-06,LAL,ATL,16.0,1,-0.7128134796542915,-43.4349593495935,0.09999999999999998
0022200630,2022-23,2023-01-12,LAL,DAL,-4.0,0,-0.03798322517667012,-3.292682926829272,-0.09999999999999998
0022200655,2022-23,2023-01-15,LAL,PHI,-1.0,0,-1.5981332516603803,-86.78861788617886,0.0
0022200664,2022-23,2023-01-16,LAL,HOU,8.0,1,-0.7076301546286001,-43.17073170731707,0.6
0022200677,2022-23,2023-01-18,LAL,SAC,-5.0,0,-0.5596841502936643,-35.609756097560975,-0.09999999999999998
0022200690,2022-23,2023-01-20,LAL,MEM,1.0,1,-0.9694728403733084,-62.52032520325203,-0.4
0022200719,2022-23,2023-01-24,LAL,LAC,-18.0,0,-0.9116263801352182,-45.40650406504064,0.19999999999999996
0022200729,2022-23,2023-01-25,LAL,SAS,9.0,1,-0.12017210076859165,-8.61788617886178,0.3
0022200821,2022-23,2023-02-07,LAL,OKC,-3.0,0,-0.48711996733240454,-32.94715447154472,0.0
0022200834,2022-23,2023-02-09,LAL,MIL,-9.0,0,-0.3570247054480483,-22.723577235772353,-0.4
0022200882,2022-23,2023-02-15,LAL,NOP,18.0,1,-0.4369489265750247,-29.512195121951216,0.0
0022200893,2022-23,2023-02-23,LAL,GSW,13.0,1,-0.5958761947280288,-6.52439024390244,-0.09999999999999998
0022200955,2022-23,2023-03-03,LAL,MIN,-8.0,0,0.9963944582036707,64.1260162601626,0.09999999999999998
0022200964,2022-23,2023-03-05,LAL,GSW,8.0,1,-0.47818180724074316,-31.117886178861788,-0.09999999999999998
0022200984,2022-23,2023-03-07,LAL,MEM,9.0,1,-0.47077754994914334,-30.12195121951219,0.0
0022201003,2022-23,2023-03-10,LAL,TOR,10.0,1,-1.1016127067322288,-58.3130081300813,0.09999999999999998
0022201019,2022-23,2023-03-12,LAL,NYK,-4.0,0,-0.866223931757657,-54.20731707317073,0.0
0022201054,2022-23,2023-03-17,LAL,DAL,-1.0,0,-0.19486536331946275,-7.4796747967479575,0.19999999999999996
0022201070,2022-23,2023-03-19,LAL,ORL,6.0,1,-0.7470657145654861,-50.22357723577235,0.09999999999999998
0022201092,2022-23,2023-03-22,LAL,PHX,11.0,1,-1.0717256263443007,-55.8130081300813,0.09999999999999998
0022201106,2022-23,2023-03-24,LAL,OKC,5.0,1,-0.866223931757657,-54.20731707317073,-0.09999999999999998
0022201114,2022-23,2023-03-26,LAL,CHI,-10.0,0,-0.8701654747438476,-54.53252032520325,0.09999999999999998
0022201212,2022-23,2023-04-07,LAL,PHX,14.0,1,-0.7156705242567932,-47.764227642276424,0.0
0022201228,2022-23,2023-04-09,LAL,UTA,11.0,1,-0.9672980948772949,-62.235772357723576,0.6000000000000001
0022200125,2022-23,2022-11-04,MEM,CHA,31.0,1,0.3292418818090611,22.682926829268304,0.25
0022200142,2022-23,2022-11-06,MEM,WAS,6.0,1,-0.7472717029076178,-50.28455284552845,0.2222222222222222
0022200152,2022-23,2022-11-07,MEM,BOS,-3.0,0,-0.6030322833457324,-41.72764227642277,0.033333333333333326
0022200181,2022-23,2022-11-11,MEM,MIN,11.0,1,-0.12319270300974358,-7.926829268292678,0.19999999999999996
0022200229,2022-23,2022-11-18,MEM,OKC,11.0,1,-1.2390030739085245,-75.77235772357724,0.0
0022200257,2022-23,2022-11-22,MEM,SAC,-4.0,0,-0.3760494550043469,-25.52845528455284,-0.20000000000000007
0022200279,2022-23,2022-11-25,MEM,NOP,21.0,1,-0.8617648328747133,-42.764227642276424,-0.09999999999999998
0022200332,2022-23,2022-12-02,MEM,PHI,8.0,1,-0.6941157064754545,-43.08943089430894,-0.19999999999999996
0022200357,2022-23,2022-12-05,MEM,MIA,8.0,1,0.24047503307076323,16.463414634146346,0.0
0022200368,2022-23,2022-12-07,MEM,OKC,21.0,1,-0.6618706274170867,-43.536585365853654,0.09999999999999998
0022200383,2022-23,2022-12-09,MEM,DET,11.0,1,-0.7275757232186078,-49.14634146341464,0.29999999999999993
0022200404,2022-23,2022-12-12,MEM,ATL,25.0,1,-1.4527633910341138,-81.13821138211382,0.29999999999999993
0022200425,2022-23,2022-12-15,MEM,MIL,41.0,1,-0.974909980360367,-49.47154471544715,0.0
0022200510,2022-23,2022-12-27,MEM,PHX,-17.0,0,0.07712977916525529,5.365853658536594,0.39999999999999997
0022200543,2022-23,2022-12-31,MEM,NOP,15.0,1,-0.17245784024850758,-12.073170731707322,0.0
0022200547,2022-23,2023-01-01,MEM,SAC,10.0,1,-0.7436608281326192,-47.5,0.09999999999999998
0022200600,2022-23,2023-01-08,MEM,UTA,5.0,1,-0.864485147118055,-53.089430894308954,0.3
0022200608,2022-23,2023-01-09,MEM,SAS,8.0,1,-0.19149411615474196,-12.78455284552846,0.39999999999999997
0022200623,2022-23,2023-01-11,MEM,SAS,6.0,1,-0.23538877497457164,-13.577235772357724,0.5
0022200663,2022-23,2023-01-16,MEM,PHX,30.0,1,-0.23448942336094833,-15.406504065040643,0.7
0022200672,2022-23,2023-01-18,MEM,CLE,1.0,1,-0.9320075277944252,-58.2520325203252,0.4
0022200753,2022-23,2023-01-29,MEM,IND,12.0,1,-0.3145469541385949,-20.650406504065046,0.4
0022200771,2022-23,2023-02-01,MEM,POR,-10.0,0,-1.2954054143344096,-71.869918699187,0.0
0022200805,2022-23,2023-02-05,MEM,TOR,-3.0,0,-1.1388823494803613,-61.58536585365854,-0.10000000000000003
0022200819,2022-23,2023-02-07,MEM,CHI,15.0,1,-0.7307747575507767,-49.430894308943095,-0.49999999999999994
0022200841,2022-23,2023-02-10,MEM,MIN,21.0,1,-1.4782061493296723,-82.4390243902439,-0.39999999999999997
0022200879,2022-23,2023-02-15,MEM,UTA,6.0,1,-0.8812705596040722,-53.49593495934959,-0.2
0022200907,2022-23,2023-02-25,MEM,DEN,18.0,1,-0.1743931331619555,-10.650406504065039,-0.4
0022200927,2022-23,2023-02-28,MEM,LAL,12.0,1,-0.8413687385994005,-41.016260162601625,-0.09999999999999998
0022200996,2022-23,2023-03-09,MEM,GSW,21.0,1,0.1773054432418409,12.520325203252042,-0.09999999999999998
0022201010,2022-23,2023-03-11,MEM,DAL,4.0,1,-0.3335931711149792,-21.26016260162602,0.2
0022201061,2022-23,2023-03-18,MEM,GSW,14.0,1,-0.5486353388127445,-27.47967479674797,0.09999999999999998
0022201075,2022-23,2023-03-20,MEM,DAL,4.0,1,-0.7002128458088996,-46.5040650406504,0.19999999999999996
0022201088,2022-23,2023-03-22,MEM,HOU,5.0,1,-0.4970357908885295,-32.68292682926829,0.09999999999999998
0022201100,2022-23,2023-03-24,MEM,HOU,37.0,1,-0.23538877497457164,-13.577235772357724,0.29999999999999993
0022201133,2022-23,2023-03-28,MEM,ORL,5.0,1,0.04997913212376372,2.3577235772357668,0.4
0022201141,2022-23,2023-03-29,MEM,LAC,-9.0,0,-0.7016766755137845,-46.11788617886178,0.20000000000000007
0022201156,2022-23,2023-03-31,MEM,LAC,14.0,1,-0.23538877497457164,-13.577235772357724,0.10000000000000009
0022201184,2022-23,2023-04-04,MEM,POR,10.0,1,-0.25418277833368,-16.869918699187004,0.6000000000000001
0022200104,2022-23,2022-11-01,MIA,GSW,7.0,1,0.09222911760399038,4.552845528455293,-0.14285714285714285
0022200109,2022-23,2022-11-02,MIA,SAC,3.0,1,-0.3111608261248072,-20.91463414634147,0.041666666666666685
0022200150,2022-23,2022-11-07,MIA,POR,-3.0,0,-1.1170018107017874,-60.65040650406504,-0.2666666666666666
0022200174,2022-23,2022-11-10,MIA,CHA,5.0,1,-1.496036141845463,-83.65853658536585,0.2
0022200189,2022-23,2022-11-12,MIA,CHA,17.0,1,-0.47224137965402835,-26.138211382113823,0.4
0022200202,2022-23,2022-11-14,MIA,PHX,1.0,1,-0.4878109587439763,-27.4390243902439,-0.19999999999999996
0022200265,2022-23,2022-11-23,MIA,WAS,8.0,1,0.647551198203074,48.08943089430894,-0.29999999999999993
0022200277,2022-23,2022-11-25,MIA,WAS,3.0,1,0.0014638297048850113,6.483739837398375,-0.19999999999999996
0022200361,2022-23,2022-12-06,MIA,DET,-20.0,0,0.6084438523230706,42.80487804878049,0.10000000000000003
0022200374,2022-23,2022-12-08,MIA,LAC,5.0,1,-0.9226929004893758,-59.67479674796748,-0.09999999999999998
0022200387,2022-23,2022-12-10,MIA,SAS,-4.0,0,-0.4884117953873609,-32.03252032520325,0.4
0022200462,2022-23,2022-12-20,MIA,CHI,-10.0,0,-0.5199502998834908,-35.48780487804877,0.3
0022200486,2022-23,2022-12-23,MIA,IND,-3.0,0,-0.8968111755737118,-45.48780487804878,0.19999999999999996
0022200500,2022-23,2022-12-26,MIA,MIN,3.0,1,-0.6205230109573692,-29.756097560975608,0.0
0022200518,2022-23,2022-12-28,MIA,LAL,14.0,1,-1.1595455051688326,-72.23577235772358,0.19999999999999996
0022200599,2022-23,2023-01-08,MIA,BKN,-1.0,0,-0.07349122911063394,-3.170731707317074,-0.30000000000000004
0022200611,2022-23,2023-01-10,MIA,OKC,1.0,1,-0.7287346703223032,-49.26829268292683,-0.09999999999999998
0022200628,2022-23,2023-01-12,MIA,MIL,6.0,1,-0.9776049226270602,-62.96747967479675,0.09999999999999998
0022200641,2022-23,2023-01-14,MIA,MIL,16.0,1,-0.47077754994914334,-30.12195121951219,0.19999999999999996
0022200699,2022-23,2023-01-22,MIA,NOP,4.0,1,0.07736482989483401,5.447154471544728,0.3
0022200714,2022-23,2023-01-24,MIA,BOS,3.0,1,-0.9226929004893758,-59.67479674796748,-0.30000000000000004
0022200738,2022-23,2023-01-27,MIA,ORL,5.0,1,-0.9241567301942608,-46.6260162601626,0.19999999999999996
0022200825,2022-23,2023-02-08,MIA,IND,5.0,1,-0.11653429544992736,-3.6585365853658516,0.3
0022200840,2022-23,2023-02-10,MIA,HOU,2.0,1,-0.9535892846392544,-60.52845528455285,0.3
0022200861,2022-23,2023-02-13,MIA,DEN,-4.0,0,-0.41182180481726033,-28.069105691056897,0.09999999999999998
0022200936,2022-23,2023-03-01,MIA,PHI,-23.0,0,-0.11769438748728585,-7.520325203252035,-0.19999999999999996
0022200949,2022-23,2023-03-03,MIA,NYK,-2.0,0,-0.495772492767844,-32.5609756097561,-0.5
0022200958,2022-23,2023-03-04,MIA,ATL,8.0,1,-0.4659279830361459,-33.1910569105691,-0.09999999999999998
0022200974,2022-23,2023-03-06,MIA,ATL,2.0,1,-0.23538877497457164,-13.577235772357724,-0.09999999999999998
0022200987,2022-23,2023-03-08,MIA,CLE,-4.0,0,-0.25871417562741533,-15.081300813008127,-0.19999999999999996
0022201000,2022-23,2023-03-10,MIA,CLE,4.0,1,-0.23538877497457164,-13.577235772357724,-0.3
0022201022,2022-23,2023-03-13,MIA,UTA,4.0,1,-0.7649049672791178,-46.64634146341462,-0.09999999999999998
0022201036,2022-23,2023-03-15,MIA,MEM,19.0,1,-0.8414639532551529,-55.6910569105691,-0.09999999999999998
0022201084,2022-23,2023-03-22,MIA,NYK,7.0,1,-0.3911917536065377,-23.333333333333336,0.0
0022201108,2022-23,2023-03-25,MIA,BKN,-29.0,0,-1.0087259187518458,-52.764227642276424,0.29999999999999993
0022201161,2022-23,2023-04-01,MIA,DAL,7.0,1,-0.7039878272135257,-44.55284552845528,0.2
0022201219,2022-23,2023-04-09,MIA,ORL,13.0,1,-0.24368134818023404,-16.138211382113823,0.0
0022200100,2022-23,2022-10-31,MIL,DET,2.0,1,-1.1649177007628977,-68.4959349593496,0.7142857142857143
0022200113,2022-23,2022-11-02,MIL,DET,25.0,1,-0.23538877497457164,-13.577235772357724,0.75
0022200136,2022-23,2022-11-05,MIL,OKC,14.0,1,0.34998101907431156,24.0650406504065,0.5
0022200204,2022-23,2022-11-14,MIL,ATL,-15.0,0,-1.0588959641232938,-68.21138211382114,0.20000000000000007
0022200216,2022-23,2022-11-16,MIL,CLE,15.0,1,-0.38703605372178784,-23.617886178861788,0.09999999999999998
0022200251,2022-23,2022-11-21,MIL,POR,8.0,1,-0.9019402307646573,-54.512195121951216,0.09999999999999998
0022200267,2022-23,2022-11-23,MIL,CHI,-5.0,0,-0.36895255030812363,-23.211382113821138,0.19999999999999996
0022200280,2022-23,2022-11-25,MIL,CLE,15.0,1,-0.9001768230175872,-56.178861788617894,0.0
0022200298,2022-23,2022-11-27,MIL,DAL,9.0,1,-1.0186584607178903,-64.34959349593495,0.09999999999999998
0022200331,2022-23,2022-12-02,MIL,LAL,-4.0,0,-0.5885676594509902,-36.34146341463414,0.0
0022200369,2022-23,2022-12-07,MIL,SAC,13.0,1,0.12984403370116546,10.264227642276424,0.0
0022200410,2022-23,2022-12-13,MIL,GSW,17.0,1,-0.09604753420374687,-5.609756097560975,0.09999999999999998
0022200442,2022-23,2022-12-17,MIL,UTA,26.0,1,-0.08588632923749306,-6.178861788617887,0.19999999999999996
0022200533,2022-23,2022-12-30,MIL,MIN,9.0,1,-0.7037038798287854,-41.82926829268292,0.10000000000000003
0022200548,2022-23,2023-01-01,MIL,WAS,-23.0,0,-1.172080351723276,-73.25203252032522,-0.09999999999999998
0022200561,2022-23,2023-01-03,MIL,WAS,10.0,1,-0.3530831624618575,-22.926829268292686,-0.19999999999999996
0022200583,2022-23,2023-01-06,MIL,CHA,-29.0,0,-0.07128237897967021,-4.512195121951208,0.2
0022200657,2022-23,2023-01-16,MIL,IND,13.0,1,0.07840205174823289,6.178861788617894,-0.09999999999999998
0022200665,2022-23,2023-01-17,MIL,TOR,8.0,1,-0.6915308724448054,-35.99593495934959,0.09999999999999998
0022200723,2022-23,2023-01-25,MIL,DEN,8.0,1,-0.6986314929910383,-44.77642276422764,-0.30000000000000004
0022200755,2022-23,2023-01-29,MIL,NOP,25.0,1,-0.34858878950186845,-24.186991869918693,0.49999999999999994
0022200767,2022-23,2023-01-31,MIL,CHA,9.0,1,-0.4605695126193604,-28.983739837398375,0.29999999999999993
0022200784,2022-23,2023-02-02,MIL,LAC,1.0,1,-0.722035712769981,-48.577235772357724,0.0
0022200797,2022-23,2023-02-04,MIL,MIA,8.0,1,-1.1637722520988336,-68.45528455284553,0.20000000000000007
0022200869,2022-23,2023-02-14,MIL,BOS,6.0,1,-0.4070950029373045,-27.27642276422764,0.4
0022200897,2022-23,2023-02-24,MIL,MIA,29.0,1,-0.9610634695123301,-17.01219512195122,0.5
0022200910,2022-23,2023-02-26,MIL,PHX,3.0,1,-0.7376476005825433,-33.31300813008131,0.30000000000000004
0022200939,2022-23,2023-03-01,MIL,ORL,22.0,1,0.24986749504648825,14.085365853658544,0.4
0022200960,2022-23,2023-03-04,MIL,PHI,-3.0,0,-1.0297175568072379,-67.09349593495935,0.4
0022200995,2022-23,2023-03-09,MIL,BKN,5.0,1,-0.014367457459525834,-1.1585365853658516,0.5
0022201045,2022-23,2023-03-16,MIL,IND,-16.0,0,0.4731366774235555,31.6260162601626,0.20000000000000007
0022201068,2022-23,2023-03-19,MIL,TOR,7.0,1,-1.296410455039118,-81.03658536585367,0.19999999999999996
0022201089,2022-23,2023-03-22,MIL,SAS,36.0,1,-1.5090022015871936,-84.0040650406504,0.29999999999999993
0022201146,2022-23,2023-03-30,MIL,BOS,-41.0,0,0.12451761441443632,5.3658536585365795,0.0
0022201174,2022-23,2023-04-02,MIL,PHI,13.0,1,-1.0830221151026902,-69.28861788617886,0.09999999999999998
0022201193,2022-23,2023-04-05,MIL,CHI,13.0,1,0.3138600849009076,19.0650406504065,0.09999999999999998
0022201208,2022-23,2023-04-07,MIL,MEM,-23.0,0,-0.7195732676750513,-48.39430894308943,0.10000000000000009
0022200129,2022-23,2022-11-04,MIN,MIL,-13.0,0,-0.14224448289298092,-9.146341463414629,-0.5
0022200137,2022-23,2022-11-05,MIN,HOU,12.0,1,-0.08590086740563752,-6.951219512195124,0.3333333333333333
0022200153,2022-23,2022-11-07,MIN,NYK,-13.0,0,-0.8666792629144024,-57.84552845528455,0.05555555555555558
0022200167,2022-23,2022-11-09,MIN,PHX,-12.0,0,-0.9815655264381409,-63.2520325203252,-0.29999999999999993
0022200252,2022-23,2022-11-21,MIN,MIA,4.0,1,-0.84792190437567,-38.78048780487804,-0.09999999999999998
0022200291,2022-23,2022-11-27,MIN,GSW,-23.0,0,-0.5076613599198837,-27.642276422764226,-0.09999999999999998
0022200317,2022-23,2022-11-30,MIN,MEM,8.0,1,0.2703775801896645,19.63414634146342,0.0
0022200341,2022-23,2022-12-03,MIN,OKC,-7.0,0,-0.23594615104982586,-9.247967479674795,0.19999999999999996
0022200370,2022-23,2022-12-07,MIN,IND,6.0,1,-2.5759738796107383,-97.76422764227641,0.09999999999999998
0022200449,2022-23,2022-12-18,MIN,CHI,24.0,1,0.10962777156890782,8.780487804878057,0.10000000000000003
0022200456,2022-23,2022-12-19,MIN,DAL,10.0,1,-0.5692809469525253,-39.16666666666667,0.0
0022200473,2022-23,2022-12-21,MIN,DAL,-5.0,0,-0.3530831624618575,-22.926829268292686,0.09999999999999998
0022200544,2022-23,2022-12-31,MIN,DET,-12.0,0,-0.2482381029982369,-16.951219512195124,0.09999999999999998
0022200557,2022-23,2023-01-02,MIN,DEN,13.0,1,-1.2134573346129431,-69.6341463414634,-0.5
0022200571,2022-23,2023-01-04,MIN,POR,7.0,1,-0.8709767312124037,-58.13008130081302,-0.09999999999999998
0022200587,2022-23,2023-01-06,MIN,LAC,13.0,1,-1.0942991174207723,-66.9918699186992,0.0
0022200637,2022-23,2023-01-13,MIN,PHX,5.0,1,-0.5602972707989192,-35.9349593495935,0.2
0022200645,2022-23,2023-01-14,MIN,CLE,8.0,1,-1.3023187212246612,-56.60569105691056,0.0
0022200662,2022-23,2023-01-16,MIN,UTA,-1.0,0,-0.7176598447565019,-48.13008130081302,0.3
0022200680,2022-23,2023-01-19,MIN,TOR,2.0,1,0.39089429882220533,20.36585365853658,0.09999999999999998
0022200696,2022-23,2023-01-21,MIN,HOU,9.0,1,-0.36218903202198016,-23.84146341463415,0.7
0022200737,2022-23,2023-01-27,MIN,MEM,11.0,1,-1.0597546939773332,-39.1869918699187,0.0
0022200746,2022-23,2023-01-28,MIN,SAC,7.0,1,-0.3251139775319542,-22.45934959349593,-0.09999999999999998
0022200758,2022-23,2023-01-30,MIN,SAC,-7.0,0,0.0014638297048850113,6.483739837398375,0.0
0022200774,2022-23,2023-02-01,MIN,GSW,5.0,1,-0.35364053853711175,-23.170731707317074,0.0
0022200790,2022-23,2023-02-03,MIN,ORL,-7.0,0,-1.0992599139254267,-67.21544715447155,0.19999999999999996
0022200806,2022-23,2023-02-05,MIN,DEN,30.0,1,-0.9766047299334866,-62.84552845528455,-0.09999999999999998
0022200884,2022-23,2023-02-16,MIN,WAS,-8.0,0,-1.4162452469726396,-79.4308943089431,0.0
0022200898,2022-23,2023-02-24,MIN,CHA,-8.0,0,-0.7298472082791692,-8.231707317073171,0.2
0022200980,2022-23,2023-03-07,MIN,PHI,-23.0,0,-1.2060057418193904,-42.43902439024391,-0.19999999999999996
0022201001,2022-23,2023-03-10,MIN,BKN,-1.0,0,-1.4942975822155942,-83.4959349593496,0.09999999999999998
0022201039,2022-23,2023-03-15,MIN,BOS,-2.0,0,-0.2780032021133323,-18.861788617886177,0.0
0022201090,2022-23,2023-03-22,MIN,ATL,1.0,1,-0.24086044617607422,-13.170731707317074,0.0
0022201157,2022-23,2023-03-31,MIN,LAL,-12.0,0,0.4772051755713239,31.66666666666667,-0.09999999999999998
0022201166,2022-23,2023-04-02,MIN,POR,-2.0,0,-1.1078293358918605,-67.5609756097561,0.4
0022201225,2022-23,2023-04-09,MIN,NOP,5.0,1,-0.1968654290435777,-14.512195121951223,-0.20000000000000007
0022200128,2022-23,2022-11-04,NOP,GSW,9.0,1,-1.0535376518573039,-33.211382113821145,0.23809523809523808
0022200175,2022-23,2022-11-10,NOP,POR,-11.0,0,-0.8029639664639581,-15.691056910569117,-0.19999999999999996
0022200191,2022-23,2022-11-12,NOP,HOU,13.0,1,-0.5638587588117884,-35.69105691056911,0.2
0022200206,2022-23,2022-11-15,NOP,MEM,11.0,1,-1.1106848433154575,-71.52439024390245,-0.09999999999999998
0022200217,2022-23,2022-11-16,NOP,CHI,14.0,1,0.5441356444889616,32.82520325203252,0.09999999999999998
0022200231,2022-23,2022-11-18,NOP,BOS,-8.0,0,-0.7928846746625636,-52.07317073170732,-0.30000000000000004
0022200253,2022-23,2022-11-21,NOP,GSW,45.0,1,-1.1034168734480263,-70.95528455284553,0.0
0022200304,2022-23,2022-11-28,NOP,OKC,4.0,1,-0.7422604655289067,-44.41056910569105,0.19999999999999996
0022200318,2022-23,2022-11-30,NOP,TOR,18.0,1,-0.7239163656457303,-44.43089430894309,0.19999999999999996
0022200344,2022-23,2022-12-04,NOP,DEN,15.0,1,-0.454092378893232,-30.243902439024396,0.20000000000000007
0022200371,2022-23,2022-12-07,NOP,DET,6.0,1,-1.605269688851766,-87.11382113821138,0.4
0022200384,2022-23,2022-12-09,NOP,PHX,11.0,1,-0.9690560789149256,-62.15447154471545,0.10000000000000009
0022200395,2022-23,2022-12-11,NOP,PHX,5.0,1,-0.47224137965402835,-26.138211382113823,0.20000000000000007
0022200457,2022-23,2022-12-19,NOP,MIL,-9.0,0,0.12787877468867256,8.861788617886177,0.0
0022200477,2022-23,2022-12-22,NOP,SAS,9.0,1,-0.550840544215341,-27.03252032520325,0.19999999999999996
0022200502,2022-23,2022-12-26,NOP,IND,20.0,1,-0.587885385980008,-35.73170731707317,0.09999999999999998
0022200520,2022-23,2022-12-28,NOP,MIN,1.0,1,-0.6966825377474529,-45.8130081300813,0.19999999999999996
0022200534,2022-23,2022-12-30,NOP,PHI,11.0,1,-0.6758029015700581,-40.203252032520325,-0.20000000000000007
0022200572,2022-23,2023-01-04,NOP,HOU,11.0,1,0.17181060013512148,12.317073170731703,0.4
0022200586,2022-23,2023-01-06,NOP,BKN,-6.0,0,-0.5998402815899231,-39.22764227642276,-0.30000000000000004
0022200673,2022-23,2023-01-18,NOP,MIA,-26.0,0,-0.4328997823463847,-28.455284552845534,-0.19999999999999996
0022200716,2022-23,2023-01-24,NOP,DEN,-1.0,0,-0.1419530353302078,-11.504065040650403,-0.6000000000000001
0022200724,2022-23,2023-01-25,NOP,MIN,-9.0,0,-0.2745523795989982,-18.33333333333333,-0.39999999999999997
0022200747,2022-23,2023-01-28,NOP,WAS,-10.0,0,-0.4316823270231701,-27.784552845528456,-0.3
0022200798,2022-23,2023-02-04,NOP,LAL,5.0,1,-0.8398030539852435,-47.662601626016254,-0.6
0022200807,2022-23,2023-02-05,NOP,SAC,32.0,1,-0.8958839696713589,-51.91056910569105,-0.5
0022200818,2022-23,2023-02-07,NOP,ATL,9.0,1,-0.9168944006280606,-59.390243902439025,-0.3
0022200842,2022-23,2023-02-10,NOP,CLE,-11.0,0,-0.990820049099264,-64.2479674796748,-0.39999999999999997
0022200922,2022-23,2023-02-27,NOP,ORL,-8.0,0,-0.07793199823686443,-3.739837398373986,-0.09999999999999998
0022200988,2022-23,2023-03-08,NOP,DAL,7.0,1,-0.10332085309385405,-7.804878048780495,-0.10000000000000003
0022201011,2022-23,2023-03-11,NOP,OKC,-14.0,0,-1.0867504664022116,-56.951219512195124,-0.10000000000000003
0022201017,2022-23,2023-03-12,NOP,POR,17.0,1,-1.0348349171705489,-54.16666666666667,0.0
0022201030,2022-23,2023-03-14,NOP,LAL,-15.0,0,-0.7347472310978979,-49.75609756097562,-0.39999999999999997
0022201080,2022-23,2023-03-21,NOP,SAS,35.0,1,-0.3778875186953049,-20.447154471544714,-0.09999999999999998
0022201095,2022-23,2023-03-23,NOP,CHA,19.0,1,-0.18349715383436696,-11.788617886178862,0.2
0022201162,2022-23,2023-04-01,NOP,LAC,8.0,1,-0.34638154725245973,-21.54471544715446,0.09999999999999998
0022201185,2022-23,2023-04-04,NOP,SAC,-18.0,0,-1.4907185407747747,-83.21138211382114,0.09999999999999998
0022201194,2022-23,2023-04-05,NOP,MEM,7.0,1,-0.43941523546951944,-30.955284552845526,-0.10000000000000009
0022201209,2022-23,2023-04-07,NOP,NYK,8.0,1,-0.5822363671463874,-37.357723577235774,0.10000000000000009
0022200110,2022-23,2022-11-02,NYK,ATL,-13.0,0,-1.0930042694334112,-68.39430894308943,-0.0714285714285714
0022200135,2022-23,2022-11-05,NYK,BOS,-15.0,0,-0.15988106009457845,-11.077235772357724,-0.125
0022200178,2022-23,2022-11-11,NYK,DET,9.0,1,-0.180714043838486,-8.882113821138212,0.3
0022200192,2022-23,2022-11-13,NYK,OKC,-10.0,0,-0.7326990916327599,-49.63414634146342,0.0
0022200274,2022-23,2022-11-25,NYK,POR,-3.0,0,-0.5789261494942378,-35.50813008130081,0.09999999999999998
0022200296,2022-23,2022-11-27,NYK,MEM,-4.0,0,-0.7161332046346888,-43.861788617886184,0.0
0022200316,2022-23,2022-11-30,NYK,MIL,-6.0,0,0.4232778478353204,28.51626016260162,0.0
0022200337,2022-23,2022-12-03,NYK,DAL,-21.0,0,-0.84824523195723,-52.94715447154472,0.0
0022200348,2022-23,2022-12-04,NYK,CLE,11.0,1,-0.16911314475299827,-11.158536585365852,-0.29999999999999993
0022200365,2022-23,2022-12-07,NYK,ATL,24.0,1,-0.7528503808334153,-34.430894308943095,0.0
0022200397,2022-23,2022-12-11,NYK,SAC,13.0,1,-0.3390178002865363,-18.65853658536585,-0.09999999999999998
0022200463,2022-23,2022-12-20,NYK,GSW,38.0,1,-0.5562319801028442,-36.646341463414636,0.4
0022200471,2022-23,2022-12-21,NYK,TOR,-7.0,0,-0.20853637568471148,-14.898373983739837,0.6000000000000001
0022200485,2022-23,2022-12-23,NYK,CHI,-1.0,0,-0.8296453786789298,-54.55284552845529,0.4
0022200493,2022-23,2022-12-25,NYK,PHI,-7.0,0,-0.36713015281376826,-24.227642276422763,0.10000000000000009
0022200550,2022-23,2023-01-02,NYK,PHX,19.0,1,-0.012814871365304042,-0.975609756097569,0.09999999999999998
0022200568,2022-23,2023-01-04,NYK,SAS,3.0,1,-0.34483333936497584,-22.33739837398374,0.2
0022200607,2022-23,2023-01-09,NYK,MIL,-4.0,0,-0.6204734985393563,-36.260162601626014,0.09999999999999998
0022200622,2022-23,2023-01-11,NYK,IND,6.0,1,-0.1927446647877658,-5.121951219512193,-0.4
0022200659,2022-23,2023-01-16,NYK,TOR,-2.0,0,0.17606358491213495,13.028455284552841,0.29999999999999993
0022200669,2022-23,2023-01-18,NYK,WAS,-11.0,0,-0.17444071883726417,-11.524390243902438,0.19999999999999996
0022200715,2022-23,2023-01-24,NYK,CLE,2.0,1,0.14998533983023926,8.617886178861788,0.0
0022200765,2022-23,2023-01-31,NYK,LAL,-6.0,0,-1.1425120963739994,-67.4390243902439,0.09999999999999998
0022200780,2022-23,2023-02-02,NYK,MIA,2.0,1,-0.9176426890233693,-57.21544715447155,-0.29999999999999993
0022200795,2022-23,2023-02-04,NYK,LAC,-6.0,0,-1.4103495330717375,-81.42276422764228,-0.19999999999999996
0022200804,2022-23,2023-02-05,NYK,PHI,11.0,1,-0.5829955034086893,-40.46747967479675,-0.6000000000000001
0022200851,2022-23,2023-02-11,NYK,UTA,6.0,1,-0.3050514942313268,-20.670731707317074,0.0
0022200862,2022-23,2023-02-13,NYK,BKN,18.0,1,-0.22713895187768998,-12.96747967479675,0.19999999999999996
0022200906,2022-23,2023-02-25,NYK,NOP,22.0,1,-0.21998893388660323,-10.894308943089428,0.29999999999999993
0022200921,2022-23,2023-02-27,NYK,BOS,15.0,1,-0.60251892778834,-36.58536585365854,0.0
0022200937,2022-23,2023-03-01,NYK,BKN,24.0,1,-0.5034271164940327,-32.88617886178862,0.5
0022200979,2022-23,2023-03-07,NYK,CHA,-7.0,0,-0.053210901431200754,-3.678861788617887,0.4
0022201055,2022-23,2023-03-18,NYK,DEN,6.0,1,-0.102548175717565,-7.642276422764226,0.19999999999999996
0022201073,2022-23,2023-03-20,NYK,MIN,-6.0,0,-0.9090342517245518,-56.70731707317073,0.29999999999999993
0022201124,2022-23,2023-03-27,NYK,HOU,22.0,1,-1.2174017857021147,-74.59349593495935,0.10000000000000003
0022201138,2022-23,2023-03-29,NYK,MIA,9.0,1,-0.8307754241741521,-51.26016260162602,-0.09999999999999998
0022201168,2022-23,2023-04-02,NYK,WAS,9.0,1,0.1532662030447909,9.166666666666664,0.3
0022201220,2022-23,2023-04-09,NYK,IND,-5.0,0,0.14698620551641636,11.91056910569106,0.39999999999999997
0022200105,2022-23,2022-11-01,OKC,ORL,8.0,1,-0.748529544270371,-51.829268292682926,0.35714285714285715
0022200119,2022-23,2022-11-03,OKC,DEN,-12.0,0,-0.9743760280323539,-62.357723577235774,0.0
0022200168,2022-23,2022-11-09,OKC,MIL,-4.0,0,-0.14286469061363982,-9.552845528455293,-0.5
0022200179,2022-23,2022-11-11,OKC,TOR,19.0,1,-0.8998990698357909,-59.024390243902445,-0.19999999999999996
0022200254,2022-23,2022-11-21,OKC,NYK,-10.0,0,-1.7276100096238631,-81.13821138211381,-0.09999999999999998
0022200268,2022-23,2022-11-23,OKC,DEN,-5.0,0,-1.1971190414978072,-74.34959349593495,-0.3
0022200281,2022-23,2022-11-25,OKC,CHI,4.0,1,-0.7011821930161197,-42.073170731707314,-0.10000000000000003
0022200319,2022-23,2022-11-30,OKC,SAS,8.0,1,0.53263564889175,29.390243902439032,0.30000000000000004
0022200419,2022-23,2022-12-14,OKC,MIA,-2.0,0,-0.7119406445934939,-47.11382113821138,-0.19999999999999996
0022200435,2022-23,2022-12-16,OKC,MIN,-2.0,0,-1.603747355110554,-73.73983739837398,0.10000000000000003
0022200443,2022-23,2022-12-17,OKC,MEM,6.0,1,-0.10488203167820646,-8.19105691056911,-0.6000000000000001
0022200458,2022-23,2022-12-19,OKC,POR,2.0,1,-1.0126785291351372,-64.10569105691057,-0.19999999999999996
0022200474,2022-23,2022-12-21,OKC,POR,3.0,1,-0.5884719374364293,-38.02845528455285,-0.09999999999999998
0022200488,2022-23,2022-12-23,OKC,NOP,-3.0,0,-0.9628505878726239,-62.07317073170732,-0.09999999999999998
0022200511,2022-23,2022-12-27,OKC,SAS,16.0,1,-1.338802090085187,-74.43089430894308,-0.09999999999999998
0022200545,2022-23,2022-12-31,OKC,PHI,-19.0,0,-0.8721139904160115,-43.170731707317074,-0.4
0022200562,2022-23,2023-01-03,OKC,BOS,33.0,1,-1.0779608243056364,-56.016260162601625,-0.09999999999999998
0022200584,2022-23,2023-01-06,OKC,WAS,17.0,1,0.383964106738646,25.93495934959349,-0.09999999999999998
0022200602,2022-23,2023-01-08,OKC,DAL,11.0,1,-0.8259412831815404,-54.1869918699187,-0.20000000000000007
0022200674,2022-23,2023-01-18,OKC,IND,20.0,1,-0.1465164496104398,-11.17886178861788,0.09999999999999998
0022200725,2022-23,2023-01-25,OKC,ATL,-5.0,0,-0.6493192518922162,-39.10569105691057,0.09999999999999998
0022200739,2022-23,2023-01-27,OKC,CLE,12.0,1,-1.408124910943651,-81.30081300813008,0.19999999999999996
0022200759,2022-23,2023-01-30,OKC,GSW,-8.0,0,-1.1816901443790342,-64.1869918699187,0.19999999999999996
0022200799,2022-23,2023-02-04,OKC,HOU,32.0,1,-0.6702707167199713,-39.63414634146342,0.3
0022200864,2022-23,2023-02-13,OKC,NOP,-3.0,0,0.37429293400371333,23.617886178861788,0.2
0022200880,2022-23,2023-02-15,OKC,HOU,37.0,1,-1.1800944172092618,-73.49593495934958,0.3
0022200915,2022-23,2023-02-26,OKC,SAC,-9.0,0,-0.6374792455661416,-39.26829268292684,-0.19999999999999996
0022200928,2022-23,2023-02-28,OKC,SAC,-6.0,0,-0.3530831624618575,-22.926829268292686,-0.19999999999999996
0022200940,2022-23,2023-03-01,OKC,LAL,-6.0,0,-0.616558971269121,-34.41056910569106,-0.09999999999999998
0022200951,2022-23,2023-03-03,OKC,UTA,27.0,1,-0.19782124815742047,-12.113821138211378,-0.10000000000000003
0022200968,2022-23,2023-03-05,OKC,UTA,10.0,1,0.0014638297048850113,6.483739837398375,0.0
0022200982,2022-23,2023-03-07,OKC,GSW,9.0,1,-1.2506641926486965,-70.20325203252033,-0.19999999999999996
0022201031,2022-23,2023-03-14,OKC,BKN,14.0,1,-0.7230770534653924,-41.01626016260163,0.0
0022201064,2022-23,2023-03-19,OKC,PHX,4.0,1,-0.41273565837496107,-29.268292682926827,0.0
0022201134,2022-23,2023-03-28,OKC,CHA,-3.0,0,0.2624886051747822,13.048780487804876,0.09999999999999998
0022201142,2022-23,2023-03-29,OKC,DET,1.0,1,-0.07466081793633571,-4.369918699186989,0.5
0022201172,2022-23,2023-04-02,OKC,PHX,-10.0,0,-0.28642974002663196,-17.479674796747943,0.0
0022201226,2022-23,2023-04-09,OKC,MEM,15.0,1,-0.7387497198332708,-45.325203252032516,-0.29999999999999993
0022200118,2022-23,2022-11-03,ORL,GSW,1.0,1,-0.17749681160406924,-12.03252032520325,-0.25
0022200132,2022-23,2022-11-05,ORL,SAC,-3.0,0,-0.15024796609087124,-11.09756097560976,-0.06349206349206349
0022200145,2022-23,2022-11-07,ORL,HOU,-7.0,0,-0.6129355525809219,-40.48780487804878,0.1
0022200161,2022-23,2022-11-09,ORL,DAL,7.0,1,-0.4796248002371894,-31.422764227642276,-0.4666666666666666
0022200177,2022-23,2022-11-11,ORL,PHX,17.0,1,-0.9674825447476645,-62.27642276422763,-0.39999999999999997
0022200200,2022-23,2022-11-14,ORL,CHA,-7.0,0,-1.17652950468247,-63.943089430894304,0.30000000000000004
0022200212,2022-23,2022-11-16,ORL,MIN,-18.0,0,-0.4447641170945671,-24.959349593495936,0.0
0022200273,2022-23,2022-11-25,ORL,PHI,-8.0,0,-0.7195392011709669,-44.85772357723577,-0.09999999999999998
0022200297,2022-23,2022-11-27,ORL,PHI,-30.0,0,-0.5899357671413142,-35.487804878048784,-0.3
0022200313,2022-23,2022-11-30,ORL,ATL,-17.0,0,-0.2298442921295248,-15.12195121951219,-0.10000000000000003
0022200353,2022-23,2022-12-05,ORL,MIL,-7.0,0,-0.19403391409968768,-11.40243902439024,-0.5
0022200363,2022-23,2022-12-07,ORL,LAC,5.0,1,-0.33317717376069667,-21.21951219512195,-0.5
0022200379,2022-23,2022-12-09,ORL,TOR,4.0,1,-0.4936902518277515,-32.27642276422765,-0.4
0022200398,2022-23,2022-12-11,ORL,TOR,12.0,1,-0.23538877497457164,-13.577235772357724,-0.2
0022200416,2022-23,2022-12-14,ORL,ATL,11.0,1,-1.3299872713573904,-73.86178861788618,0.0
0022200479,2022-23,2022-12-23,ORL,SAS,20.0,1,-0.6162857589013686,-30.365853658536572,0.29999999999999993
0022200505,2022-23,2022-12-27,ORL,LAL,-19.0,0,-1.3473125616997315,-75.1219512195122,0.5
0022200529,2022-23,2022-12-30,ORL,WAS,-19.0,0,-0.11495287893429171,-4.065040650406502,0.29999999999999993
0022200566,2022-23,2023-01-04,ORL,OKC,11.0,1,-1.7475622373487718,-86.70731707317073,0.09999999999999998
0022200576,2022-23,2023-01-05,ORL,MEM,-8.0,0,-0.8068823831196101,-49.08536585365854,0.0
0022200683,2022-23,2023-01-20,ORL,NOP,13.0,1,-1.2192232306772153,-52.64227642276423,0.0
0022200707,2022-23,2023-01-23,ORL,BOS,15.0,1,-0.24273205666980543,-14.085365853658537,-0.5
0022200720,2022-23,2023-01-25,ORL,IND,6.0,1,-0.7576138986686144,-50.650406504065046,0.2
0022200744,2022-23,2023-01-28,ORL,CHI,-19.0,0,-0.10113042838628344,-7.6016260162601625,0.0
0022200816,2022-23,2023-02-07,ORL,NYK,-4.0,0,-0.1656964322869569,-11.361788617886177,0.19999999999999996
0022200831,2022-23,2023-02-09,ORL,DEN,11.0,1,-0.9678251780122276,-62.39837398373983,-0.09999999999999998
0022200848,2022-23,2023-02-11,ORL,MIA,-4.0,0,-0.46743552034898495,-29.634146341463413,0.0
0022200888,2022-23,2023-02-23,ORL,DET,2.0,1,-0.7244772536600835,-8.109756097560975,0.2
0022200905,2022-23,2023-02-25,ORL,IND,-13.0,0,-0.4813257340522718,-24.329268292682926,0.39999999999999997
0022200966,2022-23,2023-03-05,ORL,POR,-3.0,0,-0.2282565803080103,-14.247967479674791,0.2
0022200978,2022-23,2023-03-07,ORL,MIL,-11.0,0,-0.6040413576198036,-39.55284552845528,-0.4
0022200994,2022-23,2023-03-09,ORL,UTA,-7.0,0,-1.0695605673785036,-65.77235772357724,0.0
0022201007,2022-23,2023-03-11,ORL,MIA,12.0,1,-0.7042881250284415,-46.70731707317073,0.0
0022201077,2022-23,2023-03-21,ORL,WAS,10.0,1,1.1218096990410942,74.10569105691056,0.0
0022201093,2022-23,2023-03-23,ORL,NYK,5.0,1,-0.8219825125157274,-53.84146341463415,-0.09999999999999998
0022201118,2022-23,2023-03-26,ORL,BKN,13.0,1,-1.3351232818115268,-74.1260162601626,0.0
0022201169,2022-23,2023-04-02,ORL,DET,26.0,1,-0.8227568265670442,-50.792682926829265,0.5
0022201178,2022-23,2023-04-04,ORL,CLE,-4.0,0,-0.48566350673633807,-27.27642276422764,-0.09999999999999998
0022201197,2022-23,2023-04-06,ORL,CLE,-24.0,0,-0.23538877497457164,-13.577235772357724,-0.09999999999999998
0022200108,2022-23,2022-11-02,PHI,WAS,-10.0,0,-0.11769438748728585,-9.939024390243908,0.07142857142857145
0022200122,2022-23,2022-11-04,PHI,NYK,-2.0,0,-0.13149069095671428,-10.528455284552841,0.015873015873015872
0022200148,2022-23,2022-11-07,PHI,PHX,12.0,1,-1.4957755189827626,-83.61788617886178,-0.37777777777777777
0022200188,2022-23,2022-11-12,PHI,ATL,12.0,1,-0.3545469921667425,-19.959349593495936,-0.09999999999999998
0022200195,2022-23,2022-11-13,PHI,UTA,7.0,1,-0.6198615887921318,-41.97154471544715,-0.09999999999999998
0022200226,2022-23,2022-11-18,PHI,MIL,8.0,1,-0.9762655467312542,-49.59349593495935,-0.09999999999999998
0022200237,2022-23,2022-11-19,PHI,MIN,-3.0,0,-0.28418464967140245,-13.353658536585364,0.29999999999999993
0022200256,2022-23,2022-11-22,PHI,BKN,9.0,1,-0.6431943734685973,-30.77235772357724,0.0
0022200299,2022-23,2022-11-28,PHI,ATL,3.0,1,0.13236292873411387,8.41463414634147,0.29999999999999993
0022200382,2022-23,2022-12-09,PHI,LAL,11.0,1,-1.0416211582852493,-67.5609756097561,-0.09999999999999998
0022200399,2022-23,2022-12-11,PHI,CHA,18.0,1,-0.6874988288270475,-40.894308943089435,0.2
0022200409,2022-23,2022-12-13,PHI,SAC,20.0,1,-0.9582790627774853,-61.09756097560975,0.09999999999999998
0022200432,2022-23,2022-12-16,PHI,GSW,12.0,1,-1.2124581411189677,-66.52439024390245,0.09999999999999998
0022200453,2022-23,2022-12-19,PHI,TOR,3.0,1,-1.225763859880486,-67.76422764227641,0.49999999999999994
0022200467,2022-23,2022-12-21,PHI,DET,20.0,1,-0.963282803413593,-61.66666666666666,0.39999999999999997
0022200480,2022-23,2022-12-23,PHI,LAC,5.0,1,-1.2169231170844799,-75.65040650406505,0.09999999999999998
0022200554,2022-23,2023-01-02,PHI,NOP,9.0,1,-0.21728026421504348,-14.268292682926827,0.30000000000000004
0022200567,2022-23,2023-01-04,PHI,IND,3.0,1,-0.4639285968485964,-29.410569105691053,0.10000000000000009
0022200581,2022-23,2023-01-06,PHI,CHI,-14.0,0,-0.6979496195187382,-46.077235772357724,0.20000000000000007
0022200612,2022-23,2023-01-10,PHI,DET,31.0,1,-0.11769438748728586,-7.0731707317073145,0.39999999999999997
0022200626,2022-23,2023-01-12,PHI,OKC,-19.0,0,-0.6158902669520688,-40.772357723577244,0.19999999999999996
0022200721,2022-23,2023-01-25,PHI,BKN,4.0,1,-0.8296417193017221,-34.10569105691057,0.30000000000000004
0022200741,2022-23,2023-01-28,PHI,DEN,7.0,1,-1.4090713664483965,-66.3821138211382,0.0
0022200756,2022-23,2023-01-30,PHI,ORL,-10.0,0,-0.7205304211216869,-44.26829268292683,0.5
0022200770,2022-23,2023-02-01,PHI,ORL,11.0,1,-0.47224137965402835,-26.138211382113823,0.30000000000000004
0022200837,2022-23,2023-02-10,PHI,NYK,11.0,1,-0.250273991695392,-12.439024390243901,0.19999999999999996
0022200860,2022-23,2023-02-13,PHI,HOU,19.0,1,0.14646232370869908,5.528455284552848,0.39999999999999997
0022200875,2022-23,2023-02-15,PHI,CLE,6.0,1,-0.4394210319061967,-27.764227642276424,-0.10000000000000009
0022200889,2022-23,2023-02-23,PHI,MEM,5.0,1,-0.7118708519098866,-7.947154471544715,0.29999999999999993
0022200908,2022-23,2023-02-25,PHI,BOS,-3.0,0,-0.5816229843358824,-27.54065040650407,-0.10000000000000009
0022200920,2022-23,2023-02-27,PHI,MIA,-2.0,0,-0.8037293866094484,-48.53658536585366,0.29999999999999993
0022200998,2022-23,2023-03-10,PHI,POR,1.0,1,-0.5764297129859642,-38.61788617886179,0.29999999999999993
0022201016,2022-23,2023-03-12,PHI,WAS,19.0,1,-0.3844728138175601,-25.264227642276424,0.29999999999999993
0022201072,2022-23,2023-03-20,PHI,CHI,-4.0,0,-0.35171541015742763,-23.678861788617887,0.30000000000000004
0022201139,2022-23,2023-03-29,PHI,DAL,8.0,1,0.1516464092795985,10.386178861788608,0.3
0022201150,2022-23,2023-03-31,PHI,TOR,7.0,1,0.07680584332745555,7.845528455284551,0.0
0022201181,2022-23,2023-04-04,PHI,BOS,2.0,1,0.6660667241389011,45.40650406504064,-0.19999999999999996
0022201198,2022-23,2023-04-06,PHI,MIA,-28.0,0,-0.33098381692562273,-21.016260162601625,-0.09999999999999998
0022200094,2022-23,2022-10-30,PHX,HOU,15.0,1,-1.1554808637094611,-72.07317073170732,0.6333333333333334
0022200106,2022-23,2022-11-01,PHX,MIN,9.0,1,-1.3726410719200133,-80.56910569105692,0.261904761904762
0022200130,2022-23,2022-11-04,PHX,POR,-2.0,0,-0.7226750439923189,-32.72357723577235,0.1428571428571428
0022200139,2022-23,2022-11-05,PHX,POR,20.0,1,0.001463829704884928,1.3617886178861767,0.0
0022200220,2022-23,2022-11-16,PHX,GSW,11.0,1,-0.06995877226311892,-4.756097560975604,0.19999999999999996
0022200240,2022-23,2022-11-20,PHX,NYK,21.0,1,-0.909096365867854,-48.21138211382113,0.0
0022200259,2022-23,2022-11-22,PHX,LAL,10.0,1,-0.5874467233475114,-37.743902439024396,0.0
0022200283,2022-23,2022-11-25,PHX,DET,6.0,1,-1.5584322516435027,-85.32520325203252,0.2
0022200289,2022-23,2022-11-26,PHX,UTA,1.0,1,-1.0128327483172708,-53.80081300813008,0.19999999999999996
0022200321,2022-23,2022-11-30,PHX,CHI,19.0,1,0.2000469719596955,14.634146341463413,0.29999999999999993
0022200334,2022-23,2022-12-02,PHX,HOU,-1.0,0,-0.6995711441972983,-46.34146341463415,0.39999999999999997
0022200373,2022-23,2022-12-07,PHX,BOS,-27.0,0,-0.6520188425324207,-24.10569105691056,-0.10000000000000009
0022200444,2022-23,2022-12-17,PHX,NOP,4.0,1,0.014396620653836512,1.300813008130092,-0.29999999999999993
0022200459,2022-23,2022-12-19,PHX,LAL,26.0,1,-1.1005874926433108,-67.3170731707317,-0.19999999999999996
0022200464,2022-23,2022-12-20,PHX,WAS,-3.0,0,-0.9010943258724828,-52.09349593495935,0.4
0022200490,2022-23,2022-12-23,PHX,MEM,-25.0,0,-0.4627185395178416,-28.47560975609756,-0.29999999999999993
0022200589,2022-23,2023-01-06,PHX,MIA,-8.0,0,-0.5957136458388852,-24.471544715447138,-0.3
0022200603,2022-23,2023-01-08,PHX,CLE,-14.0,0,-0.5818767567100124,-37.235772357723576,-0.39999999999999997
0022200681,2022-23,2023-01-19,PHX,BKN,5.0,1,-0.4232104940965757,-29.43089430894309,-0.5
0022200697,2022-23,2023-01-21,PHX,IND,5.0,1,-1.3304063009803837,-79.47154471544715,-0.09999999999999998
0022200703,2022-23,2023-01-22,PHX,MEM,2.0,1,-0.6657055508979112,-44.0040650406504,-0.6000000000000001
0022200718,2022-23,2023-01-24,PHX,CHA,31.0,1,-1.0861908719894744,-66.58536585365853,0.10000000000000003
0022200734,2022-23,2023-01-26,PHX,DAL,-4.0,0,-0.8335081679001759,-54.756097560975604,0.2
0022200762,2022-23,2023-01-30,PHX,TOR,8.0,1,-0.5903397571996427,-26.138211382113823,0.09999999999999998
0022200777,2022-23,2023-02-01,PHX,ATL,-32.0,0,-0.7912896683374305,-51.951219512195124,0.0
0022200870,2022-23,2023-02-14,PHX,SAC,11.0,1,-0.21075908787917147,-14.796747967479675,0.19999999999999996
0022200885,2022-23,2023-02-16,PHX,LAC,-9.0,0,-0.8242993280269681,-50.304878048780495,0.09999999999999998
0022200899,2022-23,2023-02-24,PHX,OKC,9.0,1,-1.3639428663107018,-48.88211382113821,0.19999999999999996
0022200990,2022-23,2023-03-08,PHX,OKC,31.0,1,-0.7832644886770457,-51.13821138211382,0.29999999999999993
0022201013,2022-23,2023-03-11,PHX,SAC,-9.0,0,-1.1670796267569992,-63.45528455284553,-0.10000000000000009
0022201033,2022-23,2023-03-14,PHX,MIL,-12.0,0,-0.3487362637725292,-14.674796747967491,-0.20000000000000007
0022201046,2022-23,2023-03-16,PHX,ORL,3.0,1,-0.8989358625611001,-58.943089430894304,0.09999999999999998
0022201110,2022-23,2023-03-25,PHX,PHI,20.0,1,-0.357430061151186,-15.162601626016283,-0.4
0022201144,2022-23,2023-03-29,PHX,MIN,7.0,1,-0.09578567206344576,-7.682926829268297,-0.09999999999999998
0022201160,2022-23,2023-03-31,PHX,DEN,7.0,1,-0.967678935313238,-62.3170731707317,-0.09999999999999998
0022201188,2022-23,2023-04-04,PHX,SAS,21.0,1,-0.07980848647638261,-5.325203252032523,0.39999999999999997
0022201201,2022-23,2023-04-06,PHX,DEN,4.0,1,-1.2557701560564962,-70.28455284552845,0.09999999999999998
0022201229,2022-23,2023-04-09,PHX,LAC,-5.0,0,-0.15712994742417197,-10.91463414634147,0.09999999999999998
0022200080,2022-23,2022-10-28,POR,HOU,14.0,1,-0.8131048656539247,-53.2520325203252,0.6000000000000001
0022200116,2022-23,2022-11-02,POR,MEM,-5.0,0,-1.7984870146037524,-88.10975609756096,0.261904761904762
0022200209,2022-23,2022-11-15,POR,SAS,7.0,1,-0.28405227155949897,-20.63008130081301,0.3
0022200221,2022-23,2022-11-17,POR,BKN,-2.0,0,-1.0481456106559315,-65.65040650406505,0.09999999999999998
0022200238,2022-23,2022-11-19,POR,UTA,-5.0,0,-1.2085512474624385,-75.16260162601625,0.0
0022200311,2022-23,2022-11-29,POR,LAC,-6.0,0,0.6216844674476713,35.79268292682927,-0.19999999999999996
0022200351,2022-23,2022-12-04,POR,IND,16.0,1,-0.3121837728200866,-11.666666666666671,-0.3
0022200376,2022-23,2022-12-08,POR,DEN,-1.0,0,-1.230561820453542,-68.35365853658537,-0.2
0022200394,2022-23,2022-12-10,POR,MIN,6.0,1,-1.0893930302702677,-69.34959349593497,-0.3
0022200407,2022-23,2022-12-12,POR,MIN,21.0,1,-0.5899357671413142,-35.487804878048784,-0.09999999999999998
0022200504,2022-23,2022-12-26,POR,CHA,11.0,1,-0.35270136982851685,-19.0650406504065,0.3
0022200559,2022-23,2023-01-02,POR,DET,29.0,1,-1.6000856485055708,-86.78861788617886,0.2
0022200616,2022-23,2023-01-10,POR,ORL,-3.0,0,-0.11384953857827862,-2.642276422764226,-0.10000000000000003
0022200631,2022-23,2023-01-12,POR,CLE,-6.0,0,-1.0484936406284964,-65.18292682926828,-0.3
0022200647,2022-23,2023-01-14,POR,DAL,17.0,1,-0.8347336460116874,-55.02032520325203,-0.49999999999999994
0022200654,2022-23,2023-01-15,POR,DAL,17.0,1,-0.5884719374364293,-40.85365853658537,-0.3
0022200682,2022-23,2023-01-19,POR,PHI,-10.0,0,-0.23500698234123088,-15.833333333333329,-0.5
0022200705,2022-23,2023-01-22,POR,LAL,-9.0,0,-0.9947912528456294,-51.890243902439025,-0.3
0022200711,2022-23,2023-01-23,POR,SAS,20.0,1,-0.18367939972573072,-12.012195121951216,0.0
0022200727,2022-23,2023-01-25,POR,UTA,10.0,1,-0.45855787348718224,-28.780487804878042,-0.3
0022200751,2022-23,2023-01-28,POR,TOR,-18.0,0,-1.2544213321647408,-79.65447154471545,-0.09999999999999998
0022200763,2022-23,2023-01-30,POR,ATL,4.0,1,-1.2119932503329158,-75.32520325203252,-0.19999999999999996
0022200815,2022-23,2023-02-06,POR,MIL,-19.0,0,-0.11658581891634584,-5.609756097560975,-0.4
0022200830,2022-23,2023-02-08,POR,GSW,3.0,1,-0.46645622795748365,-29.59349593495935,-0.09999999999999998
0022200843,2022-23,2023-02-10,POR,OKC,-9.0,0,-0.440751093908059,-27.886178861788615,0.09999999999999998
0022200867,2022-23,2023-02-13,POR,LAL,12.0,1,-1.097291384740569,-57.72357723577237,0.19999999999999996
0022200872,2022-23,2023-02-14,POR,WAS,-25.0,0,-0.5841506154447695,-40.609756097560975,0.0
0022200917,2022-23,2023-02-26,POR,HOU,17.0,1,-0.8730064864956385,-47.03252032520325,0.3
0022200941,2022-23,2023-03-01,POR,NOP,-11.0,0,-0.3674572604615792,-22.235772357723576,0.0
0022201034,2022-23,2023-03-14,POR,NYK,-16.0,0,0.040079232049146374,3.353658536585371,-0.39999999999999997
0022201053,2022-23,2023-03-17,POR,BOS,-14.0,0,-1.8296892717835982,-91.5040650406504,-0.2
0022201069,2022-23,2023-03-19,POR,LAC,-15.0,0,-0.7579386481661727,-46.42276422764228,-0.2
0022201104,2022-23,2023-03-24,POR,CHI,-28.0,0,-0.6331472529011312,-40.6910569105691,-0.3
0022201120,2022-23,2023-03-26,POR,OKC,-6.0,0,-1.0715862506911442,-67.58130081300813,-0.3
0022201127,2022-23,2023-03-27,POR,NOP,-34.0,0,-0.32305670642077317,-22.25609756097561,-0.39999999999999997
0022201145,2022-23,2023-03-29,POR,SAC,-40.0,0,-0.45820984351461724,-28.739837398373986,-0.5
0022201159,2022-23,2023-03-31,POR,SAC,-24.0,0,-0.23538877497457164,-13.577235772357724,-0.5
0022201230,2022-23,2023-04-09,POR,GSW,-56.0,0,0.3011926343564404,20.548780487804876,-0.49999999999999994
0022200171,2022-23,2022-11-09,SAC,CLE,7.0,1,-0.7844935444701591,-45.83333333333333,-0.46666666666666673
0022200197,2022-23,2022-11-13,SAC,GSW,7.0,1,0.19602160703372973,9.837398373983739,0.09999999999999998
0022200210,2022-23,2022-11-15,SAC,BKN,32.0,1,-0.6752060521598083,-44.26829268292683,0.09999999999999998
0022200222,2022-23,2022-11-17,SAC,SAS,18.0,1,-0.6899591900219808,-45.36585365853658,0.39999999999999997
0022200242,2022-23,2022-11-20,SAC,DET,8.0,1,-1.1883468214556079,-64.55284552845528,0.7000000000000001
0022200307,2022-23,2022-11-28,SAC,PHX,-5.0,0,0.13403536883892792,8.739837398373979,0.09999999999999998
0022200323,2022-23,2022-11-30,SAC,IND,23.0,1,-0.912058656839265,-56.829268292682926,0.0
0022200350,2022-23,2022-12-04,SAC,CHI,9.0,1,-0.35301477046581353,-22.113821138211385,0.39999999999999997
0022200460,2022-23,2022-12-19,SAC,CHA,-6.0,0,-0.29186422750429314,-14.146341463414629,0.5
0022200475,2022-23,2022-12-21,SAC,LAL,14.0,1,-1.050022459900567,-65.85365853658536,0.09999999999999998
0022200491,2022-23,2022-12-23,SAC,WAS,-14.0,0,-2.0250267009758667,-87.15447154471545,0.5
0022200514,2022-23,2022-12-27,SAC,DEN,-7.0,0,-0.9886196010572047,-51.09756097560975,-0.19999999999999996
0022200522,2022-23,2022-12-28,SAC,DEN,1.0,1,-0.4722413796540284,-26.138211382113823,-0.4
0022200537,2022-23,2022-12-30,SAC,UTA,1.0,1,-0.5983426623182495,-36.34146341463415,0.09999999999999998
0022200575,2022-23,2023-01-04,SAC,ATL,-3.0,0,0.6013594965417314,41.60569105691057,0.3
0022200595,2022-23,2023-01-07,SAC,LAL,-2.0,0,-0.992393606417922,-64.53252032520325,0.0
0022200610,2022-23,2023-01-09,SAC,ORL,25.0,1,-0.4806482748309635,-31.483739837398375,-0.09999999999999998
0022200625,2022-23,2023-01-11,SAC,HOU,20.0,1,-0.6933579888073953,-41.26016260162602,0.4
0022200640,2022-23,2023-01-13,SAC,HOU,25.0,1,0.0014638297048850113,6.483739837398375,0.4
0022200691,2022-23,2023-01-20,SAC,OKC,5.0,1,-0.6382098841783659,-40.203252032520325,0.0
0022200698,2022-23,2023-01-21,SAC,PHI,-2.0,0,-0.6490598003802099,-43.06910569105692,-0.10000000000000009
0022200712,2022-23,2023-01-23,SAC,MEM,33.0,1,-1.2071524073247388,-69.55284552845528,-0.10000000000000009
0022200728,2022-23,2023-01-25,SAC,TOR,-18.0,0,-0.9363708946661802,-60.8130081300813,0.19999999999999996
0022200844,2022-23,2023-02-10,SAC,DAL,-8.0,0,0.059051326289357775,4.573170731707307,-0.09999999999999998
0022200854,2022-23,2023-02-11,SAC,DAL,5.0,1,-0.35161933275697266,-24.268292682926834,-0.09999999999999998
0022200894,2022-23,2023-02-23,SAC,POR,17.0,1,-0.4545704150474089,-1.6260162601626014,0.0
0022200954,2022-23,2023-03-03,SAC,LAC,1.0,1,-0.42743882235407477,-29.796747967479675,0.29999999999999993
0022200961,2022-23,2023-03-04,SAC,MIN,-4.0,0,-0.7929004396470941,-48.841463414634134,0.30000000000000004
0022200976,2022-23,2023-03-06,SAC,NOP,15.0,1,-0.08520189302245007,-8.53658536585366,0.29999999999999993
0022200997,2022-23,2023-03-09,SAC,NYK,5.0,1,-1.4954982934407262,-86.40243902439025,-0.20000000000000007
0022201026,2022-23,2023-03-13,SAC,MIL,-9.0,0,-0.36692820073805044,-21.646341463414636,0.0
0022201081,2022-23,2023-03-21,SAC,BOS,-23.0,0,0.08326260898842686,2.5203252032520425,0.19999999999999996
0022201105,2022-23,2023-03-24,SAC,PHX,8.0,1,-0.7146416120966944,-44.20731707317073,0.09999999999999998
0022201111,2022-23,2023-03-25,SAC,UTA,8.0,1,-0.6865613895641814,-45.142276422764226,0.29999999999999993
0022201128,2022-23,2023-03-27,SAC,MIN,-4.0,0,-0.5200838347678496,-33.739837398373986,0.19999999999999996
0022201170,2022-23,2023-04-02,SAC,SAS,-8.0,0,0.09308035740861642,7.215447154471548,0.49999999999999994
0022201211,2022-23,2023-04-07,SAC,GSW,-22.0,0,0.9964940859166882,64.7560975609756,-0.09999999999999998
0022200077,2022-23,2022-10-28,SAS,CHI,5.0,1,-0.12513469028363933,-8.008130081300806,0.0
0022200092,2022-23,2022-10-30,SAS,MIN,9.0,1,-0.4965633950616117,-32.64227642276423,0.0
0022200114,2022-23,2022-11-02,SAS,TOR,-43.0,0,-1.0870822491868724,-57.03252032520325,0.1428571428571429
0022200126,2022-23,2022-11-04,SAS,LAC,-7.0,0,-0.8718781807378786,-54.59349593495935,0.125
0022200154,2022-23,2022-11-07,SAS,DEN,-6.0,0,0.11915821719217075,8.394308943089435,-0.16666666666666663
0022200169,2022-23,2022-11-09,SAS,MEM,-2.0,0,-0.5363248502368362,-34.59349593495936,-0.09999999999999998
0022200180,2022-23,2022-11-11,SAS,MIL,18.0,1,-0.682857934065791,-44.8780487804878,-0.5
0022200269,2022-23,2022-11-23,SAS,NOP,-19.0,0,0.29723418840369054,20.264227642276424,-0.5
0022200282,2022-23,2022-11-25,SAS,LAL,-11.0,0,-0.3147652987808102,-19.59349593495935,-0.30000000000000004
0022200288,2022-23,2022-11-26,SAS,LAL,-5.0,0,-0.35308316246185756,-24.756097560975604,-0.30000000000000004
0022200333,2022-23,2022-12-02,SAS,NOP,-18.0,0,-0.24802619389295236,-13.3130081300813,-0.6
0022200345,2022-23,2022-12-04,SAS,PHX,-38.0,0,-0.9470642852687804,-59.735772357723576,-0.7
0022200375,2022-23,2022-12-08,SAS,HOU,9.0,1,-0.7541837932505928,-34.53252032520325,-0.5
0022200406,2022-23,2022-12-12,SAS,CLE,1.0,1,-0.2403095691491699,-17.27642276422764,-0.39999999999999997
0022200420,2022-23,2022-12-14,SAS,POR,-16.0,0,-1.0841109018877182,-66.46341463414633,-0.2
0022200503,2022-23,2022-12-26,SAS,UTA,4.0,1,-0.01856528840413918,-0.5284552845528481,-0.09999999999999998
0022200527,2022-23,2022-12-29,SAS,NYK,7.0,1,-0.25008094514772206,-16.138211382113816,-0.09999999999999998
0022200542,2022-23,2022-12-31,SAS,DAL,-1.0,0,-0.46216132926436965,-29.227642276422763,-0.19999999999999996
0022200585,2022-23,2023-01-06,SAS,DET,12.0,1,-0.8162984399383806,-23.45528455284554,0.0
0022200591,2022-23,2023-01-07,SAS,BOS,-5.0,0,-0.5389563271098845,-36.52439024390243,-0.09999999999999998
0022200635,2022-23,2023-01-13,SAS,GSW,-31.0,0,-0.15167997630019986,-9.634146341463413,-0.2
0022200652,2022-23,2023-01-15,SAS,SAC,-13.0,0,-1.079406255072577,-66.17886178861788,-0.39999999999999997
0022200666,2022-23,2023-01-17,SAS,BKN,8.0,1,-0.6187441313033055,-40.9349593495935,-0.49999999999999994
0022200687,2022-23,2023-01-20,SAS,LAC,-5.0,0,-1.353640374924224,-75.9349593495935,0.0
0022200748,2022-23,2023-01-28,SAS,PHX,-10.0,0,0.20425903324813866,12.174796747967491,-0.4
0022200760,2022-23,2023-01-30,SAS,WAS,-21.0,0,-0.9308841279587434,-60.28455284552845,-0.5
0022200775,2022-23,2023-02-01,SAS,SAC,-10.0,0,-0.4950995653567267,-32.4390243902439,-0.6
0022200791,2022-23,2023-02-03,SAS,PHI,-12.0,0,-0.8518033306809705,-56.70731707317073,-0.7000000000000001
0022200944,2022-23,2023-03-02,SAS,IND,11.0,1,-0.09243927358508841,-4.715447154471541,-0.30000000000000004
0022200959,2022-23,2023-03-04,SAS,HOU,-12.0,0,-0.47789562863425006,-26.808943089430898,0.2
0022201002,2022-23,2023-03-10,SAS,DEN,8.0,1,-0.9837505649146785,-50.1829268292683,-0.6000000000000001
0022201018,2022-23,2023-03-12,SAS,OKC,-12.0,0,-1.5631831144467137,-84.69512195121952,-0.10000000000000003
0022201032,2022-23,2023-03-14,SAS,ORL,18.0,1,-0.5456461526079429,-31.869918699186996,-0.10000000000000003
0022201040,2022-23,2023-03-15,SAS,DAL,-9.0,0,0.050979440031429665,3.9634146341463463,0.10000000000000003
0022201052,2022-23,2023-03-17,SAS,MEM,-6.0,0,-1.0795411716368521,-66.21951219512195,-0.19999999999999996
0022201065,2022-23,2023-03-19,SAS,ATL,8.0,1,-0.4750224086574022,-30.650406504065046,-0.09999999999999998
0022201143,2022-23,2023-03-29,SAS,UTA,-11.0,0,-0.4900724262096485,-35.48780487804878,-0.10000000000000003
0022201199,2022-23,2023-04-06,SAS,POR,2.0,1,0.04801206936479857,2.6016260162601554,0.0
0022201214,2022-23,2023-04-08,SAS,MIN,-20.0,0,-0.46015035417424865,-28.94308943089431,-0.2
0022200073,2022-23,2022-10-28,TOR,PHI,-22.0,0,-0.23538877497457164,-13.577235772357724,0.39999999999999997
0022200099,2022-23,2022-10-31,TOR,ATL,30.0,1,-1.5421220595095395,-84.83739837398373,-0.16666666666666663
0022200141,2022-23,2022-11-06,TOR,CHI,9.0,1,0.001453124780597198,0.0406504065040707,0.05555555555555558
0022200165,2022-23,2022-11-09,TOR,HOU,7.0,1,0.038892067235351074,1.7886178861788693,0.3
0022200215,2022-23,2022-11-16,TOR,MIA,8.0,1,-0.25295449416680293,-16.178861788617887,-0.09999999999999998
0022200266,2022-23,2022-11-23,TOR,BKN,-14.0,0,-1.2611890459056543,-75.40650406504065,-0.09999999999999998
0022200286,2022-23,2022-11-26,TOR,DAL,5.0,1,-0.8455079928023197,-31.869918699186993,-0.09999999999999998
0022200303,2022-23,2022-11-28,TOR,CLE,12.0,1,-1.1600744688664895,-72.3780487804878,0.0
0022200340,2022-23,2022-12-03,TOR,ORL,13.0,1,-0.40203976334849156,-22.47967479674797,0.30000000000000004
0022200355,2022-23,2022-12-05,TOR,BOS,-6.0,0,-0.8713449358048739,-58.21138211382113,-0.30000000000000004
0022200366,2022-23,2022-12-07,TOR,LAL,13.0,1,-1.0365320944739087,-64.59349593495935,-0.19999999999999996
0022200417,2022-23,2022-12-14,TOR,SAC,-1.0,0,-1.331463830890788,-77.96747967479675,0.0
0022200433,2022-23,2022-12-16,TOR,BKN,-3.0,0,-0.43429260882564413,-24.634146341463413,-0.4
0022200448,2022-23,2022-12-18,TOR,GSW,-16.0,0,-1.065091263426544,-66.95121951219512,-0.10000000000000003
0022200509,2022-23,2022-12-27,TOR,LAC,-11.0,0,-1.1468962535744094,-69.20731707317073,-0.3
0022200526,2022-23,2022-12-29,TOR,MEM,-13.0,0,-0.9451051220778017,-59.55284552845528,-0.3
0022200531,2022-23,2022-12-30,TOR,PHX,9.0,1,-0.7888396009923867,-47.37804878048781,-0.2
0022200569,2022-23,2023-01-04,TOR,MIL,-3.0,0,-0.620096400886371,-40.16260162601627,-0.10000000000000003
0022200582,2022-23,2023-01-06,TOR,NYK,-4.0,0,-0.7136791898892687,-43.4959349593496,-0.2
0022200597,2022-23,2023-01-08,TOR,POR,12.0,1,-0.6851730539437118,-45.0609756097561,0.0
0022200613,2022-23,2023-01-10,TOR,CHA,12.0,1,-0.6851730539437118,-45.0609756097561,0.10000000000000003
0022200629,2022-23,2023-01-12,TOR,CHA,10.0,1,-0.47077754994914334,-30.12195121951219,0.2
0022200644,2022-23,2023-01-14,TOR,ATL,-11.0,0,-0.8437668310727686,-55.8130081300813,0.09999999999999998
0022200692,2022-23,2023-01-21,TOR,BOS,-2.0,0,0.3280683100902525,22.31707317073171,-0.4
0022200700,2022-23,2023-01-22,TOR,NYK,9.0,1,-0.08019038213723238,-5.142276422764226,-0.19999999999999996
0022200826,2022-23,2023-02-08,TOR,SAS,14.0,1,-0.4801395839533346,-27.31707317073171,0.4
0022200839,2022-23,2023-02-10,TOR,UTA,-6.0,0,-0.9714583017848835,-62.27642276422763,0.09999999999999998
0022200856,2022-23,2023-02-12,TOR,DET,1.0,1,-0.6483975292755749,-38.983739837398375,0.3
0022200868,2022-23,2023-02-14,TOR,ORL,10.0,1,-1.0706977138643938,-65.83333333333334,0.09999999999999998
0022200890,2022-23,2023-02-23,TOR,NOP,5.0,1,-1.0066177106940064,-30.46747967479675,0.19999999999999996
0022200925,2022-23,2023-02-28,TOR,CHI,6.0,1,-0.15039617717288592,-9.268292682926827,0.29999999999999993
0022201029,2022-23,2023-03-14,TOR,DEN,15.0,1,-0.3762847628093595,-24.34959349593497,-0.09999999999999998
0022201044,2022-23,2023-03-16,TOR,OKC,17.0,1,-0.9608459652668585,-61.382113821138205,-0.09999999999999998
0022201058,2022-23,2023-03-18,TOR,MIN,15.0,1,-1.3075503185438504,-78.39430894308944,0.09999999999999998
0022201085,2022-23,2023-03-22,TOR,IND,-4.0,0,-0.30008333084744604,-18.861788617886177,0.0
0022201099,2022-23,2023-03-24,TOR,DET,21.0,1,-0.0801903821372324,-8.333333333333336,0.30000000000000004
0022201119,2022-23,2023-03-26,TOR,WAS,10.0,1,-0.7120446031468718,-43.292682926829265,0.2
0022201132,2022-23,2023-03-28,TOR,MIA,14.0,1,-0.03366426197983596,-6.626016260162601,-0.09999999999999998
0022201221,2022-23,2023-04-09,TOR,MIL,16.0,1,-0.3026315146035911,-19.87804878048781,-0.19999999999999996
0022200087,2022-23,2022-10-29,UTA,MEM,1.0,1,-0.5140188319025089,-16.422764227642276,-0.13333333333333341
0022200101,2022-23,2022-10-31,UTA,MEM,16.0,1,-0.11623055778240088,-9.959349593495936,0.04761904761904767
0022200157,2022-23,2022-11-07,UTA,LAL,23.0,1,-0.11769438748728578,-0.6300813008130035,0.47777777777777775
0022200208,2022-23,2022-11-15,UTA,NYK,-7.0,0,-0.12012939267983258,-0.5691056910569188,0.19999999999999996
0022200232,2022-23,2022-11-18,UTA,PHX,1.0,1,-1.08402280230226,-69.45121951219512,0.0
0022200270,2022-23,2022-11-23,UTA,DET,-9.0,0,-0.10614816262674764,-1.0975609756097668,0.39999999999999997
0022200306,2022-23,2022-11-28,UTA,CHI,-7.0,0,-0.07285486631595717,-3.821138211382106,0.0
0022200322,2022-23,2022-11-30,UTA,LAC,13.0,1,-1.8688372936639914,-75.0,-0.39999999999999997
0022200335,2022-23,2022-12-02,UTA,IND,20.0,1,-1.822728243886971,-74.79674796747967,-0.39999999999999997
0022200343,2022-23,2022-12-03,UTA,POR,-5.0,0,-1.0016042528820015,-53.59756097560975,0.2
0022200372,2022-23,2022-12-07,UTA,GSW,1.0,1,-1.9916855132480409,-92.88617886178861,-0.29999999999999993
0022200385,2022-23,2022-12-09,UTA,MIN,-10.0,0,-1.3527401122843066,-80.32520325203252,-0.19999999999999996
0022200412,2022-23,2022-12-13,UTA,NOP,21.0,1,-1.4793566931786435,-65.52845528455285,-0.6000000000000001
0022200426,2022-23,2022-12-15,UTA,NOP,3.0,1,-0.23538877497457164,-13.577235772357724,-0.4
0022200478,2022-23,2022-12-22,UTA,WAS,8.0,1,0.01024871342983591,0.06097560975608474,0.4
0022200546,2022-23,2022-12-31,UTA,MIA,-3.0,0,0.7932346559286212,18.597560975609767,-0.19999999999999996
0022200563,2022-23,2023-01-03,UTA,SAC,-2.0,0,-1.8606434217725596,-90.14227642276423,-0.09999999999999998
0022200614,2022-23,2023-01-10,UTA,CLE,2.0,1,0.06899046484169968,1.1585365853658516,-0.3
0022200638,2022-23,2023-01-13,UTA,ORL,4.0,1,-1.8279379040222206,-89.85772357723577,-0.2
0022200646,2022-23,2023-01-14,UTA,PHI,-1.0,0,-1.4836552585250902,-57.5,-0.3
0022200675,2022-23,2023-01-18,UTA,LAC,23.0,1,-0.477728634446723,-4.207317073170728,0.2
0022200689,2022-23,2023-01-20,UTA,BKN,-11.0,0,-1.5562641819562884,-73.33333333333333,0.0
0022200710,2022-23,2023-01-23,UTA,CHA,18.0,1,-2.074926998990884,-93.65853658536585,0.2
0022200750,2022-23,2023-01-28,UTA,DAL,8.0,1,-0.3182620450753822,-12.439024390243901,0.2
0022200776,2022-23,2023-02-01,UTA,TOR,3.0,1,-2.2653581662897735,-95.79268292682927,0.19999999999999996
0022200792,2022-23,2023-02-03,UTA,ATL,-7.0,0,-1.5168286220194025,-83.10975609756098,0.09999999999999998
0022200813,2022-23,2023-02-06,UTA,DAL,-13.0,0,-1.87252729605587,-92.23577235772358,0.19999999999999996
0022200828,2022-23,2023-02-08,UTA,MIN,-25.0,0,-1.0718568073050057,-67.74390243902438,-0.09999999999999998
0022200892,2022-23,2023-02-23,UTA,OKC,1.0,1,-1.2774997155152727,-42.58130081300813,-0.09999999999999998
0022200909,2022-23,2023-02-25,UTA,SAS,16.0,1,-2.2513176021151886,-92.5,0.5
0022200930,2022-23,2023-02-28,UTA,SAS,-8.0,0,-1.059249487385573,-55.203252032520325,0.5
0022201062,2022-23,2023-03-18,UTA,BOS,1.0,1,-2.971913830101105,-98.33333333333333,-0.09999999999999998
0022201076,2022-23,2023-03-20,UTA,SAC,8.0,1,-2.5828113214040314,-93.3130081300813,-0.30000000000000004
0022201091,2022-23,2023-03-22,UTA,POR,-12.0,0,-1.1985665769440201,-74.51219512195122,0.3
0022201102,2022-23,2023-03-24,UTA,MIL,-28.0,0,-1.166945417424405,-68.6178861788618,-0.29999999999999993
0022201125,2022-23,2023-03-27,UTA,PHX,-14.0,0,0.08015505009828483,1.382113821138205,0.0
0022201186,2022-23,2023-04-04,UTA,LAL,-2.0,0,-0.21549172092690871,-1.056910569105682,-0.39999999999999997
0022201200,2022-23,2023-04-06,UTA,OKC,-16.0,0,-1.5962391314395272,-73.69918699186992,-0.10000000000000003
0022201213,2022-23,2023-04-08,UTA,DEN,4.0,1,-1.5071844188141144,-72.8048780487805,-0.3
0022200097,2022-23,2022-10-31,WAS,PHI,-7.0,0,-0.4372703605737154,-25.182926829268297,0.07142857142857145
0022200123,2022-23,2022-11-04,WAS,BKN,-42.0,0,0.13107036773012504,4.613821138211378,0.25
0022200172,2022-23,2022-11-10,WAS,DAL,8.0,1,-0.830039010759774,-50.77235772357723,-0.19999999999999996
0022200185,2022-23,2022-11-12,WAS,UTA,9.0,1,-0.30174463607432367,-19.105691056910572,-0.29999999999999993
0022200194,2022-23,2022-11-13,WAS,MEM,10.0,1,-0.42852353950718125,-29.857723577235774,-0.19999999999999996
0022200213,2022-23,2022-11-16,WAS,OKC,-1.0,0,-0.9612611486354732,-61.60569105691057,0.0
0022200224,2022-23,2022-11-18,WAS,MIA,1.0,1,-0.5558855298714191,-35.44715447154472,0.0
0022200241,2022-23,2022-11-20,WAS,CHA,4.0,1,-0.7857500933763625,-47.6829268292683,0.5
0022200300,2022-23,2022-11-28,WAS,MIN,15.0,1,-0.38305103135964713,-23.638211382113838,0.09999999999999998
0022200349,2022-23,2022-12-04,WAS,LAL,-11.0,0,-0.4957844511210757,-33.373983739837406,-0.29999999999999993
0022200389,2022-23,2022-12-10,WAS,LAC,-7.0,0,-0.2343077768855553,-15.813008130081315,-0.2
0022200403,2022-23,2022-12-12,WAS,BKN,-12.0,0,-0.5730540005305327,-36.58536585365854,-0.7000000000000001
0022200506,2022-23,2022-12-27,WAS,PHI,5.0,1,0.05735009125366636,3.699186991869915,-0.6000000000000001
0022200516,2022-23,2022-12-28,WAS,PHX,25.0,1,-0.9402004790980955,-52.82520325203252,-0.10000000000000003
0022200605,2022-23,2023-01-09,WAS,NOP,-20.0,0,-0.749946065790289,-47.11382113821138,0.0
0022200619,2022-23,2023-01-11,WAS,CHI,3.0,1,-0.8041312012113014,-48.577235772357724,0.0
0022200634,2022-23,2023-01-13,WAS,NYK,-4.0,0,-0.41432618057272763,-24.227642276422763,0.09999999999999998
0022200660,2022-23,2023-01-16,WAS,GSW,-9.0,0,-1.7171828931721875,-89.71544715447153,0.0
0022200693,2022-23,2023-01-21,WAS,ORL,20.0,1,-0.7331929351117413,-42.96747967479675,0.09999999999999998
0022200787,2022-23,2023-02-03,WAS,POR,-8.0,0,-0.7184769959624226,-44.67479674796749,0.09999999999999998
0022200809,2022-23,2023-02-06,WAS,CLE,-23.0,0,-0.7900732198635219,-48.861788617886184,0.09999999999999998
0022200823,2022-23,2023-02-08,WAS,CHA,14.0,1,-0.15888632779563808,-11.300813008130085,0.19999999999999996
0022200849,2022-23,2023-02-11,WAS,IND,14.0,1,-1.244788546955389,-69.83739837398373,0.49999999999999994
0022200895,2022-23,2023-02-24,WAS,NYK,-6.0,0,-0.5320205680600133,-6.239837398373983,0.0
0022200942,2022-23,2023-03-02,WAS,TOR,11.0,1,-0.09554711666803856,-5.345528455284551,-0.30000000000000004
0022200956,2022-23,2023-03-04,WAS,TOR,-7.0,0,-0.23538877497457164,-13.577235772357724,-0.09999999999999998
0022200973,2022-23,2023-03-05,WAS,MIL,-6.0,0,-0.6955701685584849,-45.7520325203252,-0.30000000000000004
0022200985,2022-23,2023-03-08,WAS,ATL,-2.0,0,0.10928021580022124,6.17886178861788,0.0
0022200999,2022-23,2023-03-10,WAS,ATL,-7.0,0,-0.23392494526968677,-16.138211382113816,0.0
0022201028,2022-23,2023-03-14,WAS,DET,20.0,1,-0.45209063761474516,-33.06910569105691,0.19999999999999998
0022201059,2022-23,2023-03-18,WAS,SAC,-14.0,0,-0.059407834085990846,-4.634146341463413,-0.4
0022201083,2022-23,2023-03-22,WAS,DEN,-14.0,0,0.027536853310657805,2.154471544715463,-0.3
0022201098,2022-23,2023-03-24,WAS,SAS,12.0,1,-0.9309589435330565,-60.32520325203252,-0.09999999999999998
0022201130,2022-23,2023-03-28,WAS,BOS,19.0,1,0.10776515053174515,7.520325203252035,-0.49999999999999994
0022201151,2022-23,2023-03-31,WAS,ORL,-7.0,0,-0.8225060916108099,-39.63414634146342,-0.2
0022201179,2022-23,2023-04-04,WAS,MIL,-12.0,0,-0.6357909801524997,-38.130081300812996,-0.39999999999999997
0022201204,2022-23,2023-04-07,WAS,MIA,6.0,1,-0.5553254419259839,-36.68699186991871,-0.39999999999999997
0022201222,2022-23,2023-04-09,WAS,HOU,-5.0,0,-0.31601627521980996,-19.837398373983746,0.0
0022300175,2023-24,2023-11-11,ATL,MIA,-8.0,0,-0.032610953509288935,-1.0975609756097526,0.125
0022300193,2023-24,2023-11-15,ATL,NYK,-2.0,0,0.1444002922645477,10.650406504065039,0.09999999999999998
0022300029,2023-24,2023-11-17,ATL,PHI,-10.0,0,-0.6537411863303793,-44.14634146341464,-0.20000000000000007
0022300039,2023-24,2023-11-21,ATL,IND,-5.0,0,-0.5459679824029098,-27.54065040650406,0.09999999999999998
0022300227,2023-24,2023-11-22,ATL,BKN,2.0,1,-0.11650609324095162,-3.9024390243902403,0.0
0022301209,2023-24,2023-12-06,ATL,BKN,-1.0,0,-0.0018280289465322785,-0.10162601626015544,-0.19999999999999996
0022300296,2023-24,2023-12-11,ATL,DEN,-7.0,0,-0.4191850036885264,-22.642276422764226,-0.2
0022300352,2023-24,2023-12-18,ATL,DET,6.0,1,-0.5959137999365779,-37.11382113821139,0.2
0022300393,2023-24,2023-12-23,ATL,MEM,-6.0,0,0.006695019159607685,0.6300813008130035,-0.10000000000000003
0022300431,2023-24,2023-12-29,ATL,SAC,-7.0,0,-0.8537631741818865,-53.90243902439025,-0.3
0022300467,2023-24,2024-01-03,ATL,OKC,3.0,1,-0.9598996056331337,-57.113821138211385,-0.4
0022300521,2023-24,2024-01-10,ATL,PHI,7.0,1,-0.15362608488164275,-18.211382113821134,-0.09999999999999998
0022300533,2023-24,2024-01-12,ATL,IND,-18.0,0,-0.7443765228936229,-47.39837398373983,-0.4
0022300543,2023-24,2024-01-13,ATL,WAS,-28.0,0,0.15296609757380666,8.109756097560975,0.19999999999999998
0022300559,2023-24,2024-01-15,ATL,SAS,10.0,1,-0.784492566538663,-52.398373983739845,0.0
0022300570,2023-24,2024-01-17,ATL,ORL,2.0,1,-1.0139348631925282,-65.48780487804878,0.0
0022300595,2023-24,2024-01-20,ATL,CLE,-21.0,0,0.7834808777648178,46.72764227642277,-0.20000000000000007
0022300634,2023-24,2024-01-26,ATL,DAL,-5.0,0,0.7020369226987043,33.536585365853654,-0.09999999999999998
0022300653,2023-24,2024-01-28,ATL,TOR,1.0,1,-0.38561075161089226,-27.357723577235777,0.2
0022300669,2023-24,2024-01-30,ATL,LAL,16.0,1,-1.3892022782663096,-73.08943089430895,-0.09999999999999998
0022300690,2023-24,2024-02-02,ATL,PHX,9.0,1,-1.7565582224657157,-90.630081300813,-0.30000000000000004
0022300699,2023-24,2024-02-03,ATL,GSW,7.0,1,-0.6853238249100994,-43.922764227642276,0.19999999999999996
0022300716,2023-24,2024-02-05,ATL,LAC,-5.0,0,-1.633136893317755,-74.95934959349594,-0.20000000000000007
0022300754,2023-24,2024-02-10,ATL,HOU,9.0,1,-0.4377147175534566,-17.39837398373983,0.2
0022300763,2023-24,2024-02-12,ATL,CHI,-10.0,0,-0.8530244469113932,-57.5609756097561,0.09999999999999998
0022300804,2023-24,2024-02-23,ATL,TOR,-2.0,0,-1.4005898205658742,-51.239837398373986,0.19999999999999996
0022300821,2023-24,2024-02-25,ATL,ORL,17.0,1,-1.2897076611404803,-72.03252032520327,-0.30000000000000004
0022300835,2023-24,2024-02-27,ATL,UTA,23.0,1,-0.9687979446274433,-63.048780487804876,0.2
0022300895,2023-24,2024-03-06,ATL,CLE,11.0,1,0.009698658624756717,0.8943089430894275,0.0
0022300925,2023-24,2024-03-10,ATL,NOP,-13.0,0,0.03163556127498088,1.3414634146341484,-0.19999999999999996
0022301021,2023-24,2024-03-23,ATL,CHA,41.0,1,0.9681447767621136,57.07317073170731,0.2
0022301034,2023-24,2024-03-25,ATL,BOS,2.0,1,-1.244955648209908,-78.29268292682927,-0.4
0022301051,2023-24,2024-03-27,ATL,POR,14.0,1,-0.999375653624001,-65.04065040650407,0.3
0022301060,2023-24,2024-03-28,ATL,BOS,1.0,1,0.07383455835930358,6.016260162601625,-0.4
0022301076,2023-24,2024-03-30,ATL,MIL,-9.0,0,-0.9841519166841395,-64.47154471544717,0.0
0022301104,2023-24,2024-04-03,ATL,DET,8.0,1,0.34510107305936644,22.317073170731703,0.5
0022301147,2023-24,2024-04-09,ATL,MIA,-6.0,0,-0.1788869446569477,-13.902439024390247,0.0
0022301159,2023-24,2024-04-10,ATL,CHA,-1.0,0,-0.4705859700916718,-32.17479674796748,0.39999999999999997
0022300149,2023-24,2023-11-06,BKN,MIL,-4.0,0,-0.19555406194026317,-12.439024390243905,-0.09999999999999998
0022300160,2023-24,2023-11-08,BKN,LAC,7.0,1,0.008106749039017869,7.073170731707318,-0.07142857142857145
0022300178,2023-24,2023-11-12,BKN,WAS,8.0,1,-0.11858686350601425,-6.991869918699194,0.19444444444444442
0022300020,2023-24,2023-11-14,BKN,ORL,20.0,1,0.01907118714311229,7.317073170731707,-0.05555555555555558
0022300208,2023-24,2023-11-19,BKN,PHI,-22.0,0,-0.7188262736088993,-48.55691056910569,-0.20000000000000007
0022300240,2023-24,2023-11-25,BKN,MIA,15.0,1,-1.118263128422711,-73.08943089430895,-0.4
0022300250,2023-24,2023-11-26,BKN,CHI,9.0,1,-0.6360560101814404,-37.33739837398374,0.10000000000000003
0022300054,2023-24,2023-11-28,BKN,TOR,12.0,1,-0.5636128106796543,-36.66666666666667,0.0
0022300266,2023-24,2023-11-30,BKN,CHA,-1.0,0,-0.22719260928371685,-14.065040650406505,0.3
0022300282,2023-24,2023-12-02,BKN,ORL,28.0,1,-0.7606085234891348,-51.463414634146346,-0.4
0022301219,2023-24,2023-12-08,BKN,WAS,27.0,1,0.18338594991310436,18.943089430894307,0.5
0022300368,2023-24,2023-12-20,BKN,NYK,-19.0,0,-0.826177863320368,-16.82926829268291,-0.09999999999999998
0022300383,2023-24,2023-12-22,BKN,DEN,-5.0,0,-0.5553103795259098,-36.016260162601625,-0.19999999999999996
0022300394,2023-24,2023-12-23,BKN,DET,11.0,1,0.052626104468286417,4.8983739837398375,0.4
0022300417,2023-24,2023-12-27,BKN,MIL,-22.0,0,0.14692519006995688,10.142276422764226,-0.4
0022300481,2023-24,2024-01-05,BKN,OKC,9.0,1,0.024237444118420493,2.58130081300812,-0.6000000000000001
0022300498,2023-24,2024-01-07,BKN,POR,-7.0,0,-1.087552212600199,-67.47967479674797,0.0
0022300562,2023-24,2024-01-15,BKN,MIA,-1.0,0,0.2854378410028549,14.512195121951223,-0.3
0022300615,2023-24,2024-01-23,BKN,NYK,-5.0,0,1.1452836853097608,76.13821138211382,-0.6000000000000001
0022300629,2023-24,2024-01-25,BKN,MIN,-2.0,0,-0.800921479843031,-52.906504065040664,-0.39999999999999997
0022300645,2023-24,2024-01-27,BKN,HOU,2.0,1,-0.849425716154246,-57.27642276422765,-0.09999999999999998
0022300660,2023-24,2024-01-29,BKN,UTA,33.0,1,-0.9301448854621464,-60.9349593495935,-0.39999999999999997
0022300677,2023-24,2024-01-31,BKN,PHX,-16.0,0,-0.9712998470725493,-63.577235772357724,-0.5
0022300717,2023-24,2024-02-05,BKN,GSW,-11.0,0,-0.6990786365761297,-41.3821138211382,0.0
0022300720,2023-24,2024-02-06,BKN,DAL,-12.0,0,-0.48358441097545835,-32.703252032520325,0.0
0022300735,2023-24,2024-02-08,BKN,CLE,-23.0,0,-0.800921479843031,-52.906504065040664,-0.5
0022300750,2023-24,2024-02-10,BKN,SAS,20.0,1,-0.48839188598674826,-32.88617886178862,0.09999999999999998
0022300771,2023-24,2024-02-13,BKN,BOS,-8.0,0,-1.1258800360873837,-61.52439024390244,-0.4
0022300851,2023-24,2024-02-29,BKN,ATL,27.0,1,-0.10603599643181813,-5.528455284552855,-0.3
0022300866,2023-24,2024-03-02,BKN,ATL,12.0,1,-0.23527289697510442,-14.573170731707318,-0.10000000000000003
0022300879,2023-24,2024-03-04,BKN,MEM,-4.0,0,-0.7162840724351187,-48.577235772357724,0.2
0022300887,2023-24,2024-03-05,BKN,PHI,5.0,1,-0.3447897811476039,-23.191056910569102,-0.09999999999999998
0022300993,2023-24,2024-03-19,BKN,NOP,-13.0,0,0.16265543709865193,11.626016260162594,-0.29999999999999993
0022301066,2023-24,2024-03-29,BKN,CHI,17.0,1,-0.40822435952495706,-25.853658536585357,-0.10000000000000003
0022301078,2023-24,2024-03-31,BKN,LAL,-12.0,0,-0.8223892123184964,-54.67479674796748,-0.29999999999999993
0022301106,2023-24,2024-04-03,BKN,IND,4.0,1,0.11766290983518249,10.40650406504065,-0.3
0022301128,2023-24,2024-04-06,BKN,DET,10.0,1,-1.4959373217197356,-86.7479674796748,0.30000000000000004
0022301141,2023-24,2024-04-07,BKN,SAC,-30.0,0,-0.3732271610026088,-24.89837398373983,0.0
0022301160,2023-24,2024-04-10,BKN,TOR,4.0,1,-1.2173536416706046,-67.21544715447153,0.3
0022300010,2023-24,2023-11-10,BOS,BKN,14.0,1,-0.0993575854628677,-6.219512195121958,0.2142857142857143
0022300174,2023-24,2023-11-11,BOS,TOR,23.0,1,-0.31403406373697085,-20.223577235772353,0.25
0022300188,2023-24,2023-11-13,BOS,NYK,16.0,1,-0.4440882222083993,-29.593495934959353,0.2222222222222222
0022300228,2023-24,2023-11-22,BOS,MIL,3.0,1,-0.20467285337085186,-11.158536585365859,-0.10000000000000009
0022300246,2023-24,2023-11-26,BOS,ATL,10.0,1,-0.4547195110487766,-28.577235772357724,0.19999999999999996
0022300053,2023-24,2023-11-28,BOS,CHI,27.0,1,-0.7606787075768937,-51.50406504065042,0.6000000000000001
0022300275,2023-24,2023-12-01,BOS,PHI,6.0,1,-1.3640455283421555,-77.70325203252031,0.30000000000000004
0022301227,2023-24,2023-12-08,BOS,NYK,10.0,1,-0.5829529694483125,-29.593495934959353,0.0
0022300305,2023-24,2023-12-12,BOS,CLE,7.0,1,-1.7474744280769423,-87.07317073170732,0.09999999999999998
0022300319,2023-24,2023-12-14,BOS,CLE,9.0,1,-0.7058451522729435,-44.451219512195124,0.19999999999999996
0022300329,2023-24,2023-12-15,BOS,ORL,17.0,1,0.2824572484853909,22.784552845528456,-0.10000000000000009
0022300344,2023-24,2023-12-17,BOS,ORL,17.0,1,2.6461347630291066e-05,6.808943089430894,0.10000000000000009
0022300421,2023-24,2023-12-28,BOS,DET,6.0,1,0.36420562946496643,25.609756097560968,0.8
0022300432,2023-24,2023-12-29,BOS,TOR,2.0,1,-0.054625814075833376,-4.207317073170735,0.6000000000000001
0022300479,2023-24,2024-01-05,BOS,UTA,29.0,1,-0.8692352093652245,-54.227642276422756,0.10000000000000009
0022300517,2023-24,2024-01-10,BOS,MIN,7.0,1,-0.7592524195205872,-42.764227642276424,0.20000000000000007
0022300542,2023-24,2024-01-13,BOS,HOU,32.0,1,-0.49878480311876405,-28.638211382113816,0.29999999999999993
0022300571,2023-24,2024-01-17,BOS,SAS,19.0,1,-0.2747304880073063,-17.500000000000007,0.39999999999999997
0022300586,2023-24,2024-01-19,BOS,DEN,-2.0,0,-0.036195139148982924,-7.276422764227643,0.09999999999999998
0022300646,2023-24,2024-01-27,BOS,LAC,-19.0,0,-0.4506918424071872,-28.65853658536586,-0.10000000000000009
0022300659,2023-24,2024-01-29,BOS,NOP,6.0,1,-1.0636854435271768,-68.00813008130082,0.19999999999999996
0022300670,2023-24,2024-01-30,BOS,IND,5.0,1,-0.20851583657647776,-13.59756097560976,0.19999999999999996
0022300684,2023-24,2024-02-01,BOS,LAL,-9.0,0,-0.8412272920485374,-56.42276422764229,0.30000000000000004
0022300706,2023-24,2024-02-04,BOS,MEM,40.0,1,-0.9972460114112358,-65.60975609756098,0.29999999999999993
0022300729,2023-24,2024-02-07,BOS,ATL,8.0,1,-0.9958074810633716,-52.41869918699187,0.19999999999999996
0022300743,2023-24,2024-02-09,BOS,WAS,4.0,1,-0.44447890006577206,-25.99593495934959,0.49999999999999994
0022300780,2023-24,2024-02-14,BOS,BKN,50.0,1,-0.1176364484875522,-8.53658536585366,0.4
0022300836,2023-24,2024-02-27,BOS,PHI,18.0,1,-0.6439768037275868,-39.34959349593496,0.6000000000000001
0022300859,2023-24,2024-03-01,BOS,DAL,28.0,1,-1.3092592354938264,-72.56097560975608,0.09999999999999998
0022300872,2023-24,2024-03-03,BOS,GSW,52.0,1,-1.0370690593390703,-65.91463414634146,0.19999999999999996
0022300955,2023-24,2024-03-14,BOS,PHX,15.0,1,0.7939251209163929,50.24390243902438,0.30000000000000004
0022300984,2023-24,2024-03-18,BOS,DET,25.0,1,-0.13995601815246897,-10.406504065040643,0.4
0022300998,2023-24,2024-03-20,BOS,MIL,3.0,1,-0.20326010223939886,-12.76422764227642,0.10000000000000009
0022301105,2023-24,2024-04-03,BOS,OKC,35.0,1,-0.5760688030863098,-35.63008130081301,0.10000000000000009
0022301118,2023-24,2024-04-05,BOS,SAC,1.0,1,-0.7970240290186862,-52.72357723577237,0.20000000000000007
0022301134,2023-24,2024-04-07,BOS,POR,17.0,1,-1.150297590991085,-68.739837398374,0.6000000000000001
0022301167,2023-24,2024-04-11,BOS,NYK,-9.0,0,-0.470248614222715,-27.37804878048781,0.09999999999999998
0022301173,2023-24,2024-04-12,BOS,CHA,33.0,1,-0.3337642189186768,-22.19512195121952,0.3
0022301186,2023-24,2024-04-14,BOS,WAS,10.0,1,-0.20917954174303735,-13.069105691056908,0.39999999999999997
0022300157,2023-24,2023-11-08,CHA,WAS,-16.0,0,-0.5494878825252952,-35.16260162601626,0.16666666666666666
0022300017,2023-24,2023-11-14,CHA,MIA,-6.0,0,-0.6225823311644465,-36.260162601626014,-0.26666666666666666
0022300027,2023-24,2023-11-17,CHA,MIL,-31.0,0,-1.1806565269665343,-64.53252032520325,-0.3
0022300202,2023-24,2023-11-18,CHA,NYK,-14.0,0,-1.1507924159465024,-54.9390243902439,-0.39999999999999997
0022300217,2023-24,2023-11-20,CHA,BOS,3.0,1,-1.3961534357914225,-73.130081300813,-0.6000000000000001
0022300225,2023-24,2023-11-22,CHA,WAS,3.0,1,-0.3272843538383763,-22.804878048780484,0.19999999999999998
0022300281,2023-24,2023-12-02,CHA,MIN,-6.0,0,-0.2434733064518247,-16.82926829268292,-0.4
0022301216,2023-24,2023-12-08,CHA,TOR,3.0,1,0.2825172714310912,17.23577235772357,-0.10000000000000003
0022300292,2023-24,2023-12-11,CHA,MIA,-2.0,0,-0.60492644745975,-29.04471544715447,0.0
0022300326,2023-24,2023-12-15,CHA,NOP,-5.0,0,-0.19293016167646534,-14.024390243902445,-0.19999999999999996
0022300335,2023-24,2023-12-16,CHA,PHI,-53.0,0,-0.5798562691093141,-38.922764227642276,-0.39999999999999997
0022300390,2023-24,2023-12-23,CHA,DEN,-7.0,0,-1.2669803812978804,-78.04878048780488,-0.39999999999999997
0022300506,2023-24,2024-01-08,CHA,CHI,-7.0,0,-0.3529358068102869,-20.487804878048777,-0.5
0022300518,2023-24,2024-01-10,CHA,SAC,-25.0,0,-1.1096153221577858,-72.19512195121952,-0.5
0022300584,2023-24,2024-01-19,CHA,SAS,4.0,1,-0.36174111673747544,-24.512195121951223,-0.1
0022300593,2023-24,2024-01-20,CHA,PHI,-8.0,0,-0.6884961638786443,-44.20731707317073,-0.39999999999999997
0022300635,2023-24,2024-01-26,CHA,HOU,-34.0,0,-0.47495411993805425,-30.487804878048777,-0.09999999999999998
0022300647,2023-24,2024-01-27,CHA,UTA,-12.0,0,-0.40800352314627675,-26.646341463414643,-0.49999999999999994
0022300657,2023-24,2024-01-29,CHA,NYK,-21.0,0,-0.58987538200573,-38.983739837398375,-0.6000000000000001
0022300674,2023-24,2024-01-31,CHA,CHI,-7.0,0,-0.9925750817521561,-64.95934959349594,-0.3
0022300707,2023-24,2024-02-04,CHA,IND,-16.0,0,0.14256867997449996,9.634146341463413,-0.2
0022300713,2023-24,2024-02-05,CHA,LAL,-6.0,0,-0.9058674482887349,-50.8739837398374,-0.39999999999999997
0022300726,2023-24,2024-02-07,CHA,TOR,-6.0,0,-1.4221393754480103,-73.41463414634147,-0.1
0022300751,2023-24,2024-02-10,CHA,MEM,9.0,1,0.3407252799776209,16.6260162601626,-0.3
0022300761,2023-24,2024-02-12,CHA,IND,9.0,1,-0.7075118304932823,-47.357723577235774,-0.5
0022300777,2023-24,2024-02-14,CHA,ATL,23.0,1,-0.4165529440441376,-28.33333333333334,-0.39999999999999997
0022300849,2023-24,2024-02-29,CHA,MIL,-12.0,0,-0.1176364484875522,-8.821138211382113,0.0
0022300885,2023-24,2024-03-05,CHA,ORL,-12.0,0,0.10233373844558163,5.569105691056912,-0.30000000000000004
0022300918,2023-24,2024-03-09,CHA,BKN,11.0,1,0.11501165214801995,8.373983739837392,-0.10000000000000003
0022300961,2023-24,2024-03-15,CHA,PHX,-11.0,0,-0.4615351534057365,-24.471544715447166,-0.2
0022301048,2023-24,2024-03-27,CHA,CLE,7.0,1,-0.35293580681028697,-21.056910569105696,-0.2
0022301062,2023-24,2024-03-29,CHA,GSW,-18.0,0,-0.9237690608537488,-60.6910569105691,-0.2
0022301079,2023-24,2024-03-31,CHA,LAC,-12.0,0,-0.8061326123661967,-53.41463414634147,-0.2
0022301087,2023-24,2024-04-01,CHA,BOS,-14.0,0,-0.9146498409705194,-50.9959349593496,-0.6000000000000001
0022301102,2023-24,2024-04-03,CHA,POR,-3.0,0,-0.8061061510185663,-53.3739837398374,0.2
0022301115,2023-24,2024-04-05,CHA,ORL,9.0,1,-0.9515935814978016,-62.15447154471545,-0.6
0022301135,2023-24,2024-04-07,CHA,OKC,-3.0,0,-0.9257890844834551,-60.772357723577244,-0.3
0022301144,2023-24,2024-04-09,CHA,DAL,-26.0,0,-0.7731043566889838,-51.991869918699194,-0.7
0022300152,2023-24,2023-11-06,CHI,UTA,17.0,1,0.039961153065248944,3.739837398373986,0.0
0022300162,2023-24,2023-11-08,CHI,PHX,-1.0,0,-0.6092945456950022,-40.89430894308944,-0.05357142857142855
0022300181,2023-24,2023-11-12,CHI,DET,11.0,1,-1.1537013593521448,-63.06910569105691,0.1333333333333333
0022300196,2023-24,2023-11-15,CHI,ORL,-2.0,0,-1.1810195826412158,-63.008130081300806,-0.09999999999999998
0022300033,2023-24,2023-11-17,CHI,ORL,-6.0,0,-0.3529093454626566,-25.000000000000004,-0.2
0022300204,2023-24,2023-11-18,CHI,MIA,5.0,1,-0.32629583136953755,-21.321138211382106,-0.39999999999999997
0022300220,2023-24,2023-11-20,CHI,MIA,-18.0,0,-0.23527289697510442,-14.573170731707318,-0.39999999999999997
0022300269,2023-24,2023-11-30,CHI,MIL,7.0,1,-0.25469614035670973,-15.873983739837385,-0.6000000000000001
0022300285,2023-24,2023-12-02,CHI,NOP,6.0,1,-0.8633976865851857,-58.69918699186992,-0.49999999999999994
0022301211,2023-24,2023-12-06,CHI,CHA,11.0,1,-0.6918839687811182,-31.646341463414632,0.0
0022300307,2023-24,2023-12-12,CHI,DEN,-8.0,0,-0.5621621245658467,-32.27642276422764,-0.09999999999999998
0022300370,2023-24,2023-12-20,CHI,LAL,16.0,1,-0.12290541122195286,-7.967479674796749,0.09999999999999998
0022300376,2023-24,2023-12-21,CHI,SAS,19.0,1,-0.210406474790307,-13.760162601626014,0.6
0022300396,2023-24,2023-12-23,CHI,CLE,-14.0,0,-0.6593783434494815,-44.593495934959364,0.09999999999999998
0022300408,2023-24,2023-12-26,CHI,ATL,5.0,1,-0.6918494300482532,-44.51219512195122,0.3
0022300422,2023-24,2023-12-28,CHI,IND,-16.0,0,-0.7048013377853822,-44.22764227642277,0.19999999999999996
0022300442,2023-24,2023-12-30,CHI,PHI,13.0,1,-1.4475637692379775,-83.13008130081302,-0.30000000000000004
0022300484,2023-24,2024-01-05,CHI,CHA,13.0,1,-0.47238613299629967,-23.495934959349597,0.4
0022300523,2023-24,2024-01-10,CHI,HOU,5.0,1,-0.6124736523637492,-38.231707317073166,0.09999999999999998
0022300536,2023-24,2024-01-12,CHI,GSW,-9.0,0,-1.081892892524501,-69.8780487804878,0.19999999999999996
0022300597,2023-24,2024-01-20,CHI,MEM,29.0,1,0.06491838951023539,5.0406504065040565,0.09999999999999998
0022300672,2023-24,2024-01-30,CHI,TOR,-11.0,0,0.14544858022920873,11.585365853658544,0.5
0022300700,2023-24,2024-02-03,CHI,SAC,-8.0,0,-1.1862797699994185,-52.39837398373984,0.0
0022300723,2023-24,2024-02-06,CHI,MIN,6.0,1,-0.9464925291217782,-48.84146341463415,-0.09999999999999998
0022300797,2023-24,2024-02-22,CHI,BOS,-17.0,0,-0.8143621224654233,-12.906504065040652,-0.30000000000000004
0022300839,2023-24,2024-02-27,CHI,DET,-10.0,0,-0.9546435434968218,-54.79674796747967,0.3
0022300846,2023-24,2024-02-28,CHI,CLE,9.0,1,-0.8946777017722164,-50.548780487804876,-0.19999999999999996
0022300864,2023-24,2024-03-01,CHI,MIL,-16.0,0,-1.0817105934234266,-67.11382113821138,-0.09999999999999998
0022300935,2023-24,2024-03-11,CHI,DAL,-35.0,0,0.15754037317815178,8.943089430894304,0.0
0022300956,2023-24,2024-03-14,CHI,LAC,-15.0,0,-0.25650667181499504,-13.739837398373979,0.09999999999999998
0022300971,2023-24,2024-03-16,CHI,WAS,29.0,1,-0.9400742347604867,-61.422764227642276,0.3
0022300986,2023-24,2024-03-18,CHI,POR,3.0,1,-0.7088439589179817,-47.439024390243915,0.19999999999999996
0022301023,2023-24,2024-03-23,CHI,BOS,-11.0,0,-1.037108725352154,-57.073170731707314,-0.20000000000000007
0022301037,2023-24,2024-03-25,CHI,WAS,-2.0,0,-1.0263833440791401,-65.40650406504065,0.09999999999999998
0022301054,2023-24,2024-03-27,CHI,IND,26.0,1,-1.509570888978119,-74.1869918699187,-0.19999999999999996
0022301091,2023-24,2024-04-01,CHI,ATL,-12.0,0,-0.09829270773676174,-6.666666666666671,0.0
0022301119,2023-24,2024-04-05,CHI,NYK,8.0,1,-1.5827683331069031,-86.48373983739837,-0.19999999999999996
0022301149,2023-24,2024-04-09,CHI,NYK,-11.0,0,-0.14552518214251564,-10.0,-0.09999999999999998
0022300142,2023-24,2023-11-05,CLE,GSW,11.0,1,-0.5272257018574888,-33.73983739837399,-0.5
0022300030,2023-24,2023-11-17,CLE,DET,8.0,1,1.3277823226565717,79.16666666666667,0.30000000000000004
0022300210,2023-24,2023-11-19,CLE,DEN,12.0,1,-0.7163976711765958,-48.617886178861795,-0.19999999999999996
0022300229,2023-24,2023-11-22,CLE,MIA,-33.0,0,-0.1999815326124587,-12.886178861788622,-0.10000000000000009
0022300242,2023-24,2023-11-25,CLE,LAL,-6.0,0,-1.2848679757477253,-81.46341463414635,0.0
0022300251,2023-24,2023-11-26,CLE,TOR,3.0,1,-0.20831144730872997,-13.556910569105689,0.0
0022300055,2023-24,2023-11-28,CLE,ATL,23.0,1,-0.8111951875418065,-53.86178861788619,0.19999999999999996
0022300265,2023-24,2023-11-30,CLE,POR,-8.0,0,-0.15188452237833855,-11.422764227642272,0.49999999999999994
0022301205,2023-24,2023-12-06,CLE,ORL,10.0,1,-0.4132110327272077,-26.829268292682926,-0.20000000000000007
0022300336,2023-24,2023-12-16,CLE,ATL,8.0,1,-0.5296788545141968,-34.22764227642277,0.2
0022300349,2023-24,2023-12-18,CLE,HOU,5.0,1,-1.177435184366375,-69.34959349593497,0.0
0022300364,2023-24,2023-12-20,CLE,UTA,8.0,1,-0.9683003086736084,-63.33333333333334,0.19999999999999996
0022300375,2023-24,2023-12-21,CLE,NOP,-19.0,0,-0.561870404857022,-37.05284552845528,-0.09999999999999998
0022300433,2023-24,2023-12-29,CLE,MIL,-8.0,0,-0.503781467991916,-32.27642276422765,-0.20000000000000007
0022300465,2023-24,2024-01-03,CLE,WAS,39.0,1,0.09426112535391012,3.6991869918699187,0.2
0022300482,2023-24,2024-01-05,CLE,WAS,24.0,1,-0.2352728969751044,-6.117886178861788,0.3
0022300497,2023-24,2024-01-07,CLE,SAS,2.0,1,-0.2232196371391855,-13.86178861788618,0.6
0022300561,2023-24,2024-01-15,CLE,CHI,18.0,1,0.3112487147863749,11.869918699186982,0.09999999999999998
0022300572,2023-24,2024-01-17,CLE,MIL,40.0,1,-0.6330812934044929,-40.731707317073166,0.09999999999999998
0022300658,2023-24,2024-01-29,CLE,LAC,10.0,1,-0.7663490592703353,-45.772357723577244,0.09999999999999998
0022300675,2023-24,2024-01-31,CLE,DET,7.0,1,-0.10807048899935201,-3.678861788617885,0.6000000000000001
0022300714,2023-24,2024-02-05,CLE,SAC,26.0,1,-0.7628121625517762,-31.6260162601626,0.30000000000000004
0022300762,2023-24,2024-02-12,CLE,PHI,-2.0,0,-0.29556549928839826,-18.69918699186993,0.7
0022300781,2023-24,2024-02-14,CLE,CHI,3.0,1,-0.8147536445225092,-54.1869918699187,0.4
0022300792,2023-24,2024-02-22,CLE,ORL,-7.0,0,-0.5864167870833962,-5.630081300813008,0.20000000000000007
0022300832,2023-24,2024-02-27,CLE,DAL,2.0,1,0.11671952724368524,6.91056910569106,0.0
0022300876,2023-24,2024-03-03,CLE,NYK,-9.0,0,-0.023164798888189883,-4.878048780487802,0.3
0022300886,2023-24,2024-03-05,CLE,BOS,1.0,1,-0.34062293224396734,-24.065040650406505,-0.5
0022300911,2023-24,2024-03-08,CLE,MIN,9.0,1,-0.46971993395073314,-29.796747967479675,-0.19999999999999996
0022300930,2023-24,2024-03-10,CLE,BKN,-19.0,0,-1.1923868278417131,-69.63414634146342,0.09999999999999998
0022300934,2023-24,2024-03-11,CLE,PHX,-6.0,0,-0.6933285793804034,-35.7520325203252,0.0
0022300996,2023-24,2024-03-20,CLE,MIA,-3.0,0,-0.8325478238432475,-51.463414634146346,0.09999999999999998
0022301033,2023-24,2024-03-25,CLE,CHA,23.0,1,0.18805754098312524,13.739837398373993,0.09999999999999998
0022301067,2023-24,2024-03-29,CLE,PHI,3.0,1,-0.21881588354946324,-12.479674796747972,-0.10000000000000003
0022301158,2023-24,2024-04-10,CLE,MEM,12.0,1,-0.3754494121618714,-21.21951219512195,-0.10000000000000003
0022301174,2023-24,2024-04-12,CLE,IND,9.0,1,-0.09064853747354751,-9.146341463414632,-0.29999999999999993
0022301187,2023-24,2024-04-14,CLE,CHA,-10.0,0,-1.0464945458645412,-66.78861788617887,0.2
0022300143,2023-24,2023-11-05,DAL,CHA,6.0,1,-0.6322803091082188,-32.134146341463406,0.4
0022300168,2023-24,2023-11-08,DAL,TOR,-11.0,0,0.5093654280986539,33.211382113821145,0.42857142857142855
0022300014,2023-24,2023-11-10,DAL,LAC,18.0,1,-0.9240989658351746,-60.73170731707317,0.32142857142857145
0022300212,2023-24,2023-11-19,DAL,SAC,-16.0,0,-0.018696027339348692,-1.260162601626007,0.0
0022300059,2023-24,2023-11-28,DAL,HOU,6.0,1,0.3889445275237837,33.53658536585366,-0.19999999999999996
0022300277,2023-24,2023-12-01,DAL,MEM,-14.0,0,-0.74724770786229,-34.53252032520326,0.2
0022300287,2023-24,2023-12-02,DAL,OKC,-6.0,0,-0.13522580074701784,-4.207317073170728,-0.19999999999999996
0022301213,2023-24,2023-12-06,DAL,UTA,50.0,1,-0.7185607813666902,-32.82520325203252,0.0
0022300306,2023-24,2023-12-12,DAL,LAL,2.0,1,0.38033436984266866,27.276422764227654,-0.19999999999999996
0022300321,2023-24,2023-12-14,DAL,MIN,-18.0,0,-0.2571795007083967,-15.813008130081304,-0.20000000000000007
0022300372,2023-24,2023-12-20,DAL,LAC,-9.0,0,-0.24245368446591045,-16.605691056910572,-0.30000000000000004
0022300398,2023-24,2023-12-23,DAL,SAS,25.0,1,-0.07578666240456242,-5.325203252032523,0.4
0022300420,2023-24,2023-12-27,DAL,CLE,-3.0,0,0.5040362981100706,30.406504065040657,0.0
0022300472,2023-24,2024-01-03,DAL,POR,29.0,1,-0.22908407563371905,-14.918699186991873,0.10000000000000003
0022300487,2023-24,2024-01-05,DAL,POR,36.0,1,-0.11760998713992188,-10.264227642276428,0.10000000000000003
0022300501,2023-24,2024-01-07,DAL,MIN,7.0,1,-0.603121254808511,-40.44715447154472,-0.09999999999999998
0022300515,2023-24,2024-01-09,DAL,MEM,-17.0,0,-0.9476448570004092,-61.78861788617887,0.0
0022300530,2023-24,2024-01-11,DAL,NYK,4.0,1,-0.8065039767634146,-53.45528455284554,0.0
0022300547,2023-24,2024-01-13,DAL,NOP,-10.0,0,-1.3228998222388273,-72.07317073170732,0.0
0022300556,2023-24,2024-01-15,DAL,NOP,5.0,1,-0.588182242437761,-38.922764227642276,-0.19999999999999996
0022300611,2023-24,2024-01-22,DAL,BOS,-9.0,0,-1.6181003237634928,-81.07723577235774,-0.09999999999999998
0022300625,2023-24,2024-01-24,DAL,PHX,-23.0,0,-1.1829706766707744,-65.77235772357724,-0.19999999999999996
0022300651,2023-24,2024-01-27,DAL,SAC,-5.0,0,-0.06659724080687646,-2.5203252032520425,0.0
0022300666,2023-24,2024-01-29,DAL,ORL,2.0,1,-0.8135224217342705,-54.0650406504065,0.10000000000000003
0022300702,2023-24,2024-02-03,DAL,MIL,-12.0,0,-0.9079353070711906,-61.05691056910568,-0.19999999999999996
0022300748,2023-24,2024-02-10,DAL,OKC,35.0,1,0.3601598328991108,22.682926829268283,-0.19999999999999996
0022300768,2023-24,2024-02-12,DAL,WAS,8.0,1,-0.7960238559646118,-52.642276422764226,0.39999999999999997
0022300785,2023-24,2024-02-14,DAL,SAS,23.0,1,-1.2312037819775146,-70.8130081300813,0.39999999999999997
0022300796,2023-24,2024-02-22,DAL,PHX,10.0,1,-0.712371960025305,-7.337398373983739,0.0
0022300871,2023-24,2024-03-03,DAL,PHI,-4.0,0,0.13024886810843386,9.26829268292682,0.29999999999999993
0022300892,2023-24,2024-03-05,DAL,IND,-17.0,0,-0.6571192617935337,-44.390243902439025,0.09999999999999998
0022300904,2023-24,2024-03-07,DAL,MIA,6.0,1,-0.5652591515304228,-36.788617886178855,-0.30000000000000004
0022300952,2023-24,2024-03-13,DAL,GSW,10.0,1,-0.1765669623759131,-9.552845528455286,-0.09999999999999998
0022300978,2023-24,2024-03-17,DAL,DEN,2.0,1,-0.6395299095340681,-37.52032520325203,-0.4
0022301008,2023-24,2024-03-21,DAL,UTA,16.0,1,-0.9636314018586747,-57.3170731707317,0.39999999999999997
0022301124,2023-24,2024-04-04,DAL,ATL,14.0,1,-0.05101274633304542,-3.089430894308947,0.10000000000000009
0022301097,2023-24,2024-04-05,DAL,GSW,2.0,1,-0.603121254808511,-40.772357723577244,0.10000000000000009
0022301131,2023-24,2024-04-07,DAL,HOU,11.0,1,-0.48548480632095875,-32.52032520325204,0.30000000000000004
0022301181,2023-24,2024-04-12,DAL,DET,-18.0,0,-0.3078661722828065,-19.63414634146342,0.8
0022300139,2023-24,2023-11-04,DEN,CHI,22.0,1,-1.3096212406531174,-41.89024390243901,0.5
0022300156,2023-24,2023-11-06,DEN,NOP,18.0,1,-1.6619393462915044,-75.40650406504066,0.19047619047619047
0022300169,2023-24,2023-11-08,DEN,GSW,3.0,1,-2.135303604364846,-76.58536585365854,0.125
0022300024,2023-24,2023-11-14,DEN,LAC,3.0,1,-0.31675236359616765,-3.292682926829272,0.46666666666666673
0022300252,2023-24,2023-11-26,DEN,SAS,12.0,1,-0.24538412980615543,-1.5853658536585442,0.5
0022300263,2023-24,2023-11-29,DEN,HOU,10.0,1,-0.22508120549374677,-1.646341463414629,-0.09999999999999998
0022301224,2023-24,2023-12-08,DEN,HOU,-8.0,0,-0.15381989170167132,-2.113821138211378,0.09999999999999998
0022300322,2023-24,2023-12-14,DEN,BKN,23.0,1,-0.28635855341116945,-2.09349593495935,-0.09999999999999998
0022300340,2023-24,2023-12-16,DEN,OKC,-1.0,0,-1.5276586856993573,-74.34959349593497,0.09999999999999998
0022300356,2023-24,2023-12-18,DEN,DAL,26.0,1,-1.7644914618806227,-75.85365853658537,0.0
0022300402,2023-24,2023-12-25,DEN,GSW,6.0,1,-0.005929713785778112,-0.1219512195121979,0.09999999999999998
0022300425,2023-24,2023-12-28,DEN,MEM,37.0,1,-1.9341030610986305,-91.3821138211382,0.30000000000000004
0022300435,2023-24,2023-12-29,DEN,OKC,-26.0,0,-1.1327667717537961,-54.65447154471545,0.20000000000000007
0022300455,2023-24,2024-01-01,DEN,CHA,18.0,1,-1.7943883345549998,-91.03658536585365,0.8
0022300488,2023-24,2024-01-05,DEN,ORL,-2.0,0,-0.4274270555312587,-1.626016260162615,0.5
0022300502,2023-24,2024-01-07,DEN,DET,17.0,1,-2.004458861584125,-76.42276422764228,0.7000000000000001
0022300539,2023-24,2024-01-12,DEN,NOP,12.0,1,-1.3968318273514495,-59.43089430894309,0.0
0022300550,2023-24,2024-01-14,DEN,IND,8.0,1,-2.056375139769036,-89.0650406504065,-0.20000000000000007
0022300644,2023-24,2024-01-27,DEN,PHI,6.0,1,0.1482428290218576,0.975609756097569,0.0
0022300667,2023-24,2024-01-29,DEN,MIL,6.0,1,-1.5405519852827618,-74.51219512195122,0.0
0022300697,2023-24,2024-02-02,DEN,POR,12.0,1,-0.35953451397207037,-3.6585365853658516,0.19999999999999996
0022300712,2023-24,2024-02-04,DEN,POR,9.0,1,-0.23527289697510442,-14.573170731707318,0.19999999999999996
0022300786,2023-24,2024-02-14,DEN,SAC,-4.0,0,-0.2907271671042597,-2.2154471544715335,0.09999999999999998
0022300800,2023-24,2024-02-22,DEN,WAS,20.0,1,-2.130365646189479,-91.4430894308943,0.3
0022300847,2023-24,2024-02-28,DEN,SAC,21.0,1,-0.38359870405537955,-3.821138211382106,0.09999999999999998
0022300855,2023-24,2024-02-29,DEN,MIA,6.0,1,-1.9628470796760753,-58.109756097560975,-0.10000000000000009
0022300893,2023-24,2024-03-05,DEN,PHX,-10.0,0,0.009248584664381498,0.2439024390243958,0.19999999999999996
0022300906,2023-24,2024-03-07,DEN,BOS,6.0,1,-2.128834098572465,-89.14634146341463,-0.30000000000000004
0022300922,2023-24,2024-03-09,DEN,UTA,21.0,1,-0.3354368580779193,-22.5609756097561,0.49999999999999994
0022300937,2023-24,2024-03-11,DEN,TOR,6.0,1,-1.882127910368175,-76.1788617886179,0.4
0022301009,2023-24,2024-03-21,DEN,NYK,13.0,1,-0.1261939693720563,-1.443089430894318,0.20000000000000007
0022301040,2023-24,2024-03-25,DEN,MEM,25.0,1,0.1555747752394928,1.5853658536585442,0.4
0022301059,2023-24,2024-03-27,DEN,PHX,-7.0,0,-1.7634968756559641,-75.8130081300813,0.30000000000000004
0022301071,2023-24,2024-03-29,DEN,MIN,-13.0,0,-1.2531124478993956,-71.17886178861788,0.10000000000000009
0022301077,2023-24,2024-03-31,DEN,CLE,29.0,1,-1.7758982917621784,-75.97560975609755,0.29999999999999993
0022301099,2023-24,2024-04-02,DEN,SAS,5.0,1,-1.5282239786808598,-74.39024390243904,0.29999999999999993
0022301130,2023-24,2024-04-06,DEN,ATL,32.0,1,-0.18819038766172524,-1.4837398373983746,0.0
0022301164,2023-24,2024-04-10,DEN,MIN,9.0,1,-0.9984212204770071,-24.22764227642277,-0.10000000000000009
0022300140,2023-24,2023-11-05,DET,PHX,-14.0,0,-0.5062889660429405,-32.60162601626017,0.0
0022300145,2023-24,2023-11-06,DET,GSW,-11.0,0,-0.6060332498571188,-40.85365853658536,-0.4285714285714286
0022300008,2023-24,2023-11-10,DET,PHI,-8.0,0,-0.020832383133940646,-0.6097560975609824,-0.6349206349206349
0022300018,2023-24,2023-11-14,DET,ATL,-6.0,0,0.5716536440405234,43.008130081300806,-0.35555555555555557
0022300218,2023-24,2023-11-20,DET,DEN,-4.0,0,-0.24827869960152665,-16.727642276422756,-0.6
0022300253,2023-24,2023-11-27,DET,WAS,-19.0,0,-0.9853800641912059,-52.743902439024396,-0.1
0022300258,2023-24,2023-11-29,DET,LAL,-26.0,0,-0.7873109422668705,-48.73983739837398,-0.7
0022300283,2023-24,2023-12-02,DET,CLE,-9.0,0,0.06895462663945467,3.0081300813008127,-0.6
0022301206,2023-24,2023-12-06,DET,MEM,-14.0,0,-1.2073732565411537,-66.19918699186991,-0.4
0022300293,2023-24,2023-12-11,DET,IND,-8.0,0,-0.06846988214059069,-14.8780487804878,-0.6
0022300310,2023-24,2023-12-13,DET,PHI,-18.0,0,-0.552038045291766,-35.081300813008134,-0.6
0022300374,2023-24,2023-12-21,DET,UTA,-8.0,0,-0.6848147963085502,-42.76422764227641,-0.4
0022300406,2023-24,2023-12-26,DET,BKN,-6.0,0,-0.35293580681028697,-29.34959349593496,-0.4
0022300440,2023-24,2023-12-30,DET,TOR,2.0,1,-0.6250995216174128,-43.2520325203252,-0.3
0022300512,2023-24,2024-01-09,DET,SAC,-21.0,0,-0.47626263913587913,-16.016260162601625,-0.4
0022300519,2023-24,2024-01-10,DET,SAS,-22.0,0,0.2912829092626805,25.9349593495935,0.0
0022300534,2023-24,2024-01-12,DET,HOU,-2.0,0,-0.88267226088377,-59.67479674796748,-0.30000000000000004
0022300569,2023-24,2024-01-17,DET,MIN,-7.0,0,0.011419820237426576,0.3658536585365866,-0.39999999999999997
0022300592,2023-24,2024-01-20,DET,MIL,-6.0,0,-0.48839680136956654,-12.195121951219512,-0.3
0022300606,2023-24,2024-01-22,DET,MIL,-9.0,0,-0.35290934546265657,-23.19105691056911,-0.4
0022300619,2023-24,2024-01-24,DET,CHA,7.0,1,-1.040577787967645,-66.21951219512195,-0.19999999999999998
0022300642,2023-24,2024-01-27,DET,WAS,-14.0,0,-1.0519976082050715,-55.00000000000001,0.1
0022300654,2023-24,2024-01-28,DET,OKC,16.0,1,-0.7884850493537906,-47.98780487804878,-0.6000000000000001
0022300688,2023-24,2024-02-02,DET,LAC,-11.0,0,-0.7619299632833274,-49.87804878048781,-0.5
0022300704,2023-24,2024-02-04,DET,ORL,-12.0,0,-1.2758506849427493,-78.98373983739837,-0.2
0022300814,2023-24,2024-02-24,DET,ORL,-3.0,0,-0.18647989903296608,-16.829268292682926,-0.39999999999999997
0022300857,2023-24,2024-03-01,DET,CLE,-10.0,0,-0.5074630731298606,-35.8130081300813,-0.3
0022300902,2023-24,2024-03-07,DET,BKN,6.0,1,-0.06876392681826725,-3.4552845528455265,-0.30000000000000004
0022300919,2023-24,2024-03-09,DET,DAL,-18.0,0,-0.7494740723779608,-51.09756097560975,-0.3
0022300933,2023-24,2024-03-11,DET,CHA,17.0,1,-0.4571759414104728,-30.48780487804878,-0.09999999999999998
0022300946,2023-24,2024-03-13,DET,TOR,9.0,1,-1.3058075891076466,-71.82926829268294,-0.10000000000000003
0022300962,2023-24,2024-03-15,DET,MIA,-13.0,0,-0.3711587197977701,-26.463414634146343,-0.09999999999999998
0022300977,2023-24,2024-03-17,DET,MIA,-3.0,0,2.6461347630291066e-05,6.808943089430894,-0.09999999999999998
0022300997,2023-24,2024-03-20,DET,IND,-19.0,0,0.2700052332517575,18.170731707317074,-0.2
0022301011,2023-24,2024-03-22,DET,BOS,-27.0,0,-0.5718956742407277,-37.235772357723576,-0.5
0022301027,2023-24,2024-03-24,DET,NOP,-13.0,0,-0.9593674235831615,-62.60162601626017,-0.5
0022301088,2023-24,2024-04-01,DET,MEM,-2.0,0,-0.5433007665594366,-39.47154471544715,0.0
0022301166,2023-24,2024-04-11,DET,CHI,-22.0,0,-0.21299776710445176,-14.756097560975611,-0.19999999999999998
0022300176,2023-24,2023-11-11,GSW,CLE,-8.0,0,-0.24629549294826109,-14.573170731707314,0.29166666666666663
0022300186,2023-24,2023-11-12,GSW,MIN,-6.0,0,-0.8112066682519252,-48.63821138211382,-0.15000000000000002
0022300025,2023-24,2023-11-14,GSW,MIN,-3.0,0,-0.3529093454626566,-25.000000000000004,-0.1777777777777778
0022300201,2023-24,2023-11-16,GSW,OKC,-19.0,0,-0.9620907116161097,-62.80487804878048,-0.09999999999999998
0022300207,2023-24,2023-11-18,GSW,OKC,-7.0,0,-0.23527289697510442,-14.573170731707318,-0.19999999999999996
0022300224,2023-24,2023-11-20,GSW,HOU,5.0,1,-0.7100507664739726,-47.6829268292683,-0.3
0022300051,2023-24,2023-11-24,GSW,SAS,6.0,1,-0.38644869237086266,-25.040650406504056,0.2
0022300273,2023-24,2023-11-30,GSW,LAC,6.0,1,-0.9780617897753299,-58.04878048780488,-0.3
0022301214,2023-24,2023-12-06,GSW,POR,4.0,1,-0.8428765269384559,-54.471544715447166,0.0
0022300339,2023-24,2023-12-16,GSW,BKN,4.0,1,-0.9837268579263152,-57.78455284552845,-0.29999999999999993
0022300362,2023-24,2023-12-19,GSW,BOS,6.0,1,-0.8802075759736594,-46.38211382113821,-0.30000000000000004
0022300386,2023-24,2023-12-22,GSW,WAS,11.0,1,-1.3574472266614173,-83.27235772357724,0.3
0022300399,2023-24,2023-12-23,GSW,POR,20.0,1,-0.18796735273449205,-12.012195121951223,0.39999999999999997
0022300426,2023-24,2023-12-28,GSW,MIA,-12.0,0,-0.38852044557802246,-25.670731707317067,-0.09999999999999998
0022300444,2023-24,2023-12-30,GSW,DAL,-10.0,0,-1.321701533748227,-80.32520325203252,0.09999999999999998
0022300463,2023-24,2024-01-02,GSW,ORL,6.0,1,-1.3220741350008618,-73.71951219512195,0.09999999999999998
0022300478,2023-24,2024-01-04,GSW,DEN,-3.0,0,-0.4435785811654621,-25.9349593495935,-0.20000000000000007
0022300490,2023-24,2024-01-05,GSW,DET,4.0,1,-0.6556640569878899,-42.337398373983746,0.5
0022300504,2023-24,2024-01-07,GSW,TOR,-15.0,0,-0.595441542643953,-39.67479674796749,0.19999999999999996
0022300525,2023-24,2024-01-10,GSW,NOP,-36.0,0,-0.24250573583366614,-8.414634146341465,-0.09999999999999998
0022300626,2023-24,2024-01-24,GSW,ATL,22.0,1,-1.4558933452793614,-54.69512195121952,-0.10000000000000003
0022300632,2023-24,2024-01-25,GSW,SAC,-1.0,0,0.18421170664066377,6.483739837398374,-0.09999999999999998
0022300650,2023-24,2024-01-27,GSW,LAL,-1.0,0,-0.6731864099895815,-42.11382113821138,-0.19999999999999996
0022300673,2023-24,2024-01-30,GSW,PHI,12.0,1,-1.3574472266614173,-83.27235772357724,-0.3
0022300757,2023-24,2024-02-10,GSW,PHX,1.0,1,0.39166183796629417,21.38211382113822,-0.09999999999999998
0022300789,2023-24,2024-02-14,GSW,LAC,-5.0,0,0.37235719433587744,24.959349593495936,0.0
0022300802,2023-24,2024-02-22,GSW,LAL,18.0,1,-0.5555235001543993,-5.426829268292683,0.10000000000000009
0022300811,2023-24,2024-02-23,GSW,CHA,13.0,1,-0.8102177846550939,-51.52439024390243,0.4
0022300824,2023-24,2024-02-25,GSW,DEN,-16.0,0,-0.5777939773768005,-37.15447154471545,0.20000000000000007
0022300899,2023-24,2024-03-06,GSW,MIL,35.0,1,-0.14349222508437803,-8.455284552845526,-0.10000000000000009
0022300907,2023-24,2024-03-07,GSW,CHI,-3.0,0,-0.927854233142646,-51.28048780487805,0.19999999999999996
0022300921,2023-24,2024-03-09,GSW,SAS,-13.0,0,-0.595441542643953,-39.67479674796749,0.39999999999999997
0022300988,2023-24,2024-03-18,GSW,NYK,-7.0,0,-0.5104902977873931,-30.711382113821145,0.0
0022301001,2023-24,2024-03-20,GSW,MEM,21.0,1,-0.4778050941564008,-28.211382113821138,0.2
0022301016,2023-24,2024-03-22,GSW,IND,-12.0,0,-1.3274449658070921,-72.19512195121952,0.0
0022300589,2023-24,2024-04-02,GSW,DAL,4.0,1,-0.35782860252864046,-12.96747967479675,-0.30000000000000004
0022301142,2023-24,2024-04-07,GSW,UTA,8.0,1,0.5275431871100451,34.715447154471555,0.7
0022301182,2023-24,2024-04-12,GSW,NOP,-5.0,0,-0.3705569107298091,-23.21138211382113,0.4
0022301198,2023-24,2024-04-14,GSW,UTA,7.0,1,-0.555523500154399,-36.056910569105696,0.6000000000000001
0022300153,2023-24,2023-11-06,HOU,SAC,25.0,1,-0.35290934546265657,-23.19105691056911,0.0
0022300163,2023-24,2023-11-08,HOU,LAL,34.0,1,-0.9599123854839039,-62.4390243902439,0.07142857142857145
0022300011,2023-24,2023-11-10,HOU,NOP,3.0,1,-0.7298029885027797,-49.91869918699187,0.0714285714285714
0022300182,2023-24,2023-11-12,HOU,DEN,3.0,1,-0.20469945469874126,-12.926829268292682,-0.26388888888888884
0022300231,2023-24,2023-11-22,HOU,MEM,20.0,1,0.9121478562195829,66.38211382113822,0.3
0022300048,2023-24,2023-11-24,HOU,DEN,19.0,1,-1.180790646868258,-69.47154471544717,0.09999999999999998
0022301212,2023-24,2023-12-06,HOU,OKC,9.0,1,0.07448502862386491,2.6016260162601625,-0.4
0022300298,2023-24,2023-12-11,HOU,SAS,11.0,1,0.18791776459495524,17.96747967479675,0.4
0022300314,2023-24,2023-12-13,HOU,MEM,13.0,1,-0.4549428087901636,-26.6260162601626,0.2
0022300371,2023-24,2023-12-20,HOU,ATL,-7.0,0,-0.0941449563730559,-5.934959349593498,0.2
0022300385,2023-24,2023-12-22,HOU,DAL,26.0,1,-0.4166075423482779,-28.373983739837403,0.0
0022300409,2023-24,2023-12-26,HOU,IND,-6.0,0,-0.3854132008627491,-21.016260162601622,0.29999999999999993
0022300418,2023-24,2023-12-27,HOU,PHX,-16.0,0,-0.21188816723254011,-13.841463414634148,0.3
0022300434,2023-24,2023-12-29,HOU,PHI,-4.0,0,-0.710218391570419,-47.72357723577237,-0.30000000000000004
0022300453,2023-24,2024-01-01,HOU,DET,23.0,1,-0.995944950761956,-65.48780487804878,0.30000000000000004
0022300469,2023-24,2024-01-03,HOU,BKN,11.0,1,-1.3039791029433725,-79.71544715447155,0.2
0022300485,2023-24,2024-01-05,HOU,MIN,-27.0,0,-0.72982944985041,-46.30081300813008,-0.19999999999999996
0022300496,2023-24,2024-01-06,HOU,MIL,4.0,1,-0.36971749691407296,-24.776422764227632,-0.29999999999999993
0022300598,2023-24,2024-01-20,HOU,UTA,1.0,1,-0.37838384063813,-23.13008130081301,-0.4
0022300603,2023-24,2024-01-21,HOU,BOS,-9.0,0,-0.4757188079656326,-32.3780487804878,-0.19999999999999996
0022300623,2023-24,2024-01-24,HOU,POR,-6.0,0,-1.46199847666891,-81.89024390243901,0.0
0022300662,2023-24,2024-01-29,HOU,LAL,16.0,1,-0.47321339203771373,-25.8130081300813,-0.3
0022300679,2023-24,2024-01-31,HOU,NOP,-11.0,0,-0.9831818810954931,-64.34959349593497,0.0
0022300692,2023-24,2024-02-02,HOU,TOR,29.0,1,-0.21638251197246922,-13.45528455284553,0.09999999999999998
0022300765,2023-24,2024-02-12,HOU,NYK,2.0,1,-0.15633587556655176,-12.073170731707314,-0.39999999999999997
0022300806,2023-24,2024-02-23,HOU,PHX,4.0,1,-0.2083002163201571,-12.886178861788615,-0.39999999999999997
0022300822,2023-24,2024-02-25,HOU,OKC,-13.0,0,-0.44704586906155863,-26.21951219512195,-0.39999999999999997
0022300891,2023-24,2024-03-05,HOU,SAS,13.0,1,-0.07708369902600212,-2.3983739837398375,0.0
0022300897,2023-24,2024-03-06,HOU,LAC,-6.0,0,-0.4550715979282741,-31.199186991869908,-0.09999999999999998
0022300957,2023-24,2024-03-14,HOU,WAS,16.0,1,-0.4012173781590955,-24.75609756097561,0.39999999999999997
0022300967,2023-24,2024-03-16,HOU,CLE,14.0,1,-0.2890264953360212,-21.056910569105693,0.09999999999999998
0022301006,2023-24,2024-03-21,HOU,CHI,10.0,1,0.3946250997618793,33.86178861788618,0.20000000000000007
0022301024,2023-24,2024-03-23,HOU,UTA,28.0,1,-0.887179797646117,-56.86991869918698,0.7
0022301038,2023-24,2024-03-25,HOU,POR,18.0,1,-0.9763407388015681,-63.84146341463415,0.7
0022301083,2023-24,2024-03-31,HOU,DAL,-18.0,0,-0.7158473418172787,-31.097560975609753,0.09999999999999998
0022301113,2023-24,2024-04-04,HOU,GSW,-23.0,0,-0.6003439359796848,-37.27642276422764,0.10000000000000009
0022301120,2023-24,2024-04-05,HOU,MIA,-15.0,0,-0.7246394885087996,-46.443089430894304,0.09999999999999998
0022301150,2023-24,2024-04-09,HOU,ORL,12.0,1,-0.4112737590573236,-26.219512195121943,-0.09999999999999998
0022300146,2023-24,2023-11-06,IND,SAS,41.0,1,-1.002562092081004,-65.08130081300814,0.0
0022300158,2023-24,2023-11-08,IND,UTA,16.0,1,-0.8852070646500327,-59.796747967479675,0.3214285714285714
0022300171,2023-24,2023-11-09,IND,MIL,2.0,1,-0.4298825500885204,-27.05284552845528,-0.0892857142857143
0022300209,2023-24,2023-11-19,IND,ORL,-12.0,0,-1.7456324059378105,-86.869918699187,0.09999999999999998
0022300230,2023-24,2023-11-22,IND,TOR,-1.0,0,-0.6154147448439332,-38.130081300813,0.09999999999999998
0022300047,2023-24,2023-11-24,IND,DET,23.0,1,0.06715425055813284,8.373983739837398,0.6
0022300254,2023-24,2023-11-27,IND,POR,-4.0,0,-1.3271987092083197,-82.35772357723577,0.5
0022301202,2023-24,2023-12-04,IND,BOS,10.0,1,0.1691717946466998,6.626016260162594,-0.30000000000000004
0022300350,2023-24,2023-12-18,IND,LAC,-24.0,0,-0.7227828857806282,-34.59349593495935,-0.30000000000000004
0022300365,2023-24,2023-12-20,IND,CHA,31.0,1,-0.652096971350833,-43.98373983739839,0.2
0022300391,2023-24,2023-12-23,IND,ORL,-7.0,0,-0.15122527939319358,-9.430894308943095,0.09999999999999998
0022300441,2023-24,2023-12-30,IND,NYK,14.0,1,-0.803819875647603,-46.78861788617887,-0.09999999999999998
0022300466,2023-24,2024-01-03,IND,MIL,12.0,1,0.1176629098351825,6.707317073170735,-0.30000000000000004
0022300480,2023-24,2024-01-05,IND,ATL,34.0,1,-0.21321331551355485,-13.333333333333332,0.09999999999999998
0022300493,2023-24,2024-01-06,IND,BOS,-17.0,0,-0.6065851503364783,-40.9959349593496,-0.10000000000000009
0022300507,2023-24,2024-01-08,IND,BOS,2.0,1,-0.23527289697510442,-14.573170731707318,-0.10000000000000009
0022300520,2023-24,2024-01-10,IND,WAS,8.0,1,-0.5762628304242663,-37.72357723577237,0.49999999999999994
0022300614,2023-24,2024-01-23,IND,DEN,-5.0,0,0.15451190078982874,11.138211382113823,-0.19999999999999996
0022300627,2023-24,2024-01-25,IND,PHI,12.0,1,-0.3144337558849721,-22.073170731707318,-0.29999999999999993
0022300636,2023-24,2024-01-26,IND,PHX,2.0,1,-0.6020853084245272,-40.670731707317074,-0.30000000000000004
0022300652,2023-24,2024-01-28,IND,MEM,6.0,1,-0.7492295259931658,-51.056910569105696,-0.09999999999999998
0022300691,2023-24,2024-02-02,IND,SAC,-11.0,0,-0.34427314128651465,-16.910569105691053,-0.09999999999999998
0022300719,2023-24,2024-02-06,IND,HOU,3.0,1,-0.4712694713800169,-29.898373983739845,0.0
0022300733,2023-24,2024-02-08,IND,GSW,-22.0,0,-1.564659260467428,-74.67479674796749,0.0
0022300793,2023-24,2024-02-22,IND,DET,14.0,1,-1.0285175263571193,-30.873983739837396,0.2
0022300819,2023-24,2024-02-25,IND,DAL,22.0,1,-0.7566390360917312,-28.536585365853657,-0.30000000000000004
0022300829,2023-24,2024-02-26,IND,TOR,-8.0,0,-0.02176877001432942,-0.7520325203252014,0.19999999999999996
0022300843,2023-24,2024-02-28,IND,NOP,9.0,1,-1.2180481252775073,-70.40650406504065,-0.09999999999999998
0022300903,2023-24,2024-03-07,IND,MIN,-2.0,0,0.22648436350784104,15.0,-0.09999999999999998
0022300948,2023-24,2024-03-13,IND,CHI,-3.0,0,0.2043615371105586,13.86178861788619,0.09999999999999998
0022300968,2023-24,2024-03-16,IND,BKN,21.0,1,-0.8286015990098579,-52.11382113821139,0.0
0022300983,2023-24,2024-03-18,IND,CLE,-5.0,0,-0.8318657259829833,-55.40650406504065,0.09999999999999998
0022301063,2023-24,2024-03-29,IND,LAL,19.0,1,-0.45220470378089417,-29.268292682926834,-0.09999999999999998
0022301089,2023-24,2024-04-01,IND,BKN,22.0,1,-1.3726636370253076,-78.39430894308943,0.3
0022301116,2023-24,2024-04-05,IND,OKC,14.0,1,-0.7194463762163612,-47.68292682926829,0.0
0022301133,2023-24,2024-04-07,IND,MIA,2.0,1,-0.9495286358181656,-61.91056910569105,0.0
0022301188,2023-24,2024-04-14,IND,ATL,42.0,1,-0.7198978748450968,-44.34959349593496,0.19999999999999996
0022300179,2023-24,2023-11-12,LAC,MEM,-4.0,0,0.10464097653205762,5.975609756097555,0.2638888888888889
0022300037,2023-24,2023-11-17,LAC,HOU,6.0,1,-0.16799637047268642,-6.788617886178862,-0.36666666666666664
0022300052,2023-24,2023-11-24,LAC,NOP,-10.0,0,-0.41277106026563404,-25.121951219512205,0.0
0022300244,2023-24,2023-11-25,LAC,DAL,19.0,1,0.5444068136571426,35.22357723577236,-0.3
0022300257,2023-24,2023-11-27,LAC,DEN,-9.0,0,-0.981446815069198,-64.10569105691057,-0.09999999999999998
0022300280,2023-24,2023-12-02,LAC,GSW,1.0,1,0.11766290983518249,10.447154471544714,0.2
0022301215,2023-24,2023-12-06,LAC,DEN,9.0,1,-0.712252283919092,-32.54065040650407,0.09999999999999998
0022300304,2023-24,2023-12-11,LAC,POR,5.0,1,0.05822208756251546,1.7886178861788622,0.39999999999999997
0022300309,2023-24,2023-12-12,LAC,SAC,20.0,1,-0.24168002862125287,-16.077235772357724,0.09999999999999998
0022300325,2023-24,2023-12-14,LAC,GSW,8.0,1,-0.6666848485260904,-44.878048780487816,0.29999999999999993
0022300343,2023-24,2023-12-16,LAC,NYK,22.0,1,-1.1741743830035813,-69.2479674796748,0.20000000000000007
0022300389,2023-24,2023-12-23,LAC,BOS,-37.0,0,0.39630190819277483,26.483739837398375,0.09999999999999998
0022300414,2023-24,2023-12-26,LAC,CHA,9.0,1,-0.9752701430844488,-63.170731707317074,0.7000000000000001
0022300438,2023-24,2023-12-29,LAC,MEM,11.0,1,-1.8418456950093454,-91.84959349593495,0.4
0022300458,2023-24,2024-01-01,LAC,MIA,17.0,1,-1.1986243554671079,-65.4471544715447,0.10000000000000009
0022300511,2023-24,2024-01-08,LAC,PHX,27.0,1,-0.6667113098737208,-42.78455284552847,0.19999999999999996
0022300526,2023-24,2024-01-10,LAC,TOR,6.0,1,-0.8603724185925172,-58.4349593495935,0.29999999999999993
0022300568,2023-24,2024-01-16,LAC,OKC,11.0,1,0.10650240031800912,6.544715447154459,0.10000000000000009
0022300600,2023-24,2024-01-21,LAC,BKN,11.0,1,-1.0956982382628822,-46.7479674796748,0.6000000000000001
0022300618,2023-24,2024-01-23,LAC,LAL,11.0,1,-0.5882351651330218,-27.92682926829268,0.30000000000000004
0022300731,2023-24,2024-02-07,LAC,NOP,-11.0,0,0.3087127947689397,15.40650406504065,0.4
0022300749,2023-24,2024-02-10,LAC,DET,6.0,1,-1.0227658194170401,-67.17479674796748,0.4
0022300770,2023-24,2024-02-12,LAC,MIN,-21.0,0,-0.936817710776275,-59.83739837398373,0.20000000000000007
0022300827,2023-24,2024-02-25,LAC,SAC,-16.0,0,0.8823352436610185,57.03252032520325,0.19999999999999996
0022300848,2023-24,2024-02-28,LAC,LAL,-4.0,0,-0.784347758361273,-50.609756097560975,-0.09999999999999998
0022300865,2023-24,2024-03-01,LAC,WAS,25.0,1,-0.7427624314525952,-46.82926829268293,0.5
0022300917,2023-24,2024-03-09,LAC,CHI,10.0,1,-0.22548966018889444,-14.735772357723576,-0.09999999999999998
0022300924,2023-24,2024-03-10,LAC,MIL,-7.0,0,-0.08071916930790043,-6.443089430894311,0.0
0022300944,2023-24,2024-03-12,LAC,MIN,-18.0,0,-0.4705457939502088,-31.52439024390244,0.0
0022300982,2023-24,2024-03-17,LAC,ATL,-17.0,0,0.2061651283604959,14.044715447154474,0.0
0022301028,2023-24,2024-03-24,LAC,PHI,-14.0,0,-0.19054240598576386,-13.3739837398374,0.2
0022301043,2023-24,2024-03-25,LAC,IND,-17.0,0,-0.4705457939502089,-32.07317073170732,-0.09999999999999998
0022301114,2023-24,2024-04-04,LAC,DEN,2.0,1,-0.3499137004580063,-22.012195121951216,-0.19999999999999996
0022301126,2023-24,2024-04-05,LAC,UTA,29.0,1,0.08851842829499978,6.565040650406502,0.6
0022301132,2023-24,2024-04-07,LAC,CLE,2.0,1,-0.8603724185925172,-58.4349593495935,0.39999999999999997
0022301165,2023-24,2024-04-10,LAC,PHX,-16.0,0,0.11766290983518246,7.032520325203251,0.09999999999999998
0022301184,2023-24,2024-04-12,LAC,UTA,-1.0,0,-0.9633514584920035,-62.96747967479675,0.6
0022301199,2023-24,2024-04-14,LAC,HOU,-11.0,0,-0.7505756432622841,-51.15853658536585,0.29999999999999993
0022300187,2023-24,2023-11-12,LAL,POR,6.0,1,0.6972479187548544,45.28455284552846,0.06944444444444442
0022300026,2023-24,2023-11-14,LAL,MEM,27.0,1,-0.23527289697510442,-14.573170731707318,0.3
0022300198,2023-24,2023-11-15,LAL,SAC,-15.0,0,0.030510147533503312,3.3739837398373993,0.0444444444444444
0022300216,2023-24,2023-11-19,LAL,HOU,1.0,1,0.6329921174699924,42.88617886178862,0.0
0022300042,2023-24,2023-11-21,LAL,UTA,32.0,1,-0.45586192401451253,-30.447154471544717,0.3
0022300238,2023-24,2023-11-22,LAL,DAL,-3.0,0,-0.17675990067969544,-11.402439024390247,0.09999999999999998
0022300291,2023-24,2023-12-02,LAL,HOU,10.0,1,0.3993240145450554,26.829268292682926,0.09999999999999998
0022301203,2023-24,2023-12-05,LAL,PHX,3.0,1,-0.6667113098737208,-43.69918699186992,-0.20000000000000007
0022301230,2023-24,2023-12-07,LAL,NOP,44.0,1,-0.6753614660870705,-42.3780487804878,0.09999999999999998
0022300359,2023-24,2023-12-18,LAL,NYK,-5.0,0,0.09472872578980068,5.304878048780495,0.09999999999999998
0022300403,2023-24,2023-12-25,LAL,BOS,-11.0,0,0.36581822200690184,24.410569105691053,-0.30000000000000004
0022300428,2023-24,2023-12-28,LAL,CHA,21.0,1,-0.5074630731298606,-12.76422764227642,0.30000000000000004
0022300475,2023-24,2024-01-03,LAL,MIA,-14.0,0,0.15456397924514778,10.914634146341456,-0.3
0022300491,2023-24,2024-01-05,LAL,MEM,-14.0,0,-0.9694615446150674,-63.41463414634147,-0.3
0022300505,2023-24,2024-01-07,LAL,LAC,3.0,1,-1.4855086531355042,-84.02439024390245,-0.6000000000000001
0022300516,2023-24,2024-01-09,LAL,TOR,1.0,1,-0.8305789547688966,-55.304878048780495,-0.10000000000000003
0022300531,2023-24,2024-01-11,LAL,PHX,-18.0,0,0.03691727917965176,7.7642276422764205,-0.09999999999999998
0022300565,2023-24,2024-01-15,LAL,OKC,7.0,1,-0.3804756305949678,-24.837398373983746,-0.5
0022300577,2023-24,2024-01-17,LAL,DAL,17.0,1,-0.9564396113119424,-62.398373983739845,-0.19999999999999996
0022300591,2023-24,2024-01-19,LAL,BKN,-18.0,0,-0.3976398364519972,-27.723577235772364,0.30000000000000004
0022300605,2023-24,2024-01-21,LAL,POR,24.0,1,-0.28000338796444496,-20.813008130081304,0.10000000000000003
0022300633,2023-24,2024-01-25,LAL,CHI,9.0,1,-0.2768582238837822,-20.772357723577233,-0.09999999999999998
0022300740,2023-24,2024-02-08,LAL,DEN,-8.0,0,0.38367641400518965,25.9349593495935,-0.09999999999999998
0022300747,2023-24,2024-02-09,LAL,NOP,17.0,1,0.27221663750238645,25.365853658536587,0.0
0022300776,2023-24,2024-02-13,LAL,DET,14.0,1,-0.7058451522729434,-32.113821138211385,0.19999999999999996
0022300813,2023-24,2024-02-23,LAL,SAS,5.0,1,-0.8227649170506129,-52.96747967479675,0.5
0022300856,2023-24,2024-02-29,LAL,WAS,3.0,1,-0.9757586078471175,-52.45934959349593,0.7
0022300869,2023-24,2024-03-02,LAL,DEN,-10.0,0,-0.7092566389144417,-47.58130081300813,0.0
0022300884,2023-24,2024-03-04,LAL,OKC,12.0,1,-1.1741743830035813,-69.2479674796748,-0.09999999999999998
0022300901,2023-24,2024-03-06,LAL,SAC,-10.0,0,-0.24168002862125287,-15.182926829268293,0.19999999999999996
0022300915,2023-24,2024-03-08,LAL,MIL,1.0,1,-0.36000669947105757,-25.650406504065042,-0.09999999999999998
0022300932,2023-24,2024-03-10,LAL,MIN,11.0,1,-1.4441383745460785,-73.69918699186992,0.0
0022300973,2023-24,2024-03-16,LAL,GSW,-7.0,0,-0.8323695698306115,-54.87804878048781,0.09999999999999998
0022300990,2023-24,2024-03-18,LAL,ATL,31.0,1,-0.9780353284276997,-63.556910569105696,0.0
0022301018,2023-24,2024-03-22,LAL,PHI,7.0,1,-1.0648561936874845,-55.85365853658537,0.19999999999999996
0022301032,2023-24,2024-03-24,LAL,IND,5.0,1,-0.9482418646040791,-61.17886178861788,0.0
0022301127,2023-24,2024-04-06,LAL,CLE,19.0,1,0.33767277932922324,23.414634146341463,0.4
0022301143,2023-24,2024-04-07,LAL,MIN,-10.0,0,-0.2851764830552376,-17.72357723577236,0.20000000000000007
0022301155,2023-24,2024-04-09,LAL,GSW,-14.0,0,-0.47766960930624003,-31.991869918699184,0.10000000000000009
0022300164,2023-24,2023-11-08,MEM,MIA,-6.0,0,-0.1326286479817476,-7.357723577235774,-0.2857142857142857
0022300012,2023-24,2023-11-10,MEM,UTA,-6.0,0,-1.2584668840167765,-78.65853658536585,-0.09722222222222221
0022300213,2023-24,2023-11-19,MEM,BOS,-2.0,0,-0.5616221165976473,-34.39024390243902,-0.5
0022300044,2023-24,2023-11-24,MEM,PHX,-21.0,0,-0.35146603683204103,-23.00813008130082,-0.39999999999999997
0022300249,2023-24,2023-11-26,MEM,MIN,-22.0,0,-0.7089705662905579,-44.67479674796748,-0.5
0022300261,2023-24,2023-11-29,MEM,UTA,14.0,1,-1.002066908981347,-52.987804878048784,-0.10000000000000003
0022301221,2023-24,2023-12-08,MEM,MIN,-24.0,0,0.10345280173896336,9.268292682926834,-0.4
0022300299,2023-24,2023-12-11,MEM,DAL,-7.0,0,-1.1358553325566896,-62.09349593495936,-0.09999999999999998
0022300332,2023-24,2023-12-15,MEM,HOU,-7.0,0,-0.1176364484875522,-4.8373983739837385,-0.3
0022300377,2023-24,2023-12-21,MEM,IND,13.0,1,-0.8039630871945208,-42.84552845528455,-0.09999999999999998
0022300449,2023-24,2023-12-31,MEM,SAC,-31.0,0,0.19671343246432516,13.658536585365852,-0.19999999999999996
0022300460,2023-24,2024-01-02,MEM,SAS,8.0,1,-0.468165956650128,-31.219512195121954,0.2
0022300470,2023-24,2024-01-03,MEM,TOR,-5.0,0,-0.20628001113964922,-14.1260162601626,0.09999999999999998
0022300537,2023-24,2024-01-12,MEM,LAC,-9.0,0,-1.1551561668929289,-74.10569105691057,-0.09999999999999998
0022300544,2023-24,2024-01-13,MEM,NYK,-12.0,0,-0.057891047935325166,-4.491869918699187,-0.09999999999999998
0022300560,2023-24,2024-01-15,MEM,GSW,9.0,1,-0.6974181987919501,-46.34146341463415,0.10000000000000003
0022300638,2023-24,2024-01-26,MEM,ORL,1.0,1,0.4189029324354572,29.512195121951223,0.19999999999999996
0022300663,2023-24,2024-01-29,MEM,SAC,-9.0,0,0.37709423532095576,25.08130081300812,0.0
0022300687,2023-24,2024-02-01,MEM,CLE,-7.0,0,-1.2396918561606407,-79.22764227642277,-0.5
0022300693,2023-24,2024-02-02,MEM,GSW,-20.0,0,-0.2437222238755945,-16.117886178861788,0.0
0022300737,2023-24,2024-02-08,MEM,CHI,-8.0,0,0.4236583747245519,29.75609756097562,-0.2
0022300766,2023-24,2024-02-12,MEM,NOP,-9.0,0,-0.8032135742941817,-35.691056910569095,-0.39999999999999997
0022300783,2023-24,2024-02-14,MEM,HOU,8.0,1,-0.4965066749805745,-33.61788617886178,-0.30000000000000004
0022300790,2023-24,2024-02-15,MEM,MIL,3.0,1,-0.18995512566208955,-12.13414634146342,-0.30000000000000004
0022300807,2023-24,2024-02-23,MEM,LAC,-6.0,0,-1.4628870291973377,-55.142276422764226,-0.39999999999999997
0022300830,2023-24,2024-02-26,MEM,BKN,-25.0,0,-1.3340700879079708,-60.81300813008131,0.0
0022300861,2023-24,2024-03-01,MEM,POR,-30.0,0,-0.3899939484341102,-23.98373983739838,0.1
0022300868,2023-24,2024-03-02,MEM,POR,-7.0,0,-0.2352728969751044,-15.345528455284558,0.1
0022300913,2023-24,2024-03-08,MEM,ATL,-7.0,0,-0.025693653207442158,-1.6666666666666714,-0.09999999999999998
0022300940,2023-24,2024-03-12,MEM,WAS,12.0,1,-0.548359382793695,-36.36178861788618,0.09999999999999998
0022300950,2023-24,2024-03-13,MEM,CHA,-12.0,0,-0.5402067305271347,-35.38617886178861,0.09999999999999998
0022300972,2023-24,2024-03-16,MEM,OKC,-6.0,0,-0.7201245977447422,-45.89430894308943,-0.39999999999999997
0022301055,2023-24,2024-03-27,MEM,LAL,-12.0,0,-0.4928057333596554,-31.86991869918699,-0.39999999999999997
0022301121,2023-24,2024-04-05,MEM,DET,18.0,1,-0.20127913508442655,-11.13821138211383,0.19999999999999998
0022301129,2023-24,2024-04-06,MEM,PHI,-20.0,0,-0.6064671797413727,-40.9349593495935,-0.09999999999999998
0022301151,2023-24,2024-04-09,MEM,SAS,-15.0,0,-0.5050567744821495,-30.20325203252032,0.0
0022301177,2023-24,2024-04-12,MEM,LAL,-3.0,0,-0.12790908633481743,-9.471544715447159,-0.29999999999999993
0022301193,2023-24,2024-04-14,MEM,DEN,-15.0,0,-0.5858024051376802,-38.69918699186992,-0.3
0022300150,2023-24,2023-11-06,MIA,LAL,1.0,1,-0.8011546541121909,-40.8130081300813,-0.16666666666666669
0022300200,2023-24,2023-11-16,MIA,BKN,7.0,1,-0.14349957837442812,-8.821138211382106,0.0
0022300056,2023-24,2023-11-28,MIA,MIL,-7.0,0,-0.6245707526630435,-40.24390243902439,0.0
0022300267,2023-24,2023-11-30,MIA,IND,10.0,1,0.01454053283478457,7.195121951219512,0.0
0022300284,2023-24,2023-12-02,MIA,IND,-15.0,0,-0.2352728969751044,-6.117886178861788,0.09999999999999998
0022301220,2023-24,2023-12-08,MIA,CLE,-12.0,0,-0.111276469322895,-4.6341463414634205,-0.19999999999999996
0022300312,2023-24,2023-12-13,MIA,CHA,11.0,1,-0.11763644848755225,-4.146341463414629,0.09999999999999998
0022300320,2023-24,2023-12-14,MIA,CHI,-8.0,0,-0.4553104461482216,-31.28048780487805,0.09999999999999998
0022300337,2023-24,2023-12-16,MIA,CHI,2.0,1,-0.23527289697510442,-14.573170731707318,-0.09999999999999998
0022300353,2023-24,2023-12-18,MIA,MIN,-4.0,0,-0.5043104242799767,-33.82113821138212,-0.30000000000000004
0022300384,2023-24,2023-12-22,MIA,ATL,9.0,1,-0.5408653522929451,-34.39024390243903,0.19999999999999996
0022300404,2023-24,2023-12-25,MIA,PHI,6.0,1,-0.49254455462780383,-12.337398373983739,-0.20000000000000007
0022300509,2023-24,2024-01-08,MIA,HOU,7.0,1,-0.36187969006626763,-23.41463414634147,0.09999999999999998
0022300522,2023-24,2024-01-10,MIA,OKC,-8.0,0,-0.8406102086595852,-53.536585365853654,-0.09999999999999998
0022300535,2023-24,2024-01-12,MIA,ORL,3.0,1,-0.1391378533151264,-4.146341463414636,0.09999999999999998
0022300551,2023-24,2024-01-14,MIA,CHA,17.0,1,-0.8430954105897097,-56.7479674796748,0.5
0022300587,2023-24,2024-01-19,MIA,ATL,-1.0,0,-0.08160028448717477,-3.7804878048780495,0.0
0022300621,2023-24,2024-01-24,MIA,MEM,-9.0,0,-1.0690527827880139,-68.33333333333334,0.0
0022300630,2023-24,2024-01-25,MIA,BOS,-33.0,0,-0.41485478682499244,-27.09349593495935,-0.29999999999999993
0022300661,2023-24,2024-01-29,MIA,PHX,-13.0,0,-0.6578725229544055,-38.98373983739838,-0.39999999999999997
0022300678,2023-24,2024-01-31,MIA,SAC,9.0,1,-1.064647382959746,-66.66666666666667,-0.3
0022300708,2023-24,2024-02-04,MIA,LAC,-8.0,0,-0.7171036232708269,-41.17886178861788,-0.5
0022300721,2023-24,2024-02-06,MIA,ORL,26.0,1,-0.9695315894926513,-63.45528455284554,-0.3
0022300730,2023-24,2024-02-07,MIA,SAS,12.0,1,0.054220748530089624,5.060975609756099,0.0
0022300759,2023-24,2024-02-11,MIA,BOS,-4.0,0,-0.775446684363085,-35.75203252032521,-0.4
0022300867,2023-24,2024-03-02,MIA,UTA,6.0,1,0.2090101282180174,14.349593495934954,0.39999999999999997
0022300888,2023-24,2024-03-05,MIA,DET,8.0,1,-0.8011546541121909,-40.8130081300813,0.6000000000000001
0022300926,2023-24,2024-03-10,MIA,WAS,-2.0,0,0.12359629821093941,8.292682926829265,0.6
0022300949,2023-24,2024-03-13,MIA,DEN,-12.0,0,-1.2454376793053128,-79.63414634146342,-0.30000000000000004
0022301013,2023-24,2024-03-22,MIA,NOP,-23.0,0,-0.5404420464217559,-33.61788617886179,-0.19999999999999996
0022301029,2023-24,2024-03-24,MIA,CLE,37.0,1,-0.8572462310902638,-58.1910569105691,0.0
0022301044,2023-24,2024-03-26,MIA,GSW,-21.0,0,-0.8572462310902638,-58.1910569105691,0.0
0022301068,2023-24,2024-03-29,MIA,POR,60.0,1,-1.2090717512824145,-66.5650406504065,0.30000000000000004
0022301096,2023-24,2024-04-02,MIA,NYK,10.0,1,-0.36142642023380045,-22.601626016260163,-0.09999999999999998
0022301111,2023-24,2024-04-04,MIA,PHI,-4.0,0,-0.49254455462780383,-33.170731707317074,0.19999999999999996
0022301161,2023-24,2024-04-10,MIA,DAL,-19.0,0,-0.2391043442447029,-10.081300813008127,-0.30000000000000004
0022301176,2023-24,2024-04-12,MIA,TOR,22.0,1,-0.6136403454738458,-41.34146341463415,0.39999999999999997
0022301189,2023-24,2024-04-14,MIA,TOR,15.0,1,-0.3529093454626566,-25.000000000000004,0.39999999999999997
0022300165,2023-24,2023-11-08,MIL,DET,2.0,1,-0.19601219459589514,-13.495934959349597,0.41666666666666663
0022300190,2023-24,2023-11-13,MIL,CHI,9.0,1,0.2920568644253844,18.57723577235773,0.15555555555555556
0022300205,2023-24,2023-11-18,MIL,DAL,7.0,1,-0.027033283220125215,-2.0731707317073074,0.0
0022300049,2023-24,2023-11-24,MIL,WAS,3.0,1,0.12126059219513688,8.739837398373993,0.6
0022300245,2023-24,2023-11-26,MIL,POR,6.0,1,-0.5681277924304172,-37.15447154471545,0.49999999999999994
0022300286,2023-24,2023-12-02,MIL,ATL,11.0,1,-0.7158529184518085,-47.68292682926829,0.4
0022301201,2023-24,2023-12-05,MIL,NYK,24.0,1,-0.860169051587942,-44.28861788617886,0.10000000000000009
0022301229,2023-24,2023-12-07,MIL,IND,-9.0,0,-0.37517864674632273,-23.983739837398375,0.30000000000000004
0022300300,2023-24,2023-12-11,MIL,CHI,4.0,1,-0.6144237135781517,-29.369918699186993,0.19999999999999996
0022300315,2023-24,2023-12-13,MIL,IND,14.0,1,-0.8870838552055114,-56.76829268292683,0.09999999999999998
0022300334,2023-24,2023-12-16,MIL,DET,32.0,1,-1.7019596402066766,-89.36991869918698,0.7
0022300346,2023-24,2023-12-17,MIL,HOU,9.0,1,-0.3687498344012463,-24.69512195121952,0.10000000000000009
0022300361,2023-24,2023-12-19,MIL,SAS,13.0,1,-0.49678726509059956,-33.65853658536585,0.7000000000000001
0022300378,2023-24,2023-12-21,MIL,ORL,4.0,1,-1.0878908959762663,-67.5609756097561,0.30000000000000004
0022300454,2023-24,2024-01-01,MIL,IND,-9.0,0,-0.6090541593166722,-35.77235772357723,0.5
0022300510,2023-24,2024-01-08,MIL,UTA,-16.0,0,-0.5628418229995924,-34.06504065040651,-0.09999999999999998
0022300528,2023-24,2024-01-11,MIL,BOS,33.0,1,-1.8337947577669396,-91.72764227642276,-0.30000000000000004
0022300545,2023-24,2024-01-13,MIL,GSW,11.0,1,-0.994242572041595,-64.3089430894309,0.09999999999999998
0022300552,2023-24,2024-01-14,MIL,SAC,1.0,1,-0.8853626503947774,-50.38617886178861,-0.09999999999999998
0022300624,2023-24,2024-01-24,MIL,CLE,10.0,1,-0.5167991070537598,-32.76422764227642,-0.20000000000000007
0022300639,2023-24,2024-01-26,MIL,CLE,-12.0,0,-0.4705457939502088,-31.52439024390244,-0.10000000000000009
0022300648,2023-24,2024-01-27,MIL,NOP,24.0,1,-0.3645546135078821,-24.451219512195124,0.09999999999999998
0022300738,2023-24,2024-02-08,MIL,MIN,-24.0,0,0.13346829723092118,9.41056910569106,0.0
0022300745,2023-24,2024-02-09,MIL,CHA,36.0,1,-0.19009202348696053,-12.215447154471534,0.30000000000000004
0022300767,2023-24,2024-02-12,MIL,DEN,17.0,1,-1.0808128279185034,-69.63414634146342,-0.29999999999999993
0022300773,2023-24,2024-02-13,MIL,MIA,-26.0,0,-0.3336996206926296,-22.13414634146342,0.0
0022300840,2023-24,2024-02-27,MIL,CHA,38.0,1,-0.9768189980939748,-43.4959349593496,0.0
0022300880,2023-24,2024-03-04,MIL,LAC,7.0,1,-0.8409254741246767,-62.032520325203265,0.19999999999999996
0022300958,2023-24,2024-03-14,MIL,PHI,9.0,1,-0.08064653150953793,-3.292682926829272,0.29999999999999993
0022300976,2023-24,2024-03-17,MIL,PHX,11.0,1,-1.557980437904599,-85.79268292682926,0.09999999999999998
0022301007,2023-24,2024-03-21,MIL,BKN,7.0,1,-0.07066451228837156,-3.292682926829258,0.3
0022301030,2023-24,2024-03-24,MIL,OKC,25.0,1,-1.1323592277426981,-61.89024390243903,-0.20000000000000007
0022301045,2023-24,2024-03-26,MIL,LAL,-4.0,0,-0.8079066651228788,-53.4959349593496,0.0
0022301107,2023-24,2024-04-03,MIL,MEM,-10.0,0,0.30121863032830754,18.39430894308944,0.2
0022301122,2023-24,2024-04-05,MIL,TOR,-6.0,0,-0.5480252624041642,-35.6910569105691,0.5
0022301139,2023-24,2024-04-07,MIL,NYK,-13.0,0,-0.48675303756410426,-32.662601626016254,-0.09999999999999998
0022301148,2023-24,2024-04-09,MIL,BOS,13.0,1,-0.818815688811958,-54.430894308943095,-0.5
0022301162,2023-24,2024-04-10,MIL,ORL,18.0,1,-0.7123474520374934,-46.036585365853654,-0.09999999999999998
0022300154,2023-24,2023-11-06,MIN,BOS,5.0,1,-0.981526930600298,-63.78048780487805,-0.4
0022300166,2023-24,2023-11-08,MIN,NOP,21.0,1,-1.0534154639656284,-67.29674796747967,0.09523809523809523
0022300221,2023-24,2023-11-20,MIN,NYK,17.0,1,-0.67222067744383,-34.75609756097561,0.10000000000000009
0022300232,2023-24,2023-11-22,MIN,PHI,13.0,1,-1.3684604210678624,-81.6260162601626,0.20000000000000007
0022300050,2023-24,2023-11-24,MIN,SAC,-13.0,0,-1.2338657495403285,-70.85365853658537,0.30000000000000004
0022300058,2023-24,2023-11-28,MIN,OKC,3.0,1,0.4900888132241551,38.08943089430894,0.0
0022300270,2023-24,2023-11-30,MIN,UTA,11.0,1,-0.9632511114671176,-62.88617886178862,0.4
0022301210,2023-24,2023-12-06,MIN,SAS,8.0,1,-0.0351916548918052,-1.3008130081300848,0.8
0022300338,2023-24,2023-12-16,MIN,IND,18.0,1,-1.395461235565465,-61.95121951219512,0.30000000000000004
0022300380,2023-24,2023-12-21,MIN,LAL,7.0,1,0.14394358974655713,6.5447154471544735,0.30000000000000004
0022300423,2023-24,2023-12-28,MIN,DAL,8.0,1,-0.9438866605111151,-56.138211382113816,0.19999999999999996
0022300443,2023-24,2023-12-30,MIN,LAL,2.0,1,-1.0749673323532247,-69.28861788617887,0.29999999999999993
0022300471,2023-24,2024-01-03,MIN,NOP,-11.0,0,-0.17175471300630668,-9.63414634146342,0.0
0022300538,2023-24,2024-01-12,MIN,POR,23.0,1,-0.6977456609213109,-22.560975609756113,0.2
0022300553,2023-24,2024-01-14,MIN,LAC,4.0,1,-0.6910609353123615,-45.8130081300813,-0.30000000000000004
0022300582,2023-24,2024-01-18,MIN,MEM,15.0,1,0.5825252643449198,38.13008130081301,0.09999999999999998
0022300599,2023-24,2024-01-20,MIN,OKC,-5.0,0,-1.0707541595641028,-66.869918699187,0.0
0022300610,2023-24,2024-01-22,MIN,CHA,-3.0,0,-0.7297219421086363,-49.8780487804878,0.39999999999999997
0022300680,2023-24,2024-01-31,MIN,DAL,34.0,1,-0.20109776771088952,-10.894308943089428,0.29999999999999993
0022300694,2023-24,2024-02-02,MIN,ORL,-2.0,0,-0.7649135970004416,-51.626016260162615,0.29999999999999993
0022300709,2023-24,2024-02-04,MIN,HOU,21.0,1,-0.6358472365750722,-42.94715447154472,0.19999999999999996
0022300808,2023-24,2024-02-23,MIN,MIL,-5.0,0,-0.586620281009546,-5.670731707317073,0.39999999999999997
0022300815,2023-24,2024-02-24,MIN,BKN,15.0,1,-0.7682135487663085,-47.62195121951219,0.39999999999999997
0022300838,2023-24,2024-02-27,MIN,SAS,9.0,1,-2.1664259364793548,-94.89837398373983,0.6
0022300845,2023-24,2024-02-28,MIN,MEM,9.0,1,-0.06593495234731839,-5.223577235772353,0.49999999999999994
0022300862,2023-24,2024-03-01,MIN,SAC,-4.0,0,-0.8181161056428938,-54.369918699187,0.4
0022300873,2023-24,2024-03-03,MIN,LAC,-1.0,0,-0.8396679740304901,-56.36178861788619,0.19999999999999996
0022300881,2023-24,2024-03-04,MIN,POR,5.0,1,-0.3012078493224229,-19.45121951219511,0.49999999999999994
0022300995,2023-24,2024-03-19,MIN,DEN,-3.0,0,-0.27246024083067144,-17.15447154471545,-0.20000000000000007
0022301014,2023-24,2024-03-22,MIN,CLE,13.0,1,-0.9995301344658623,-65.8130081300813,0.09999999999999998
0022301031,2023-24,2024-03-24,MIN,GSW,4.0,1,-1.1166143366724015,-68.57723577235772,0.19999999999999996
0022301056,2023-24,2024-03-27,MIN,DET,15.0,1,-1.4888814017036123,-83.63821138211382,0.49999999999999994
0022301084,2023-24,2024-03-31,MIN,CHI,-8.0,0,-0.6339830802552435,-39.634146341463406,0.29999999999999993
0022301098,2023-24,2024-04-02,MIN,HOU,7.0,1,-0.6358472365750722,-42.94715447154472,-0.20000000000000007
0022301108,2023-24,2024-04-03,MIN,TOR,48.0,1,-0.5698314696232257,-38.02845528455285,0.8
0022301152,2023-24,2024-04-09,MIN,WAS,9.0,1,0.034563607432159915,1.8699186991869823,0.29999999999999993
0022301178,2023-24,2024-04-12,MIN,ATL,3.0,1,-0.13089374236946472,-9.87804878048781,0.19999999999999996
0022301194,2023-24,2024-04-14,MIN,PHX,-19.0,0,-1.3466771502280692,-72.64227642276423,0.09999999999999998
0022300135,2023-24,2023-11-04,NOP,ATL,-18.0,0,-0.4031315075659412,-27.88617886178862,0.20000000000000007
0022300183,2023-24,2023-11-12,NOP,DAL,-12.0,0,-0.13457509972242931,-7.967479674796756,-0.33333333333333337
0022300022,2023-24,2023-11-14,NOP,DAL,21.0,1,-0.23527289697510442,-14.573170731707318,-0.4
0022300034,2023-24,2023-11-17,NOP,DEN,5.0,1,-0.7225959703882189,-32.947154471544714,-0.4
0022300203,2023-24,2023-11-18,NOP,MIN,-1.0,0,-0.6585722311373569,-42.41869918699187,-0.4
0022300222,2023-24,2023-11-20,NOP,SAC,36.0,1,-1.0755243140664152,-66.95121951219512,-0.29999999999999993
0022300233,2023-24,2023-11-22,NOP,SAC,5.0,1,-0.588182242437761,-38.922764227642276,-0.19999999999999996
0022300262,2023-24,2023-11-29,NOP,PHI,10.0,1,0.13166922556548627,9.308943089430905,-0.09999999999999998
0022300278,2023-24,2023-12-01,NOP,SAS,15.0,1,-0.4937469282489384,-33.2520325203252,0.6
0022300301,2023-24,2023-12-11,NOP,MIN,14.0,1,0.061255839776000576,1.8292682926829293,-0.30000000000000004
0022300360,2023-24,2023-12-19,NOP,MEM,-2.0,0,-0.5143291840827585,-33.69918699186992,0.39999999999999997
0022300392,2023-24,2023-12-23,NOP,HOU,-2.0,0,-0.34389921608557006,-21.666666666666664,0.09999999999999998
0022300410,2023-24,2023-12-26,NOP,MEM,-1.0,0,-0.7929581322082495,-40.46747967479675,0.19999999999999996
0022300424,2023-24,2023-12-28,NOP,UTA,7.0,1,-0.9274019043671258,-58.90243902439025,0.0
0022300446,2023-24,2023-12-31,NOP,LAL,20.0,1,-1.39158843938587,-79.32926829268293,0.3
0022300461,2023-24,2024-01-02,NOP,BKN,27.0,1,-0.934294476667654,-59.47154471544715,0.49999999999999994
0022300486,2023-24,2024-01-05,NOP,LAC,-16.0,0,-0.2381080478829593,-14.796747967479675,-0.10000000000000009
0022300575,2023-24,2024-01-17,NOP,CHA,20.0,1,-0.09330174025226282,-5.243902439024396,0.6
0022300588,2023-24,2024-01-19,NOP,PHX,-14.0,0,-0.2249172550191695,-13.943089430894307,0.0
0022300616,2023-24,2024-01-23,NOP,UTA,29.0,1,-0.5511225897016776,-27.621951219512194,-0.09999999999999998
0022300640,2023-24,2024-01-26,NOP,OKC,-24.0,0,-1.3172814517046947,-59.26829268292683,-0.20000000000000007
0022300718,2023-24,2024-02-05,NOP,TOR,38.0,1,-1.3747280640229058,-80.0,0.3
0022300784,2023-24,2024-02-14,NOP,WAS,7.0,1,-0.24593456140171005,-14.63414634146342,0.39999999999999997
0022300798,2023-24,2024-02-22,NOP,HOU,22.0,1,-0.5511225897016778,-5.3861788617886175,0.39999999999999997
0022300810,2023-24,2024-02-23,NOP,MIA,-11.0,0,-0.1538999080589568,-2.5813008130081307,0.20000000000000007
0022300823,2023-24,2024-02-25,NOP,CHI,-8.0,0,0.024941845659135486,2.357723577235772,0.30000000000000004
0022300863,2023-24,2024-03-01,NOP,IND,27.0,1,-0.11763644848755223,-8.455284552845526,-0.09999999999999998
0022300951,2023-24,2024-03-13,NOP,CLE,-21.0,0,-0.6645172073379442,-40.24390243902439,0.19999999999999996
0022300964,2023-24,2024-03-15,NOP,LAC,8.0,1,-1.3429730301061331,-81.30081300813009,0.09999999999999998
0022300970,2023-24,2024-03-16,NOP,POR,19.0,1,-0.7100101285817388,-45.670731707317074,0.19999999999999996
0022301046,2023-24,2024-03-26,NOP,OKC,-7.0,0,-0.12439214117480174,-9.349593495934968,0.10000000000000009
0022301061,2023-24,2024-03-28,NOP,MIL,7.0,1,-0.25173840527676694,-15.528455284552845,0.19999999999999996
0022301074,2023-24,2024-03-30,NOP,BOS,-12.0,0,-0.9105681193481714,-60.243902439024396,-0.10000000000000009
0022301092,2023-24,2024-04-01,NOP,PHX,-13.0,0,-0.42677848084253267,-28.73983739837399,0.0
0022301109,2023-24,2024-04-03,NOP,ORL,-9.0,0,-0.6868180564827318,-45.609756097560975,-0.09999999999999998
0022301123,2023-24,2024-04-05,NOP,SAS,-2.0,0,-0.33274288439828026,-23.414634146341466,0.09999999999999998
0022301195,2023-24,2024-04-14,NOP,LAL,-16.0,0,0.5389115318792816,36.09756097560976,-0.19999999999999996
0022300151,2023-24,2023-11-06,NYK,LAC,14.0,1,-0.5150113564014176,-32.96747967479674,-0.26666666666666666
0022300161,2023-24,2023-11-08,NYK,SAS,21.0,1,-0.8223538895855302,-51.7479674796748,0.0
0022300177,2023-24,2023-11-12,NYK,CHA,22.0,1,-0.8014323666067569,-40.91463414634147,0.125
0022300045,2023-24,2023-11-24,NYK,MIA,2.0,1,-0.7043226553169495,-43.45528455284554,-0.30000000000000004
0022300247,2023-24,2023-11-26,NYK,PHX,-3.0,0,-1.0692520550249756,-68.4959349593496,-0.10000000000000009
0022300057,2023-24,2023-11-28,NYK,CHA,24.0,1,-0.6062518952013775,-39.34959349593496,0.39999999999999997
0022300268,2023-24,2023-11-30,NYK,DET,6.0,1,-0.726819477721762,-49.65447154471545,0.7
0022300297,2023-24,2023-12-11,NYK,TOR,6.0,1,-0.2855402723121478,-19.1869918699187,0.19999999999999996
0022300388,2023-24,2023-12-23,NYK,MIL,-19.0,0,-1.1007924136196663,-64.1869918699187,-0.20000000000000007
0022300401,2023-24,2023-12-25,NYK,MIL,7.0,1,-0.4705722552978391,-27.5,-0.4
0022300451,2023-24,2024-01-01,NYK,MIN,6.0,1,-0.36768779181845185,-24.430894308943095,-0.29999999999999993
0022300468,2023-24,2024-01-03,NYK,CHI,16.0,1,-0.7572134867129111,-51.30081300813009,-0.09999999999999998
0022300514,2023-24,2024-01-09,NYK,POR,28.0,1,-0.6759857472594157,-39.51219512195122,0.19999999999999996
0022300557,2023-24,2024-01-15,NYK,ORL,-4.0,0,-0.3694961293335385,-23.2520325203252,0.3
0022300573,2023-24,2024-01-17,NYK,HOU,15.0,1,-0.9555691045083636,-62.357723577235774,0.19999999999999996
0022300579,2023-24,2024-01-18,NYK,WAS,4.0,1,0.3680739686677985,27.296747967479675,0.49999999999999994
0022300596,2023-24,2024-01-20,NYK,TOR,26.0,1,-0.43713745666926485,-29.146341463414632,0.4
0022300631,2023-24,2024-01-25,NYK,DEN,38.0,1,-1.0656806129043919,-70.56910569105692,0.10000000000000009
0022300643,2023-24,2024-01-27,NYK,MIA,16.0,1,-0.7362409910792238,-46.707317073170735,0.4
0022300671,2023-24,2024-01-30,NYK,UTA,15.0,1,-0.47319790377521576,-26.138211382113838,0.20000000000000007
0022300685,2023-24,2024-02-01,NYK,IND,4.0,1,-0.5272089309319535,-35.0609756097561,0.5
0022300701,2023-24,2024-02-03,NYK,LAL,-8.0,0,-0.88011827639461,-59.63414634146342,0.30000000000000004
0022300722,2023-24,2024-02-06,NYK,MEM,10.0,1,-1.0346984654094444,-54.63414634146342,0.6000000000000001
0022300736,2023-24,2024-02-08,NYK,DAL,-14.0,0,-0.6977913259291862,-43.71951219512195,0.5
0022300755,2023-24,2024-02-10,NYK,IND,-14.0,0,-0.704717441097978,-44.1869918699187,0.30000000000000004
0022300816,2023-24,2024-02-24,NYK,BOS,-14.0,0,-0.5694400699711539,-35.28455284552846,-0.4
0022300828,2023-24,2024-02-26,NYK,DET,2.0,1,-0.45462930156700576,-26.504065040650403,0.2
0022300837,2023-24,2024-02-27,NYK,NOP,-23.0,0,-0.46156566165152146,-31.64634146341463,-0.29999999999999993
0022300852,2023-24,2024-02-29,NYK,GSW,-11.0,0,-0.5292421904520008,-35.16260162601627,-0.5
0022300889,2023-24,2024-03-05,NYK,ATL,-16.0,0,0.13781851305614512,17.27642276422764,-0.10000000000000003
0022300912,2023-24,2024-03-08,NYK,ORL,24.0,1,-1.1543681734170437,-63.17073170731708,-0.5
0022300927,2023-24,2024-03-10,NYK,PHI,-6.0,0,-0.6026862203933374,-39.02439024390244,0.10000000000000003
0022300939,2023-24,2024-03-12,NYK,PHI,27.0,1,-0.4705722552978391,-27.5,0.0
0022301019,2023-24,2024-03-23,NYK,BKN,12.0,1,-0.20314706666946653,-12.845528455284551,0.39999999999999997
0022301035,2023-24,2024-03-25,NYK,DET,25.0,1,-0.9621188360444968,-62.58130081300813,0.39999999999999997
0022301082,2023-24,2024-03-31,NYK,OKC,-1.0,0,-0.10873504514250429,-7.8048780487804805,0.0
0022301112,2023-24,2024-04-04,NYK,SAC,11.0,1,-0.8362885348309398,-43.25203252032521,0.0
0022301175,2023-24,2024-04-12,NYK,BKN,4.0,1,0.3369071394802581,22.60162601626017,0.0
0022301190,2023-24,2024-04-14,NYK,CHI,1.0,1,-0.6468786389395529,-43.59756097560977,0.09999999999999998
0022300005,2023-24,2023-11-03,OKC,GSW,-2.0,0,-1.1770352767722345,-69.3089430894309,-0.20000000000000007
0022300155,2023-24,2023-11-06,OKC,ATL,9.0,1,-1.0720560282702831,-56.32113821138212,-0.16666666666666663
0022300167,2023-24,2023-11-08,OKC,CLE,8.0,1,-0.5430232979483334,-34.71544715447155,0.14285714285714285
0022300021,2023-24,2023-11-14,OKC,SAS,36.0,1,0.06538919431038576,5.569105691056905,0.3
0022300234,2023-24,2023-11-22,OKC,CHI,14.0,1,0.2014242062660659,13.943089430894304,0.39999999999999997
0022300239,2023-24,2023-11-25,OKC,PHI,-4.0,0,-0.893220521822543,-46.97154471544716,0.20000000000000007
0022300271,2023-24,2023-11-30,OKC,LAL,23.0,1,-1.2602419719037141,-61.58536585365853,0.0
0022301222,2023-24,2023-12-08,OKC,GSW,2.0,1,-0.6392127557291678,-39.95934959349594,0.29999999999999993
0022300302,2023-24,2023-12-11,OKC,UTA,14.0,1,-0.7111385378907629,-32.37804878048781,0.39999999999999997
0022300355,2023-24,2023-12-18,OKC,MEM,19.0,1,0.2238908260619955,13.3739837398374,0.3
0022300379,2023-24,2023-12-21,OKC,LAC,19.0,1,-1.5619044210055049,-85.8739837398374,-0.30000000000000004
0022300397,2023-24,2023-12-23,OKC,LAL,-9.0,0,-1.0108569703100954,-64.95934959349593,0.29999999999999993
0022300411,2023-24,2023-12-26,OKC,MIN,23.0,1,-1.5252214728538016,-85.26422764227642,-0.10000000000000009
0022300419,2023-24,2023-12-27,OKC,NYK,9.0,1,-0.4367954456621691,-28.963414634146332,0.19999999999999996
0022300447,2023-24,2023-12-31,OKC,BKN,16.0,1,-0.4852935267958176,-29.34959349593496,0.5
0022300462,2023-24,2024-01-02,OKC,BOS,4.0,1,-0.665216938530202,-44.796747967479675,-0.09999999999999998
0022300529,2023-24,2024-01-11,OKC,POR,62.0,1,-0.43284778082466036,-6.300813008130078,0.39999999999999997
0022300546,2023-24,2024-01-13,OKC,ORL,12.0,1,-1.3348923387278653,-72.31707317073172,0.4
0022300617,2023-24,2024-01-23,OKC,POR,2.0,1,-1.3316401884017335,-79.63414634146342,0.3
0022300664,2023-24,2024-01-29,OKC,MIN,-6.0,0,0.3118546089729027,10.243902439024382,0.09999999999999998
0022300682,2023-24,2024-01-31,OKC,DEN,5.0,1,-0.6841207542634269,-45.32520325203254,-0.09999999999999998
0022300695,2023-24,2024-02-02,OKC,CHA,20.0,1,-0.7967948428251025,-52.6829268292683,0.39999999999999997
0022300710,2023-24,2024-02-04,OKC,TOR,8.0,1,-0.7730689566705408,-51.951219512195124,0.49999999999999994
0022300760,2023-24,2024-02-11,OKC,SAC,14.0,1,-0.7060794833008922,-38.170731707317074,-0.09999999999999998
0022300799,2023-24,2024-02-22,OKC,LAC,22.0,1,-1.246798920448947,-38.96341463414634,-0.09999999999999998
0022300809,2023-24,2024-02-23,OKC,WAS,41.0,1,-1.0370300997260835,-66.5650406504065,0.5
0022300841,2023-24,2024-02-27,OKC,HOU,17.0,1,-0.11763644848755217,-8.88211382113822,0.5
0022300914,2023-24,2024-03-08,OKC,MIA,7.0,1,0.11962526671082341,5.203252032520311,0.10000000000000009
0022300931,2023-24,2024-03-10,OKC,MEM,31.0,1,-0.6147836558686354,-41.5040650406504,0.4
0022300941,2023-24,2024-03-12,OKC,IND,-10.0,0,-0.8033138834710466,-53.170731707317074,0.20000000000000007
0022300959,2023-24,2024-03-14,OKC,DAL,7.0,1,-0.8191419895529095,-54.51219512195122,0.19999999999999996
0022301000,2023-24,2024-03-20,OKC,UTA,12.0,1,-0.7214808649871707,-55.04065040650407,0.49999999999999994
0022301057,2023-24,2024-03-27,OKC,HOU,-6.0,0,0.18132416176455995,11.849593495934954,-0.09999999999999998
0022301069,2023-24,2024-03-29,OKC,PHX,25.0,1,-1.0370300997260835,-65.9349593495935,0.09999999999999998
0022301153,2023-24,2024-04-09,OKC,SAC,7.0,1,-0.6180457250923985,-26.585365853658544,0.0
0022301163,2023-24,2024-04-10,OKC,SAS,38.0,1,-0.7324201043561875,-46.72764227642277,0.0
0022301179,2023-24,2024-04-12,OKC,MIL,18.0,1,-0.5816025025058926,-38.211382113821145,0.19999999999999996
0022301196,2023-24,2024-04-14,OKC,DAL,49.0,1,-0.5469518133981534,-35.52845528455285,-0.20000000000000007
0022300134,2023-24,2023-11-04,ORL,LAL,19.0,1,-0.07939419335734793,-3.00813008130082,0.0
0022300147,2023-24,2023-11-06,ORL,DAL,-15.0,0,-0.9888510588394124,-64.83739837398375,-0.16666666666666674
0022300173,2023-24,2023-11-11,ORL,MIL,15.0,1,-0.22105419683379302,-13.333333333333343,-0.125
0022300038,2023-24,2023-11-21,ORL,TOR,19.0,1,-0.1300165633605704,-7.337398373983731,0.09999999999999998
0022300226,2023-24,2023-11-22,ORL,DEN,5.0,1,-0.5702182003631591,-38.069105691056905,0.09999999999999998
0022300043,2023-24,2023-11-24,ORL,BOS,17.0,1,-0.511472930554997,-34.55284552845528,0.0
0022300248,2023-24,2023-11-26,ORL,CHA,13.0,1,0.05478995297056671,8.130081300813007,0.29999999999999993
0022300259,2023-24,2023-11-29,ORL,WAS,19.0,1,-1.1146250140203018,-60.426829268292686,0.7000000000000001
0022300274,2023-24,2023-12-01,ORL,WAS,5.0,1,-0.5882087037853913,-37.926829268292686,0.8
0022301217,2023-24,2023-12-08,ORL,DET,32.0,1,-0.12106574083340702,-4.8373983739837385,0.8
0022300294,2023-24,2023-12-11,ORL,CLE,10.0,1,-0.5455900244335989,-27.459349593495933,0.10000000000000009
0022300366,2023-24,2023-12-20,ORL,MIA,-9.0,0,-0.5416066283560931,-37.825203252032516,0.09999999999999998
0022300415,2023-24,2023-12-27,ORL,PHI,-20.0,0,0.330813620095283,21.382113821138212,-0.4
0022300429,2023-24,2023-12-29,ORL,NYK,9.0,1,-0.8391066840798092,-56.28048780487805,-0.09999999999999998
0022300499,2023-24,2024-01-07,ORL,ATL,7.0,1,0.4861117709890964,31.38211382113822,0.0
0022300513,2023-24,2024-01-09,ORL,MIN,-21.0,0,-0.9519337796597607,-62.195121951219505,0.0
0022300585,2023-24,2024-01-19,ORL,PHI,-15.0,0,0.3406420811023261,30.101626016260166,-0.3
0022300601,2023-24,2024-01-21,ORL,MIA,18.0,1,-0.42795357594604694,-28.80081300813008,-0.2
0022300607,2023-24,2024-01-22,ORL,CLE,-27.0,0,-0.05570530401464795,-4.30894308943089,-0.4
0022300655,2023-24,2024-01-28,ORL,PHX,15.0,1,-0.3706214604429363,-24.30894308943089,-0.39999999999999997
0022300734,2023-24,2024-02-08,ORL,SAS,16.0,1,-0.5074630731298605,-32.357723577235774,0.2
0022300752,2023-24,2024-02-10,ORL,CHI,6.0,1,-0.5816508276925528,-38.29268292682927,0.0
0022300772,2023-24,2024-02-13,ORL,OKC,-14.0,0,-0.993660411747013,-52.13414634146342,0.0
0022300778,2023-24,2024-02-14,ORL,NYK,18.0,1,-0.5645976680059334,-37.54065040650407,0.0
0022300833,2023-24,2024-02-27,ORL,BKN,27.0,1,-1.1141277661156659,-50.711382113821145,0.39999999999999997
0022300850,2023-24,2024-02-29,ORL,UTA,8.0,1,-0.3278954801694041,-22.865853658536583,0.39999999999999997
0022300874,2023-24,2024-03-03,ORL,DET,22.0,1,-0.9969885655327495,-52.6219512195122,0.39999999999999997
0022300928,2023-24,2024-03-10,ORL,IND,-14.0,0,0.40861742885860114,34.71544715447154,0.30000000000000004
0022300947,2023-24,2024-03-13,ORL,BKN,8.0,1,-1.074278442494795,-56.524390243902445,0.19999999999999996
0022300979,2023-24,2024-03-17,ORL,TOR,15.0,1,-0.3529358068102869,-22.21544715447154,0.49999999999999994
0022300991,2023-24,2024-03-19,ORL,CHA,20.0,1,-0.34021566722499524,-24.02439024390244,0.6000000000000001
0022301004,2023-24,2024-03-21,ORL,NOP,15.0,1,-0.6179301861620482,-41.869918699187,0.0
0022301020,2023-24,2024-03-23,ORL,SAC,-2.0,0,-0.7218234555140479,-49.26829268292684,0.20000000000000007
0022301049,2023-24,2024-03-27,ORL,GSW,-8.0,0,-1.4429061835533983,-80.71138211382113,0.29999999999999993
0022301064,2023-24,2024-03-29,ORL,LAC,-3.0,0,-0.8477052017024862,-54.065040650406516,0.19999999999999996
0022301075,2023-24,2024-03-30,ORL,MEM,30.0,1,-0.15493338521822297,-4.776422764227647,0.3
0022301090,2023-24,2024-04-01,ORL,POR,1.0,1,-0.2733733869312126,-20.731707317073177,0.5
0022301136,2023-24,2024-04-07,ORL,CHI,15.0,1,-0.14762203569039367,-8.739837398373986,0.09999999999999998
0022301191,2023-24,2024-04-14,ORL,MIL,25.0,1,-0.46197373767516214,-29.532520325203244,0.10000000000000003
0022300148,2023-24,2023-11-06,PHI,WAS,18.0,1,-0.4615649706182108,-26.951219512195124,0.6000000000000001
0022300159,2023-24,2023-11-08,PHI,BOS,3.0,1,-0.7178459716443266,-48.90243902439025,0.0
0022300180,2023-24,2023-11-12,PHI,IND,11.0,1,0.14074977401444722,11.097560975609767,0.20833333333333337
0022300019,2023-24,2023-11-14,PHI,IND,-6.0,0,-0.23527289697510442,-14.573170731707318,0.28888888888888886
0022300194,2023-24,2023-11-15,PHI,BOS,-10.0,0,-0.15742066608620064,-10.304878048780488,0.0
0022300040,2023-24,2023-11-21,PHI,CLE,-3.0,0,-0.19026987873656573,-13.983739837398367,0.20000000000000007
0022300255,2023-24,2023-11-27,PHI,LAL,44.0,1,0.05513804360123423,4.8373983739837385,-0.09999999999999998
0022301218,2023-24,2023-12-08,PHI,ATL,11.0,1,-0.4390445821018366,-25.40650406504065,0.2
0022300295,2023-24,2023-12-11,PHI,WAS,45.0,1,-0.48477195000947,-12.052845528455286,0.5
0022300327,2023-24,2023-12-15,PHI,DET,32.0,1,-0.1176364484875522,-3.9024390243902474,0.6
0022300351,2023-24,2023-12-18,PHI,CHI,-4.0,0,-0.40038331134147875,-26.605691056910572,0.30000000000000004
0022300367,2023-24,2023-12-20,PHI,MIN,14.0,1,-0.6161186982854148,-41.585365853658544,-0.20000000000000007
0022300382,2023-24,2023-12-22,PHI,TOR,10.0,1,-0.20137957457281078,-12.601626016260166,0.39999999999999997
0022300459,2023-24,2024-01-02,PHI,CHI,13.0,1,0.1176629098351825,9.55284552845528,0.09999999999999998
0022300483,2023-24,2024-01-05,PHI,NYK,-36.0,0,-0.8760639355821053,-45.79268292682927,0.19999999999999996
0022300495,2023-24,2024-01-06,PHI,UTA,-11.0,0,-0.7825466490512436,-46.971544715447145,-0.09999999999999998
0022300532,2023-24,2024-01-12,PHI,SAC,19.0,1,-0.5683568126118603,-35.12195121951219,-0.09999999999999998
0022300555,2023-24,2024-01-15,PHI,HOU,9.0,1,-1.4076461706686565,-79.53252032520324,0.09999999999999998
0022300566,2023-24,2024-01-16,PHI,DEN,5.0,1,-0.6964556690174655,-44.8170731707317,-0.19999999999999996
0022300608,2023-24,2024-01-22,PHI,SAS,10.0,1,-0.5219253583197423,-34.20731707317074,0.3
0022300698,2023-24,2024-02-03,PHI,BKN,-15.0,0,1.0013973478040492,67.88617886178861,0.3
0022300715,2023-24,2024-02-05,PHI,DAL,-16.0,0,-0.4964817294126105,-33.577235772357724,0.2
0022300727,2023-24,2024-02-07,PHI,GSW,-23.0,0,-0.7200448469845745,-49.1869918699187,-0.09999999999999998
0022300742,2023-24,2024-02-09,PHI,ATL,-6.0,0,-0.5472472907285091,-35.569105691056905,-0.10000000000000003
0022300779,2023-24,2024-02-14,PHI,MIA,-5.0,0,-0.5325348291300386,-35.162601626016254,-0.2
0022300794,2023-24,2024-02-22,PHI,NYK,-14.0,0,-0.603847298079719,-5.873983739837398,-0.2
0022300805,2023-24,2024-02-23,PHI,CLE,7.0,1,-0.43976893177093135,-25.548780487804883,-0.5
0022300817,2023-24,2024-02-25,PHI,MIL,-21.0,0,-0.7178459716443266,-45.20325203252033,0.0
0022300858,2023-24,2024-03-01,PHI,CHA,7.0,1,-0.9187136007978829,-59.695121951219505,-0.2
0022300896,2023-24,2024-03-06,PHI,MEM,-6.0,0,0.03691727917965178,2.439024390243908,0.2
0022300909,2023-24,2024-03-08,PHI,NOP,-8.0,0,0.18847351141712781,10.243902439024389,-0.29999999999999993
0022300969,2023-24,2024-03-16,PHI,CHA,11.0,1,-0.14069486246750487,-11.07723577235771,0.09999999999999998
0022300985,2023-24,2024-03-18,PHI,MIA,7.0,1,-0.957966531013623,-62.52032520325204,-0.09999999999999998
0022301052,2023-24,2024-03-27,PHI,LAC,-1.0,0,-0.11453693348587823,-2.0731707317073216,0.0
0022301093,2023-24,2024-04-02,PHI,OKC,4.0,1,-0.16716836518417338,-10.36585365853658,-0.29999999999999993
0022301145,2023-24,2024-04-09,PHI,DET,18.0,1,0.17370179364436975,12.317073170731703,0.5
0022301171,2023-24,2024-04-12,PHI,ORL,12.0,1,-1.2076031192237047,-77.11382113821139,0.29999999999999993
0022301192,2023-24,2024-04-14,PHI,BKN,21.0,1,-0.48621084959216665,-28.3739837398374,0.09999999999999998
0022300015,2023-24,2023-11-10,PHX,LAL,-3.0,0,-0.5510526837661895,-23.739837398373993,0.125
0022300185,2023-24,2023-11-12,PHX,OKC,-12.0,0,-1.2397620441039712,-78.17073170731707,-0.11111111111111116
0022300197,2023-24,2023-11-15,PHX,MIN,18.0,1,-2.0236998401916417,-93.84146341463415,-0.4
0022300041,2023-24,2023-11-21,PHX,POR,13.0,1,-0.5670359148985783,-36.178861788617894,0.2
0022300236,2023-24,2023-11-22,PHX,GSW,8.0,1,-0.618920607941982,-41.32113821138212,0.3
0022300279,2023-24,2023-12-01,PHX,DEN,-8.0,0,0.3116812223736288,21.138211382113816,0.19999999999999996
0022300288,2023-24,2023-12-02,PHX,MEM,7.0,1,-0.9487623119140309,-52.01219512195121,0.29999999999999993
0022301228,2023-24,2023-12-08,PHX,SAC,-8.0,0,-0.18337130148598957,-14.512195121951223,0.09999999999999998
0022300308,2023-24,2023-12-12,PHX,GSW,3.0,1,-1.0627600065556693,-44.02439024390244,0.19999999999999996
0022300317,2023-24,2023-12-13,PHX,BKN,-4.0,0,-0.7322725096264802,-44.24796747967479,0.0
0022300333,2023-24,2023-12-15,PHX,NYK,-17.0,0,-0.5748258404441376,-36.869918699187,0.0
0022300347,2023-24,2023-12-17,PHX,WAS,4.0,1,-1.1677965065099047,-69.14634146341464,0.2
0022300405,2023-24,2023-12-25,PHX,DAL,-14.0,0,-0.5694256090978375,-39.34959349593496,-0.3
0022300436,2023-24,2023-12-29,PHX,CHA,14.0,1,-0.7744813951515087,-36.28048780487804,0.19999999999999998
0022300450,2023-24,2023-12-31,PHX,ORL,5.0,1,-1.155274243751461,-68.82113821138212,-0.09999999999999998
0022300456,2023-24,2024-01-01,PHX,POR,21.0,1,-0.3622085060580992,-24.329268292682926,0.2
0022300473,2023-24,2024-01-03,PHX,LAC,-9.0,0,-0.5857920259725121,-38.63821138211382,-0.30000000000000004
0022300489,2023-24,2024-01-05,PHX,MIA,16.0,1,-1.2916371782454559,-71.6260162601626,-0.09999999999999998
0022300503,2023-24,2024-01-07,PHX,MEM,-6.0,0,-0.938727832782799,-61.30081300813008,0.0
0022300567,2023-24,2024-01-16,PHX,SAC,2.0,1,-0.7396595666073011,-35.77235772357724,0.09999999999999998
0022300604,2023-24,2024-01-21,PHX,IND,7.0,1,-0.9175748689560446,-36.34146341463415,0.09999999999999998
0022300612,2023-24,2024-01-22,PHX,CHI,2.0,1,-0.3190124447904139,-20.467479674796742,0.09999999999999998
0022300725,2023-24,2024-02-06,PHX,MIL,8.0,1,0.12242487211555808,5.325203252032523,0.19999999999999996
0022300739,2023-24,2024-02-08,PHX,UTA,14.0,1,-0.2218900336338507,-13.780487804878053,0.29999999999999993
0022300774,2023-24,2024-02-13,PHX,SAC,5.0,1,-0.5614758471012395,-38.80081300813008,0.0
0022300787,2023-24,2024-02-14,PHX,DET,16.0,1,-1.2916371782454557,-56.077235772357724,0.19999999999999996
0022300818,2023-24,2024-02-25,PHX,LAL,10.0,1,-0.031718963698913305,-2.682926829268297,-0.09999999999999998
0022300854,2023-24,2024-02-29,PHX,HOU,5.0,1,-1.3349501827104253,-74.51219512195121,0.39999999999999997
0022300870,2023-24,2024-03-02,PHX,HOU,-9.0,0,-0.5882087037853913,-37.926829268292686,0.49999999999999994
0022300878,2023-24,2024-03-03,PHX,OKC,-8.0,0,-0.3626146964617395,-20.26422764227643,-0.09999999999999998
0022300905,2023-24,2024-03-07,PHX,TOR,7.0,1,-0.782253477671468,-44.22764227642277,0.09999999999999998
0022300920,2023-24,2024-03-09,PHX,BOS,-10.0,0,-0.6998344010043822,-46.585365853658544,-0.20000000000000007
0022301002,2023-24,2024-03-20,PHX,PHI,13.0,1,-0.7391123332406218,-28.49593495934961,0.0
0022301010,2023-24,2024-03-21,PHX,ATL,13.0,1,-0.520275726784664,-34.0040650406504,0.09999999999999998
0022301110,2023-24,2024-04-03,PHX,CLE,21.0,1,-0.387456233237118,-16.34146341463415,0.19999999999999996
0022301125,2023-24,2024-04-05,PHX,MIN,10.0,1,-1.2396582488010421,-78.130081300813,-0.10000000000000009
0022301138,2023-24,2024-04-07,PHX,NOP,-8.0,0,-1.157113137810894,-68.90243902439025,0.29999999999999993
0022301156,2023-24,2024-04-09,PHX,LAC,-13.0,0,-0.5941102851439676,-39.3089430894309,0.0
0022300007,2023-24,2023-11-03,POR,MEM,2.0,1,0.2759117250548254,13.739837398373979,0.4
0022300144,2023-24,2023-11-05,POR,MEM,-12.0,0,-0.3529093454626566,-25.000000000000004,0.5
0022300199,2023-24,2023-11-15,POR,CLE,-14.0,0,0.03871172142237769,3.8617886178861838,-0.10000000000000003
0022300036,2023-24,2023-11-17,POR,LAL,-12.0,0,-0.48205165333485095,-32.235772357723576,-0.2
0022300215,2023-24,2023-11-19,POR,OKC,-43.0,0,-0.9741520667061734,-63.69918699186992,-0.39999999999999997
0022300237,2023-24,2023-11-22,POR,UTA,16.0,1,0.0016331406838014373,0.04065040650405649,-0.09999999999999998
0022301226,2023-24,2023-12-08,POR,DAL,-13.0,0,-0.6213063502863067,-40.28455284552847,-0.10000000000000003
0022300323,2023-24,2023-12-14,POR,UTA,-8.0,0,-1.1108318870551162,-72.64227642276423,-0.10000000000000003
0022300341,2023-24,2023-12-16,POR,DAL,-11.0,0,-1.205658253697802,-76.46341463414633,-0.3
0022300348,2023-24,2023-12-17,POR,GSW,-4.0,0,-0.46668899357631277,-31.890243902439025,-0.10000000000000003
0022300363,2023-24,2023-12-19,POR,PHX,5.0,1,-0.7189576909937567,-48.983739837398375,-0.2
0022300381,2023-24,2023-12-21,POR,WAS,-1.0,0,-0.42158276287268576,-28.536585365853657,0.09999999999999998
0022300413,2023-24,2023-12-26,POR,SAC,17.0,1,-0.34474685528631155,-21.788617886178866,-0.5
0022300427,2023-24,2023-12-28,POR,SAS,-13.0,0,-0.9731016238363247,-63.29268292682926,0.1
0022300437,2023-24,2023-12-29,POR,SAS,6.0,1,-0.2352728969751044,-15.345528455284558,0.0
0022300554,2023-24,2024-01-14,POR,PHX,-11.0,0,0.6359750018463308,43.73983739837398,-0.3
0022300578,2023-24,2024-01-17,POR,BKN,2.0,1,-1.2576444366609243,-80.73170731707317,0.0
0022300590,2023-24,2024-01-19,POR,IND,3.0,1,-1.4365353704800372,-82.92682926829268,-0.39999999999999997
0022300656,2023-24,2024-01-28,POR,CHI,-8.0,0,0.6456301595163081,44.65447154471545,-0.3
0022300668,2023-24,2024-01-29,POR,PHI,26.0,1,-0.21008972345376375,-14.573170731707322,-0.3
0022300683,2023-24,2024-01-31,POR,MIL,3.0,1,-0.8352421677664372,-55.813008130081315,-0.29999999999999993
0022300741,2023-24,2024-02-08,POR,DET,-6.0,0,-0.755846930380804,-47.845528455284544,0.10000000000000003
0022300758,2023-24,2024-02-10,POR,NOP,-9.0,0,-1.2248140847874462,-77.80487804878048,-0.2
0022300775,2023-24,2024-02-13,POR,MIN,-12.0,0,-1.3793413511070198,-78.67886178861788,-0.39999999999999997
0022300791,2023-24,2024-02-15,POR,MIN,-37.0,0,-0.588182242437761,-37.68292682926829,-0.39999999999999997
0022300812,2023-24,2024-02-23,POR,DEN,-15.0,0,-1.4972854299111322,-57.41869918699187,-0.39999999999999997
0022300826,2023-24,2024-02-25,POR,CHA,-13.0,0,-0.9372612488741521,-48.65853658536585,-0.2
0022300842,2023-24,2024-02-27,POR,MIA,-10.0,0,-1.2012360121573025,-76.01626016260163,-0.6000000000000001
0022300900,2023-24,2024-03-06,POR,OKC,-8.0,0,0.010849018881287642,1.117886178861795,-0.49999999999999994
0022300916,2023-24,2024-03-08,POR,HOU,-16.0,0,-0.9763407388015681,-63.84146341463415,-0.2
0022300923,2023-24,2024-03-09,POR,TOR,10.0,1,-0.5644039633265528,-37.45934959349593,-0.2
0022300938,2023-24,2024-03-11,POR,BOS,-22.0,0,-0.8448859373051342,-56.829268292682926,-0.5
0022300953,2023-24,2024-03-13,POR,ATL,4.0,1,-0.70428443295457,-47.19512195121952,-0.2
0022300960,2023-24,2024-03-14,POR,NYK,-12.0,0,-0.7132059655953644,-36.321138211382106,-0.09999999999999998
0022301003,2023-24,2024-03-20,POR,LAC,-13.0,0,0.6465072417619449,44.83739837398375,-0.2
0022301017,2023-24,2024-03-22,POR,LAC,-8.0,0,2.6461347630291066e-05,6.808943089430894,-0.3
0022301026,2023-24,2024-03-23,POR,DEN,-3.0,0,-0.4454155431241288,-30.264227642276424,-0.6000000000000001
0022301157,2023-24,2024-04-09,POR,NOP,-10.0,0,0.49773330923461145,27.35772357723576,-0.2
0022301169,2023-24,2024-04-11,POR,GSW,-8.0,0,-0.5996881018224032,-40.203252032520325,-0.6000000000000001
0022301183,2023-24,2024-04-12,POR,HOU,-9.0,0,-0.8132038297577201,-48.76016260162602,-0.2
0022300170,2023-24,2023-11-08,SAC,POR,3.0,1,0.6692513790064163,49.79674796747967,-0.09523809523809523
0022300016,2023-24,2023-11-10,SAC,OKC,7.0,1,-0.7250105901496847,-49.55284552845529,-0.19642857142857145
0022300191,2023-24,2023-11-13,SAC,CLE,12.0,1,-0.8706005663837385,-45.46747967479675,0.05555555555555558
0022300060,2023-24,2023-11-28,SAC,GSW,1.0,1,0.48575054936210266,33.55691056910569,0.39999999999999997
0022300264,2023-24,2023-11-29,SAC,LAC,-14.0,0,-0.4032748590576022,-21.93089430894309,0.4
0022300290,2023-24,2023-12-02,SAC,DEN,6.0,1,-1.8282479702603283,-91.5650406504065,0.09999999999999998
0022301204,2023-24,2023-12-04,SAC,NOP,-10.0,0,-1.0926536905856759,-67.92682926829269,0.09999999999999998
0022300303,2023-24,2023-12-11,SAC,BKN,13.0,1,-0.8763425607578292,-57.76422764227642,0.0
0022300324,2023-24,2023-12-14,SAC,OKC,5.0,1,-0.13029118559285716,-7.6016260162601625,-0.19999999999999996
0022300342,2023-24,2023-12-16,SAC,UTA,21.0,1,-0.5725738734378545,-37.357723577235774,0.09999999999999998
0022300358,2023-24,2023-12-18,SAC,WAS,12.0,1,-1.0854590774601025,-67.35772357723577,0.49999999999999994
0022300373,2023-24,2023-12-20,SAC,BOS,-25.0,0,-0.9882634762189211,-64.79674796747969,-0.10000000000000009
0022300387,2023-24,2023-12-22,SAC,PHX,15.0,1,-0.06508433896036364,-8.414634146341466,0.3
0022300400,2023-24,2023-12-23,SAC,MIN,-12.0,0,-0.6943343149487766,-44.57317073170732,-0.10000000000000009
0022300464,2023-24,2024-01-02,SAC,CHA,-7.0,0,-0.8343376705179275,-31.7479674796748,0.6
0022300476,2023-24,2024-01-03,SAC,ORL,3.0,1,-0.5984103902289823,-40.46747967479675,0.3
0022300492,2023-24,2024-01-05,SAC,TOR,5.0,1,-1.0914802392031955,-67.76422764227642,0.19999999999999996
0022300500,2023-24,2024-01-07,SAC,NOP,-33.0,0,-0.9841081642922473,-64.4308943089431,0.0
0022300583,2023-24,2024-01-18,SAC,IND,-5.0,0,-0.18943029505087353,-13.90243902439024,-0.19999999999999996
0022300613,2023-24,2024-01-22,SAC,ATL,15.0,1,-1.7172184222632008,-89.73577235772358,-0.09999999999999998
0022300732,2023-24,2024-02-07,SAC,DET,-13.0,0,0.39173980471843334,21.097560975609753,0.3
0022300746,2023-24,2024-02-09,SAC,DEN,29.0,1,-0.5946929432091974,-39.51219512195122,-0.20000000000000007
0022300803,2023-24,2024-02-22,SAC,SAS,5.0,1,-1.5529292654412534,-60.22357723577235,0.3
0022300831,2023-24,2024-02-26,SAC,MIA,-11.0,0,-0.23480857072058545,-13.739837398373979,-0.09999999999999998
0022300883,2023-24,2024-03-04,SAC,CHI,-4.0,0,-0.3614285578048778,-22.947154471544714,0.0
0022300908,2023-24,2024-03-07,SAC,SAS,2.0,1,-0.2572527618975045,-17.886178861788622,0.2
0022300929,2023-24,2024-03-10,SAC,HOU,-8.0,0,-0.8447640495926108,-53.3739837398374,0.19999999999999996
0022300945,2023-24,2024-03-12,SAC,MIL,35.0,1,-0.7930750223522803,-52.60162601626017,-0.09999999999999998
0022300954,2023-24,2024-03-13,SAC,LAL,13.0,1,0.33951403374262334,26.991869918699187,0.0
0022300975,2023-24,2024-03-16,SAC,NYK,-7.0,0,-0.8447640495926108,-53.3739837398374,0.09999999999999998
0022300989,2023-24,2024-03-18,SAC,MEM,10.0,1,-0.9738437907156434,-63.65853658536585,0.2
0022301042,2023-24,2024-03-25,SAC,PHI,12.0,1,0.03383239441362795,1.4227642276422898,0.29999999999999993
0022301047,2023-24,2024-03-26,SAC,DAL,-36.0,0,-0.3337448619152979,-22.256097560975604,-0.10000000000000009
0022301073,2023-24,2024-03-29,SAC,DAL,-4.0,0,-0.11760998713992199,-6.382113821138212,-0.30000000000000004
0022301086,2023-24,2024-03-31,SAC,UTA,21.0,1,-0.686707130073215,-45.569105691056905,0.5
0022301101,2023-24,2024-04-02,SAC,LAC,14.0,1,-1.801648757342424,-87.64227642276423,0.0
0022301170,2023-24,2024-04-11,SAC,NOP,-12.0,0,0.15246317805946064,10.934959349593498,0.0
0022301185,2023-24,2024-04-12,SAC,PHX,-1.0,0,-0.28561194922241967,-17.86585365853658,-0.19999999999999996
0022301200,2023-24,2024-04-14,SAC,POR,39.0,1,-0.4549374249503023,-30.28455284552845,0.09999999999999998
0022300141,2023-24,2023-11-05,SAS,TOR,-7.0,0,-0.6098190439007521,-37.07317073170733,0.26666666666666666
0022300013,2023-24,2023-11-10,SAS,MIN,-7.0,0,0.2388132795501553,16.6260162601626,-0.3392857142857143
0022300184,2023-24,2023-11-12,SAS,MIA,-5.0,0,-1.2195157585938075,-70.44715447154472,-0.22222222222222227
0022300032,2023-24,2023-11-17,SAS,SAC,-9.0,0,-1.0901457349862602,-70.40650406504065,-0.3
0022300206,2023-24,2023-11-18,SAS,MEM,-12.0,0,-0.4861030593849207,-32.78455284552845,0.0
0022300223,2023-24,2023-11-20,SAS,LAC,-25.0,0,-0.5230203385645724,-34.91869918699187,-0.09999999999999998
0022300235,2023-24,2023-11-22,SAS,LAC,-7.0,0,2.6461347630291066e-05,6.808943089430894,-0.30000000000000004
0022300272,2023-24,2023-11-30,SAS,ATL,-2.0,0,-1.0005162243486219,-58.37398373983739,-0.4
0022301223,2023-24,2023-12-08,SAS,CHI,-9.0,0,-0.3601548552923259,-25.081300813008134,-0.4
0022300316,2023-24,2023-12-13,SAS,LAL,-3.0,0,-0.45379739788188445,-30.040650406504056,-0.6
0022300331,2023-24,2023-12-15,SAS,LAL,14.0,1,-0.35290934546265657,-23.19105691056911,-0.6
0022300345,2023-24,2023-12-17,SAS,NOP,-36.0,0,-0.9587779611678902,-62.5609756097561,-0.5
0022300412,2023-24,2023-12-26,SAS,UTA,-12.0,0,-1.0536575871747873,-69.5528455284553,-0.4
0022300448,2023-24,2023-12-31,SAS,BOS,-33.0,0,0.10279289772830097,4.390243902439025,-0.7
0022300477,2023-24,2024-01-04,SAS,MIL,-4.0,0,-0.6906976866441998,-40.00000000000001,-0.49999999999999994
0022300541,2023-24,2024-01-12,SAS,CHA,36.0,1,-0.10286154448552338,-5.4878048780487845,0.1
0022300548,2023-24,2024-01-13,SAS,CHI,-6.0,0,-0.5042024250720534,-33.59756097560975,-0.2
0022300622,2023-24,2024-01-24,SAS,OKC,-26.0,0,0.01198020729685989,0.8943089430894275,-0.39999999999999997
0022300641,2023-24,2024-01-26,SAS,POR,16.0,1,-0.8682039431684555,-58.963414634146346,-0.10000000000000003
0022300649,2023-24,2024-01-27,SAS,MIN,1.0,1,-0.816487820304932,-49.1260162601626,-0.29999999999999993
0022300665,2023-24,2024-01-29,SAS,WAS,-5.0,0,-0.8559164166823667,-57.92682926829269,0.2
0022300681,2023-24,2024-01-31,SAS,ORL,-10.0,0,-0.5792653709453749,-37.94715447154472,0.0
0022300696,2023-24,2024-02-02,SAS,NOP,-1.0,0,-0.8682039431684555,-58.963414634146346,-0.10000000000000003
0022300703,2023-24,2024-02-03,SAS,CLE,-16.0,0,-0.38070818440458726,-25.46747967479675,-0.6000000000000001
0022300853,2023-24,2024-02-29,SAS,OKC,14.0,1,-0.06848028308320153,-2.764227642276417,-0.7000000000000001
0022300877,2023-24,2024-03-03,SAS,IND,12.0,1,-1.200735996783134,-65.58943089430893,-0.39999999999999997
0022300936,2023-24,2024-03-11,SAS,GSW,-10.0,0,-0.11763644848755217,-4.105691056910587,-0.3
0022300942,2023-24,2024-03-12,SAS,HOU,-2.0,0,-1.0400521825379498,-53.35365853658536,-0.2
0022300965,2023-24,2024-03-15,SAS,DEN,-11.0,0,-1.2316644120776163,-78.65853658536585,-0.6000000000000001
0022300981,2023-24,2024-03-17,SAS,BKN,7.0,1,-1.343569585855913,-72.56097560975611,-0.10000000000000003
0022300994,2023-24,2024-03-19,SAS,DAL,-6.0,0,-0.6969282807805574,-43.57723577235772,-0.19999999999999996
0022301015,2023-24,2024-03-22,SAS,MEM,-2.0,0,-1.8237141136708632,-91.52439024390243,0.10000000000000003
0022301025,2023-24,2024-03-23,SAS,PHX,-25.0,0,-0.665178177518442,-42.66260162601627,-0.3
0022301039,2023-24,2024-03-25,SAS,PHX,2.0,1,-0.23527289697510442,-14.573170731707318,-0.49999999999999994
0022301070,2023-24,2024-03-29,SAS,NYK,4.0,1,-0.3217175762687875,-20.162601626016247,-0.4
0022301085,2023-24,2024-03-31,SAS,GSW,-4.0,0,-1.1940508581429945,-69.75609756097562,-0.19999999999999996
0022301140,2023-24,2024-04-07,SAS,PHI,-7.0,0,-0.820050778193848,-52.27642276422764,0.0
0022301180,2023-24,2024-04-12,SAS,DEN,1.0,1,-0.37744374348063675,-24.308943089430898,-0.19999999999999996
0022301197,2023-24,2024-04-14,SAS,DET,28.0,1,-0.5792653709453749,-37.94715447154472,0.39999999999999997
0022300189,2023-24,2023-11-13,TOR,WAS,4.0,1,-0.7292009288692505,-47.926829268292686,0.2222222222222222
0022300195,2023-24,2023-11-15,TOR,MIL,-16.0,0,-0.9113297755184671,-57.94715447154472,-0.09999999999999998
0022300031,2023-24,2023-11-17,TOR,BOS,-3.0,0,-0.5923166304714733,-39.1260162601626,-0.4
0022300211,2023-24,2023-11-19,TOR,DET,29.0,1,-0.2898050630365817,-21.097560975609763,0.4
0022300046,2023-24,2023-11-24,TOR,CHI,13.0,1,-0.5093139648093336,-33.1910569105691,0.2
0022300260,2023-24,2023-11-29,TOR,PHX,7.0,1,0.4273068395386831,29.878048780487802,-0.4
0022300276,2023-24,2023-12-01,TOR,NYK,-13.0,0,-0.7485164209464085,-50.975609756097555,-0.19999999999999996
0022301207,2023-24,2023-12-06,TOR,MIA,-9.0,0,-0.7815837864113657,-29.756097560975608,-0.09999999999999998
0022300313,2023-24,2023-12-13,TOR,ATL,7.0,1,-0.11734055148009478,-4.390243902439025,0.0
0022300330,2023-24,2023-12-15,TOR,ATL,-21.0,0,-0.2352728969751044,-6.117886178861788,0.10000000000000003
0022300354,2023-24,2023-12-18,TOR,CHA,15.0,1,-0.9721733423770841,-50.54878048780488,0.09999999999999998
0022300369,2023-24,2023-12-20,TOR,DEN,-9.0,0,-1.1958758194872423,-75.65040650406505,-0.3
0022300395,2023-24,2023-12-23,TOR,UTA,-7.0,0,-0.017896647747495664,-1.0569105691056961,-0.2
0022300452,2023-24,2024-01-01,TOR,CLE,3.0,1,0.3942427735416908,30.26422764227643,-0.2
0022300563,2023-24,2024-01-15,TOR,BOS,-9.0,0,0.09119866418072511,5.1626016260162615,-0.29999999999999993
0022300574,2023-24,2024-01-17,TOR,MIA,24.0,1,-0.8297985259710318,-52.39837398373984,-0.3
0022300580,2023-24,2024-01-18,TOR,CHI,-6.0,0,-0.09836051753735622,-7.743902439024389,-0.09999999999999998
0022300609,2023-24,2024-01-22,TOR,MEM,-8.0,0,-0.3181322241922806,-19.593495934959357,-0.2
0022300637,2023-24,2024-01-26,TOR,LAC,-20.0,0,-1.2148662078606438,-66.89024390243902,-0.6000000000000001
0022300744,2023-24,2024-02-09,TOR,HOU,3.0,1,0.16911874546598019,12.560975609756099,-0.2
0022300756,2023-24,2024-02-10,TOR,CLE,-24.0,0,-0.20464608165835846,-13.963414634146346,-0.6000000000000001
0022300764,2023-24,2024-02-12,TOR,SAS,-23.0,0,-0.8297720646234015,-55.162601626016254,0.09999999999999998
0022300782,2023-24,2024-02-14,TOR,IND,-2.0,0,-0.6999567048746976,-46.66666666666667,-0.2
0022300795,2023-24,2024-02-22,TOR,BKN,28.0,1,-0.5944991676482975,-5.711382113821139,-0.10000000000000003
0022300844,2023-24,2024-02-28,TOR,DAL,-11.0,0,-0.5824222430407296,-37.05284552845528,-0.19999999999999996
0022300860,2023-24,2024-03-01,TOR,GSW,-15.0,0,-1.2190886762442474,-77.3170731707317,-0.30000000000000004
0022300875,2023-24,2024-03-03,TOR,CHA,5.0,1,-0.5923166304714733,-39.1260162601626,0.0
0022300890,2023-24,2024-03-05,TOR,NOP,-41.0,0,-0.26293371506547114,-16.097560975609756,-0.09999999999999998
0022300963,2023-24,2024-03-15,TOR,ORL,-10.0,0,0.008100563418130383,0.4268292682926855,-0.39999999999999997
0022300999,2023-24,2024-03-20,TOR,SAC,-34.0,0,-1.1206297917008556,-74.59349593495935,-0.5
0022301012,2023-24,2024-03-22,TOR,OKC,-20.0,0,-0.7241863192826765,-45.89430894308943,-0.6
0022301036,2023-24,2024-03-25,TOR,BKN,-8.0,0,-0.35447815889994505,-22.642276422764226,-0.2
0022301053,2023-24,2024-03-27,TOR,NYK,-44.0,0,-0.47632624479165225,-31.869918699186993,-0.7
0022301080,2023-24,2024-03-31,TOR,PHI,-15.0,0,-1.0325939558368074,-54.53252032520325,-0.3
0022301094,2023-24,2024-04-02,TOR,LAL,-17.0,0,-1.1827078714336885,-74.67479674796748,-0.7
0022301137,2023-24,2024-04-07,TOR,WAS,8.0,1,0.08363653735381636,4.715447154471541,-0.30000000000000004
0022301146,2023-24,2024-04-09,TOR,IND,-17.0,0,-0.45014525144844736,-30.04065040650406,-0.49999999999999994
0022300023,2023-24,2023-11-14,UTA,POR,16.0,1,-0.5946968443661513,-18.45528455284554,-0.033333333333333326
0022300035,2023-24,2023-11-17,UTA,PHX,-3.0,0,-1.5400415884127638,-74.5528455284553,0.0
0022300214,2023-24,2023-11-19,UTA,PHX,-3.0,0,-0.2352728969751044,-6.117886178861788,-0.2
0022300243,2023-24,2023-11-25,UTA,NOP,5.0,1,-0.7419960573993675,-9.22764227642277,-0.3
0022300256,2023-24,2023-11-27,UTA,NOP,2.0,1,-0.3529093454626566,-25.000000000000004,-0.2
0022300289,2023-24,2023-12-02,UTA,POR,5.0,1,-0.7530648424406882,-5.731707317073173,0.10000000000000003
0022301225,2023-24,2023-12-08,UTA,LAC,-14.0,0,-0.12586312047846138,-3.0487804878048763,-0.39999999999999997
0022300318,2023-24,2023-12-13,UTA,NYK,4.0,1,-0.5977830256631426,-13.902439024390247,-0.3
0022300357,2023-24,2023-12-18,UTA,BKN,17.0,1,-0.5970252961171167,-3.8617886178861767,-0.19999999999999996
0022300439,2023-24,2023-12-30,UTA,MIA,8.0,1,-0.18744289038984563,-3.7398373983739788,-0.09999999999999998
0022300457,2023-24,2024-01-01,UTA,DAL,37.0,1,-1.697379527182253,-75.56910569105692,0.29999999999999993
0022300474,2023-24,2024-01-03,UTA,DET,6.0,1,-1.6085264233645744,-74.8780487804878,0.6
0022300524,2023-24,2024-01-10,UTA,DEN,13.0,1,1.1029441148159356,59.674796747967484,0.0
0022300540,2023-24,2024-01-12,UTA,TOR,32.0,1,-2.009086261175222,-76.50406504065042,0.4
0022300549,2023-24,2024-01-13,UTA,LAL,7.0,1,-1.1487138425827046,-54.8170731707317,0.4
0022300564,2023-24,2024-01-15,UTA,IND,27.0,1,-0.9488346426008927,-61.82926829268294,0.0
0022300581,2023-24,2024-01-18,UTA,OKC,-5.0,0,-1.9283670918673215,-91.30081300813009,0.30000000000000004
0022300686,2023-24,2024-02-01,UTA,PHI,-3.0,0,-0.304423028695074,-1.3617886178861767,-0.09999999999999998
0022300711,2023-24,2024-02-04,UTA,MIL,15.0,1,-2.3099670445187206,-92.5609756097561,-0.19999999999999996
0022300724,2023-24,2024-02-06,UTA,OKC,7.0,1,-1.5010186250969797,-84.22764227642276,-0.4
0022300769,2023-24,2024-02-12,UTA,GSW,-22.0,0,-1.0546805592369188,-45.853658536585364,-0.29999999999999993
0022300788,2023-24,2024-02-14,UTA,LAL,-16.0,0,-1.9283935532149519,-88.45528455284553,-0.29999999999999993
0022300576,2023-24,2024-02-15,UTA,GSW,-3.0,0,-1.6974059885298831,-68.15040650406505,-0.29999999999999993
0022300801,2023-24,2024-02-22,UTA,CHA,-8.0,0,-1.6091386591795278,-65.38617886178861,0.0
0022300825,2023-24,2024-02-25,UTA,SAS,19.0,1,-2.751848692627817,-98.21138211382114,0.1
0022300882,2023-24,2024-03-04,UTA,WAS,12.0,1,0.25197601594457775,1.9512195121951095,0.2
0022300898,2023-24,2024-03-06,UTA,CHI,-2.0,0,-1.33560066669261,-72.35772357723577,-0.3
0022300943,2023-24,2024-03-12,UTA,BOS,-16.0,0,-2.3850515942216863,-86.78861788617887,-0.6000000000000001
0022300966,2023-24,2024-03-15,UTA,ATL,2.0,1,-1.8483878352650183,-92.09349593495934,-0.3
0022300974,2023-24,2024-03-16,UTA,MIN,-19.0,0,-1.3470694603781572,-65.42682926829269,-0.3
0022300987,2023-24,2024-03-18,UTA,MIN,-10.0,0,-0.4705193326025785,-31.38211382113821,-0.3
0022301041,2023-24,2024-03-25,UTA,DAL,-10.0,0,0.4680657141204092,12.723577235772368,-0.49999999999999994
0022301058,2023-24,2024-03-27,UTA,SAS,-7.0,0,-1.3773306858064513,-72.92682926829269,-0.19999999999999998
0022301072,2023-24,2024-03-29,UTA,HOU,-1.0,0,-1.3833557152617972,-72.96747967479675,-0.9
0022301100,2023-24,2024-04-02,UTA,CLE,-16.0,0,0.776619110081656,35.8739837398374,-0.30000000000000004
0022301154,2023-24,2024-04-09,UTA,DEN,-16.0,0,1.1752887884033203,76.78861788617886,-0.7
0022301168,2023-24,2024-04-11,UTA,HOU,3.0,1,-1.4908899748770221,-74.06504065040652,-0.5
0022300009,2023-24,2023-11-10,WAS,CHA,-7.0,0,-0.3529358068102869,-20.203252032520325,0.0
0022300192,2023-24,2023-11-15,WAS,DAL,-13.0,0,-0.9135421652499184,-48.536585365853654,-0.49999999999999994
0022300028,2023-24,2023-11-17,WAS,NYK,-21.0,0,-0.6959855960650818,-46.17886178861788,-0.39999999999999997
0022300219,2023-24,2023-11-20,WAS,MIL,-13.0,0,-1.2032168075793557,-65.71138211382113,-0.6
0022300241,2023-24,2023-11-25,WAS,ATL,-28.0,0,0.8970578361565822,65.36585365853658,-0.4
0022301208,2023-24,2023-12-06,WAS,PHI,-5.0,0,-0.6218056053271438,-12.642276422764226,-0.30000000000000004
0022300311,2023-24,2023-12-13,WAS,NOP,-20.0,0,-0.4580838745850243,-25.93495934959349,-0.5
0022300328,2023-24,2023-12-15,WAS,IND,14.0,1,-1.0486366185645215,-66.95121951219512,-0.5
0022300407,2023-24,2023-12-26,WAS,ORL,-8.0,0,0.18024413689083804,11.666666666666657,-0.2
0022300416,2023-24,2023-12-27,WAS,TOR,-30.0,0,0.3411422198152413,27.09349593495935,0.0
0022300430,2023-24,2023-12-29,WAS,BKN,6.0,1,-0.6493630611084866,-41.17886178861789,-0.09999999999999998
0022300445,2023-24,2023-12-31,WAS,ATL,-4.0,0,-0.22541334076724276,-13.983739837398378,0.0
0022300494,2023-24,2024-01-06,WAS,NYK,-16.0,0,-0.19026497067944373,-13.373983739837406,-0.39999999999999997
0022300508,2023-24,2024-01-08,WAS,OKC,-8.0,0,-0.3771464236061002,-26.788617886178866,-0.49999999999999994
0022300558,2023-24,2024-01-15,WAS,DET,-12.0,0,-0.06478772643614791,-1.9512195121951237,0.1
0022300594,2023-24,2024-01-20,WAS,SAS,-4.0,0,-0.9989777744000767,-58.130081300813,0.0
0022300602,2023-24,2024-01-21,WAS,DEN,-9.0,0,-0.1776061882164384,-11.443089430894311,-0.5
0022300620,2023-24,2024-01-24,WAS,MIN,-11.0,0,-0.9873125685715025,-64.47154471544717,-0.5
0022300628,2023-24,2024-01-25,WAS,UTA,-15.0,0,-0.4547634969471248,-31.15853658536585,-0.5
0022300676,2023-24,2024-01-31,WAS,LAC,-16.0,0,-0.16701550449314687,-10.528455284552862,-0.5
0022300689,2023-24,2024-02-02,WAS,MIA,-8.0,0,-0.495419866918005,-33.45528455284553,0.0
0022300705,2023-24,2024-02-04,WAS,PHX,-28.0,0,-1.1665313900152905,-69.0650406504065,-0.49999999999999994
0022300728,2023-24,2024-02-07,WAS,CLE,-8.0,0,-0.9390301691251909,-48.516260162601625,-0.7
0022300753,2023-24,2024-02-10,WAS,PHI,-6.0,0,-0.054346331120766644,-3.9837398373983675,0.0
0022300820,2023-24,2024-02-25,WAS,CLE,-9.0,0,0.1039226782879362,10.162601626016261,-0.7
0022300834,2023-24,2024-02-27,WAS,GSW,-11.0,0,-1.2241804591483043,-70.77235772357724,-0.8
0022300894,2023-24,2024-03-06,WAS,ORL,-10.0,0,0.03359624537786188,3.4552845528455265,-0.8
0022300910,2023-24,2024-03-08,WAS,CHA,12.0,1,-0.1633268593670988,-4.349593495934959,-0.4
0022300980,2023-24,2024-03-17,WAS,BOS,-26.0,0,0.6694393240365665,45.1219512195122,-0.6000000000000001
0022300992,2023-24,2024-03-19,WAS,HOU,-23.0,0,-0.2211809870920402,-13.739837398373982,-0.49999999999999994
0022301005,2023-24,2024-03-21,WAS,SAC,7.0,1,-0.8283641154593142,-55.04065040650407,-0.49999999999999994
0022301022,2023-24,2024-03-23,WAS,TOR,3.0,1,-0.7107276669717619,-47.88617886178862,0.19999999999999998
0022301050,2023-24,2024-03-27,WAS,BKN,-3.0,0,-0.21656503883378353,-14.918699186991873,0.3
0022301065,2023-24,2024-03-29,WAS,DET,-9.0,0,-0.9503952893918508,-61.991869918699194,0.2
0022301081,2023-24,2024-03-31,WAS,MIA,-12.0,0,-0.26012050859527025,-15.894308943089431,-0.2
0022301095,2023-24,2024-04-02,WAS,MIL,4.0,1,-0.18849606158759094,-12.195121951219516,-0.3
0022301103,2023-24,2024-04-03,WAS,LAL,-5.0,0,-1.0267197332547668,-53.23170731707317,-0.29999999999999993
0022301117,2023-24,2024-04-05,WAS,POR,-6.0,0,-0.7883999196368813,-52.4390243902439,0.30000000000000004
0022301172,2023-24,2024-04-12,WAS,CHI,-2.0,0,-0.7445850100611997,-46.6260162601626,-0.10000000000000003
0022400157,2024-25,2024-11-04,ATL,BOS,-30.0,0,0.1872084699942097,9.674796747967477,-0.42857142857142855
0022400171,2024-25,2024-11-06,ATL,NYK,5.0,1,-1.0253092373914514,-68.47560975609755,-0.125
0022400198,2024-25,2024-11-09,ATL,CHI,-12.0,0,0.1512600413552176,8.536585365853654,0.06666666666666671
0022400012,2024-25,2024-11-15,ATL,WAS,12.0,1,-1.1928249461374447,-66.15853658536585,0.09999999999999998
0022400280,2024-25,2024-11-25,ATL,DAL,-10.0,0,-1.010870077874474,-60.97560975609756,-0.09999999999999998
0022400041,2024-25,2024-11-29,ATL,CLE,16.0,1,-0.11955804667839644,-7.845528455284551,-0.4
0022400315,2024-25,2024-12-02,ATL,NOP,12.0,1,-0.8239245359585597,-49.4308943089431,0.5
0022400334,2024-25,2024-12-06,ATL,LAL,2.0,1,-0.3644130393104372,-21.504065040650417,0.19999999999999996
0022400350,2024-25,2024-12-08,ATL,DEN,-30.0,0,-1.1638743292628582,-72.54065040650406,0.29999999999999993
0022400378,2024-25,2024-12-21,ATL,MEM,-16.0,0,-0.3618144073079842,-27.84552845528456,-0.10000000000000009
0022400395,2024-25,2024-12-23,ATL,MIN,13.0,1,-0.7578736222732647,-48.55691056910568,0.0
0022400413,2024-25,2024-12-26,ATL,CHI,8.0,1,-0.7794604514503842,-36.260162601626014,0.09999999999999998
0022400427,2024-25,2024-12-28,ATL,MIA,10.0,1,-0.7493511560090115,-48.069105691056905,0.0
0022400556,2024-25,2025-01-14,ATL,PHX,5.0,1,-1.6840281724829103,-85.04065040650407,0.0
0022400612,2024-25,2025-01-22,ATL,DET,-10.0,0,-0.677582914176173,-46.91056910569105,-0.19999999999999996
0022400623,2024-25,2025-01-23,ATL,TOR,-3.0,0,-0.13948884771850648,-9.918699186991866,0.0
0022400639,2024-25,2025-01-25,ATL,TOR,-23.0,0,-0.0162416489331646,-6.9105691056910565,0.0
0022400532,2024-25,2025-01-28,ATL,HOU,-4.0,0,-0.0658373405205871,-1.6666666666666572,-0.4
0022400719,2024-25,2025-02-05,ATL,SAS,-1.0,0,-0.49116545000650713,-35.8130081300813,-0.09999999999999998
0022400736,2024-25,2025-02-07,ATL,MIL,5.0,1,-0.7181949984015014,-50.67073170731707,-0.4
0022400790,2024-25,2025-02-20,ATL,ORL,-6.0,0,-0.6297931093306149,-5.223577235772358,0.0
0022400814,2024-25,2025-02-23,ATL,DET,-5.0,0,-1.4187456755393142,-67.92682926829269,-0.29999999999999993
0022400825,2024-25,2025-02-24,ATL,MIA,12.0,1,-1.2600090078148942,-67.39837398373983,0.10000000000000003
0022400851,2024-25,2025-02-28,ATL,OKC,-16.0,0,-0.24493410360049123,-17.804878048780488,-0.30000000000000004
0022400884,2024-25,2025-03-04,ATL,MIL,-6.0,0,0.5133846287865135,36.991869918699194,-0.19999999999999996
0022400899,2024-25,2025-03-06,ATL,IND,6.0,1,-0.5182921440110497,-36.52439024390244,-0.19999999999999996
0022400914,2024-25,2025-03-08,ATL,IND,2.0,1,-0.23911609335679287,-13.78048780487805,-0.19999999999999996
0022400928,2024-25,2025-03-10,ATL,PHI,9.0,1,-0.9369087353082379,-64.45121951219514,0.2
0022400945,2024-25,2025-03-12,ATL,CHA,13.0,1,-0.7875157203765564,-55.752032520325194,0.3
0022400960,2024-25,2025-03-14,ATL,LAC,-23.0,0,-0.9070737670549529,-63.231707317073166,0.09999999999999998
0022401025,2024-25,2025-03-22,ATL,GSW,9.0,1,-1.5313006644066793,-85.24390243902438,-0.30000000000000004
0022401031,2024-25,2025-03-23,ATL,PHI,13.0,1,-1.220353895473458,-66.89024390243902,0.49999999999999994
0022401097,2024-25,2025-04-01,ATL,POR,-14.0,0,-0.2508144843180195,-19.878048780487795,0.19999999999999996
0022401128,2024-25,2025-04-05,ATL,NYK,-16.0,0,0.037696033950372854,1.3414634146341484,-0.19999999999999996
0022401136,2024-25,2025-04-06,ATL,UTA,13.0,1,-0.7261121951406951,-50.8130081300813,0.30000000000000004
0022401186,2024-25,2025-04-13,ATL,ORL,12.0,1,-0.090911637643545,-7.764227642276424,-0.4
0022400136,2024-25,2024-11-01,BKN,CHI,8.0,1,-0.10470378992680365,-7.235772357723583,-0.19999999999999996
0022400151,2024-25,2024-11-03,BKN,DET,-14.0,0,-0.4626270912902705,-30.081300813008127,0.33333333333333337
0022400158,2024-25,2024-11-04,BKN,MEM,2.0,1,0.0015572660542507166,0.7723577235772368,-0.14285714285714285
0022400218,2024-25,2024-11-13,BKN,BOS,-25.0,0,-0.06971476406516552,-3.9024390243902474,-0.19999999999999996
0022400022,2024-25,2024-11-19,BKN,CHA,1.0,1,-0.23878865474803218,-12.479674796747968,0.0
0022400043,2024-25,2024-11-29,BKN,ORL,-23.0,0,0.3669458183273471,27.15447154471544,-0.4
0022400305,2024-25,2024-12-01,BKN,ORL,-8.0,0,-0.23911609335679287,-13.78048780487805,-0.4
0022400320,2024-25,2024-12-04,BKN,IND,9.0,1,-0.3694236092819889,-24.613821138211385,0.0
0022400348,2024-25,2024-12-08,BKN,MIL,-5.0,0,-1.0299981074212312,-54.369918699187,-0.19999999999999996
0022401224,2024-25,2024-12-16,BKN,CLE,-29.0,0,0.1465126153459977,4.918699186991871,-0.29999999999999993
0022400379,2024-25,2024-12-21,BKN,UTA,-11.0,0,-0.3761614269737245,-22.52032520325203,0.2
0022400421,2024-25,2024-12-27,BKN,SAS,-9.0,0,0.3868858116075078,30.325203252032516,-0.10000000000000003
0022400478,2024-25,2025-01-04,BKN,PHI,-29.0,0,-1.2294018813907774,-37.6829268292683,-0.3
0022400495,2024-25,2025-01-06,BKN,IND,-14.0,0,-0.477496740812318,-31.6869918699187,-0.39999999999999997
0022400513,2024-25,2025-01-08,BKN,DET,-15.0,0,-0.4626270912902705,-30.081300813008127,-0.5
0022400606,2024-25,2025-01-21,BKN,NYK,-4.0,0,0.11556431276278979,9.105691056910565,-0.2
0022400613,2024-25,2025-01-22,BKN,PHX,-24.0,0,-0.66140611654572,-47.07317073170731,-0.5
0022400636,2024-25,2025-01-25,BKN,MIA,-9.0,0,-1.0961570579223006,-71.6260162601626,-0.30000000000000004
0022400651,2024-25,2025-01-27,BKN,SAC,-14.0,0,-0.4701551529579999,-30.91463414634147,-0.6
0022400711,2024-25,2025-02-04,BKN,HOU,2.0,1,-0.4938057354721036,-33.922764227642276,-0.2
0022400720,2024-25,2025-02-05,BKN,WAS,-17.0,0,-0.6590231947869765,-41.788617886178855,0.09999999999999998
0022400737,2024-25,2025-02-07,BKN,MIA,16.0,1,-0.7308454073101107,-52.29674796747967,-0.2
0022400758,2024-25,2025-02-10,BKN,CHA,8.0,1,-1.1230094091365477,-74.5528455284553,0.2
0022400772,2024-25,2025-02-12,BKN,PHI,4.0,1,-0.8654578472824901,-57.09349593495935,0.09999999999999998
0022400791,2024-25,2025-02-20,BKN,CLE,-13.0,0,-0.573144112094471,-5.142276422764227,-0.20000000000000007
0022400840,2024-25,2025-02-26,BKN,OKC,-8.0,0,-0.4380313241970463,-33.414634146341456,-0.10000000000000009
0022400853,2024-25,2025-02-28,BKN,POR,-19.0,0,-0.6572163704644767,-46.76829268292682,0.0
0022400901,2024-25,2025-03-06,BKN,GSW,-2.0,0,-0.08323858241219237,-4.796747967479675,-0.4
0022400930,2024-25,2025-03-10,BKN,LAL,3.0,1,-0.1888247815015633,-15.46747967479675,-0.6000000000000001
0022400968,2024-25,2025-03-15,BKN,BOS,-2.0,0,-0.3140786409842352,-22.134146341463413,-0.6
0022400978,2024-25,2025-03-16,BKN,ATL,8.0,1,0.0083246880113595,1.1382113821138233,-0.5
0022401040,2024-25,2025-03-24,BKN,DAL,-19.0,0,0.11289170734977381,9.024390243902445,0.0
0022401054,2024-25,2025-03-26,BKN,TOR,-30.0,0,-0.5376583237860801,-37.581300813008134,-0.3
0022401068,2024-25,2025-03-28,BKN,LAC,-32.0,0,-0.1277226618559752,-10.711382113821138,-0.6000000000000001
0022401113,2024-25,2025-04-03,BKN,MIN,-15.0,0,-0.740408765408535,-48.25203252032521,-0.39999999999999997
0022401134,2024-25,2025-04-06,BKN,TOR,-11.0,0,-0.9384263843593038,-45.487804878048784,-0.10000000000000003
0022401150,2024-25,2025-04-08,BKN,NOP,5.0,1,-0.9602833433560658,-64.45121951219511,-0.09999999999999998
0022401169,2024-25,2025-04-10,BKN,ATL,-24.0,0,-0.8391957994198724,-55.142276422764226,-0.10000000000000003
0022401188,2024-25,2025-04-13,BKN,NYK,-8.0,0,0.3724375605483661,29.288617886178862,-0.2
0022400172,2024-25,2024-11-06,BOS,GSW,-6.0,0,-0.0912011888773556,-5.528455284552855,0.017857142857142905
0022400187,2024-25,2024-11-08,BOS,BKN,4.0,1,0.07856940626514958,7.865853658536585,0.2777777777777778
0022400001,2024-25,2024-11-12,BOS,ATL,-1.0,0,0.3682193347573274,28.292682926829272,0.5
0022400230,2024-25,2024-11-16,BOS,TOR,3.0,1,-0.7021851646938595,-44.65447154471545,0.6
0022400021,2024-25,2024-11-19,BOS,CLE,3.0,1,-0.9624869502979981,-47.64227642276423,-0.30000000000000004
0022400271,2024-25,2024-11-24,BOS,MIN,2.0,1,0.2497131275703633,18.65853658536585,0.30000000000000004
0022400281,2024-25,2024-11-25,BOS,LAC,32.0,1,-0.5528707433714818,-40.32520325203251,0.10000000000000009
0022400316,2024-25,2024-12-02,BOS,MIA,19.0,1,-0.6721846325036211,-43.08943089430895,0.20000000000000007
0022400319,2024-25,2024-12-04,BOS,DET,10.0,1,-0.7451810272016307,-54.12601626016261,0.4
0022400335,2024-25,2024-12-06,BOS,MIL,6.0,1,-0.7140264140955778,-50.14227642276423,0.09999999999999998
0022400345,2024-25,2024-12-07,BOS,MEM,-6.0,0,-0.23529387078714492,-18.333333333333336,0.09999999999999998
0022401205,2024-25,2024-12-12,BOS,DET,24.0,1,-0.4910105405508549,-10.203252032520325,0.5
0022400363,2024-25,2024-12-19,BOS,CHI,-9.0,0,-0.4664478968608336,-23.78048780487805,0.30000000000000004
0022400407,2024-25,2024-12-25,BOS,PHI,-4.0,0,-0.047150799247860045,-2.1341463414634063,-0.09999999999999998
0022400420,2024-25,2024-12-27,BOS,IND,37.0,1,-0.759329502120709,-54.979674796747965,0.0
0022400437,2024-25,2024-12-29,BOS,IND,-9.0,0,-0.23911609335679287,-13.78048780487805,0.0
0022400449,2024-25,2024-12-31,BOS,TOR,54.0,1,-0.23364557616637302,-13.475609756097562,0.5
0022400528,2024-25,2025-01-10,BOS,SAC,-17.0,0,-0.36196933795339575,-27.601626016260163,0.09999999999999998
0022400542,2024-25,2025-01-12,BOS,NOP,1.0,1,-0.7757451877951101,-49.451219512195124,0.2
0022400577,2024-25,2025-01-17,BOS,ORL,27.0,1,-0.4966224868623693,-33.211382113821145,0.19999999999999996
0022400587,2024-25,2025-01-18,BOS,ATL,-4.0,0,-0.06958341716372454,-4.30894308943089,0.0
0022400650,2024-25,2025-01-27,BOS,HOU,-2.0,0,0.25915985118925045,20.752032520325194,-0.20000000000000007
0022400666,2024-25,2025-01-29,BOS,CHI,22.0,1,-0.7137240860768371,-50.10162601626016,0.2
0022400728,2024-25,2025-02-06,BOS,DAL,-7.0,0,-0.5619025597946381,-41.0569105691057,0.29999999999999993
0022400769,2024-25,2025-02-12,BOS,SAS,13.0,1,-0.6551161116104285,-42.560975609756106,0.29999999999999993
0022400811,2024-25,2025-02-23,BOS,NYK,13.0,1,-0.7682903469617057,-39.08536585365854,0.10000000000000009
0022400852,2024-25,2025-02-28,BOS,CLE,-7.0,0,0.22321943414484435,12.012195121951219,-0.09999999999999998
0022400866,2024-25,2025-03-02,BOS,DEN,7.0,1,-0.8334430316528796,-58.231707317073166,-0.10000000000000009
0022400891,2024-25,2025-03-05,BOS,POR,10.0,1,-1.5243895100926363,-85.40650406504065,0.19999999999999996
0022400900,2024-25,2025-03-06,BOS,PHI,18.0,1,-0.5770869822850739,-42.804878048780495,0.7000000000000001
0022400918,2024-25,2025-03-08,BOS,LAL,10.0,1,-1.215104433161741,-74.08536585365854,0.0
0022400929,2024-25,2025-03-10,BOS,UTA,6.0,1,-1.062398972312215,-69.41056910569105,0.6000000000000001
0022400946,2024-25,2025-03-12,BOS,OKC,-6.0,0,-0.7426888966064549,-53.92276422764227,0.0
0022400994,2024-25,2025-03-18,BOS,BKN,8.0,1,-0.3899701822623368,-20.020325203252032,0.49999999999999994
0022401106,2024-25,2025-04-02,BOS,MIA,-21.0,0,-0.30503079517369275,-22.47967479674797,0.4
0022401120,2024-25,2025-04-04,BOS,PHX,20.0,1,-0.3402978807664055,-21.402439024390247,0.4
0022401137,2024-25,2025-04-06,BOS,WAS,34.0,1,-0.18165052592564837,-12.21544715447154,0.7
0022401174,2024-25,2025-04-11,BOS,CHA,36.0,1,-0.18991616982317233,-14.044715447154474,0.7000000000000001
0022401187,2024-25,2025-04-13,BOS,CHA,7.0,1,-0.3586741400351893,-23.394308943089435,0.7000000000000001
0022400141,2024-25,2024-11-02,CHA,BOS,-10.0,0,-0.5815485844588175,-37.398373983739845,-0.43333333333333335
0022400169,2024-25,2024-11-06,CHA,DET,1.0,1,0.10627481003967383,9.146341463414643,-0.0892857142857143
0022400184,2024-25,2024-11-08,CHA,IND,20.0,1,-0.2401943175857186,-14.004065040650403,-0.125
0022400229,2024-25,2024-11-16,CHA,MIL,1.0,1,-0.48640282201934903,-36.70731707317073,0.0
0022400260,2024-25,2024-11-21,CHA,DET,2.0,1,0.25868949468943936,19.146341463414636,-0.3
0022400277,2024-25,2024-11-25,CHA,ORL,-11.0,0,0.024412284238927967,2.6422764227642332,-0.4
0022400286,2024-25,2024-11-27,CHA,MIA,-4.0,0,-0.6639672033841212,-47.174796747967484,0.0
0022400040,2024-25,2024-11-29,CHA,NYK,-1.0,0,-1.2561855885174527,-74.61382113821139,-0.3
0022400300,2024-25,2024-11-30,CHA,ATL,-3.0,0,-0.42365292095743723,-31.422764227642276,-0.3
0022400050,2024-25,2024-12-03,CHA,PHI,-6.0,0,-0.3896807969197464,-24.227642276422763,-0.09999999999999998
0022400340,2024-25,2024-12-07,CHA,CLE,-14.0,0,-0.21692455337535738,-16.686991869918707,-0.6
0022401222,2024-25,2024-12-16,CHA,PHI,-13.0,0,0.01363674409635085,0.28455284552845406,-0.4
0022400391,2024-25,2024-12-23,CHA,HOU,-13.0,0,-0.7548718890800157,-59.634146341463406,-0.6
0022400428,2024-25,2024-12-28,CHA,OKC,-12.0,0,-0.12889688810606473,-10.325203252032523,-0.8
0022400442,2024-25,2024-12-30,CHA,CHI,-7.0,0,-0.7240696044391345,-45.9959349593496,-0.4
0022400502,2024-25,2025-01-07,CHA,PHX,11.0,1,-0.7443914892977445,-51.38211382113821,-0.3
0022400599,2024-25,2025-01-20,CHA,DAL,5.0,1,-0.39631628846675726,-25.528455284552855,0.0
0022400630,2024-25,2025-01-24,CHA,POR,-5.0,0,-0.8803687962734117,-47.520325203252035,0.0
0022400637,2024-25,2025-01-25,CHA,NOP,31.0,1,-0.6727819999850512,-47.72357723577237,-0.19999999999999996
0022400648,2024-25,2025-01-27,CHA,LAL,-5.0,0,-1.4654433417547124,-76.97154471544715,-0.09999999999999998
0022400663,2024-25,2025-01-29,CHA,BKN,-21.0,0,-0.3779581560252454,-25.24390243902439,0.4
0022400679,2024-25,2025-01-31,CHA,LAC,-8.0,0,-0.985000286987223,-67.58130081300814,-0.19999999999999996
0022400688,2024-25,2025-02-01,CHA,DEN,-3.0,0,-1.0691070003779728,-59.10569105691057,-0.19999999999999996
0022400700,2024-25,2025-02-03,CHA,WAS,-10.0,0,-0.838388098061445,-58.92276422764228,0.30000000000000004
0022400717,2024-25,2025-02-05,CHA,MIL,-10.0,0,-0.8383646439604413,-58.88211382113821,-0.2
0022400734,2024-25,2025-02-07,CHA,SAS,1.0,1,-0.6627690143142302,-47.09349593495936,-0.09999999999999998
0022400860,2024-25,2025-03-01,CHA,WAS,-13.0,0,0.35551952344933613,26.7479674796748,-0.09999999999999998
0022400875,2024-25,2025-03-03,CHA,GSW,-18.0,0,-0.82999090702118,-57.947154471544714,-0.6
0022400892,2024-25,2025-03-05,CHA,MIN,-15.0,0,-1.212116631390617,-74.0040650406504,-0.30000000000000004
0022400904,2024-25,2025-03-07,CHA,CLE,-1.0,0,-0.4755695999857723,-31.463414634146346,-0.9
0022400912,2024-25,2025-03-08,CHA,BKN,3.0,1,-0.10754602044130507,-8.191056910569102,-0.19999999999999998
0022400993,2024-25,2025-03-18,CHA,ATL,-32.0,0,0.48483934817755797,22.601626016260155,-0.2
0022401010,2024-25,2025-03-20,CHA,NYK,17.0,1,-1.1358543758927668,-71.89024390243901,-0.2
0022401045,2024-25,2025-03-25,CHA,ORL,-7.0,0,-0.3551726995758362,-25.934959349593505,-0.09999999999999998
0022401089,2024-25,2025-03-31,CHA,UTA,4.0,1,0.18246916661982848,11.138211382113823,0.1
0022401118,2024-25,2025-04-04,CHA,SAC,-23.0,0,-0.5884513919643138,-42.398373983739845,-0.09999999999999998
0022401133,2024-25,2025-04-06,CHA,CHI,-14.0,0,-0.7240696044391345,-51.565040650406495,-0.49999999999999994
0022401146,2024-25,2025-04-08,CHA,MEM,-24.0,0,-0.2388267080142025,-13.556910569105689,-0.09999999999999998
0022400160,2024-25,2024-11-04,CHI,UTA,-9.0,0,-0.6410223160593497,-46.09756097560977,0.5
0022400181,2024-25,2024-11-07,CHI,MIN,-16.0,0,0.4939891597894416,35.365853658536594,-0.1964285714285714
0022400212,2024-25,2024-11-11,CHI,CLE,-6.0,0,-0.0865244364770884,-7.113821138211385,-0.6
0022400241,2024-25,2024-11-17,CHI,HOU,-36.0,0,-0.05584685627788298,-4.1869918699187,-0.4
0022400030,2024-25,2024-11-22,CHI,ATL,14.0,1,-1.1906339646069757,-62.31707317073171,-0.2
0022400266,2024-25,2024-11-23,CHI,MEM,-11.0,0,0.24261036145737647,19.30894308943089,-0.19999999999999996
0022400047,2024-25,2024-11-29,CHI,BOS,-9.0,0,0.3667732457204334,27.52032520325203,-0.4
0022400317,2024-25,2024-12-02,CHI,BKN,26.0,1,-1.3497788658009697,-83.73983739837396,0.0
0022400336,2024-25,2024-12-06,CHI,IND,-9.0,0,-0.7370972133942044,-44.83739837398374,0.2
0022400347,2024-25,2024-12-08,CHI,PHI,-8.0,0,-0.804101501744644,-56.28048780487806,0.09999999999999998
0022401212,2024-25,2024-12-13,CHI,CHA,14.0,1,-1.037266411626994,-39.34959349593496,0.2
0022400381,2024-25,2024-12-21,CHI,BOS,-25.0,0,-0.11955804667839645,-10.081300813008134,-0.09999999999999998
0022400398,2024-25,2024-12-23,CHI,MIL,-21.0,0,-0.37116639545711977,-22.60162601626016,-0.19999999999999996
0022400430,2024-25,2024-12-28,CHI,MIL,5.0,1,0.20407434131343194,11.117886178861795,-0.09999999999999998
0022400482,2024-25,2025-01-04,CHI,NYK,13.0,1,-0.6872476953430159,-49.756097560975604,-0.4
0022400498,2024-25,2025-01-06,CHI,SAS,4.0,1,-0.7254263212157864,-46.19918699186991,0.09999999999999998
0022400530,2024-25,2025-01-10,CHI,WAS,33.0,1,-0.4134102744713177,-27.967479674796756,0.3
0022400541,2024-25,2025-01-12,CHI,SAC,-5.0,0,-0.7169961192686654,-50.426829268292686,-0.09999999999999998
0022400557,2024-25,2025-01-14,CHI,NOP,-6.0,0,-1.05942861037069,-69.28861788617886,0.2
0022400563,2024-25,2025-01-15,CHI,ATL,-16.0,0,-0.47192433902531983,-36.829268292682926,-0.09999999999999998
0022400584,2024-25,2025-01-17,CHI,CHA,-2.0,0,-0.7500049986420702,-54.573170731707314,0.3
0022400642,2024-25,2025-01-25,CHI,PHI,-12.0,0,-0.11050351065647135,-3.5772357723577244,0.09999999999999998
0022400655,2024-25,2025-01-27,CHI,DEN,8.0,1,-0.7889243835324107,-50.34552845528455,-0.6000000000000001
0022400714,2024-25,2025-02-04,CHI,MIA,9.0,1,0.3999891699944935,26.260162601626014,-0.10000000000000003
0022400745,2024-25,2025-02-08,CHI,GSW,-21.0,0,-1.222215726379325,-66.54471544715447,0.0
0022400766,2024-25,2025-02-11,CHI,DET,-40.0,0,-1.1416571401434443,-63.130081300813,-0.09999999999999998
0022400775,2024-25,2025-02-12,CHI,DET,-18.0,0,-0.4619905377804211,-27.743902439024396,-0.2
0022400806,2024-25,2025-02-22,CHI,PHX,-4.0,0,-0.052402383482736986,-5.650406504065046,0.09999999999999998
0022400842,2024-25,2025-02-26,CHI,LAC,-5.0,0,-0.4420592917832138,-23.82113821138212,-0.10000000000000003
0022400855,2024-25,2025-02-28,CHI,TOR,10.0,1,-0.7493653673085157,-54.45121951219513,0.0
0022400886,2024-25,2025-03-04,CHI,CLE,-22.0,0,0.07135854512771103,7.5,-0.8
0022400933,2024-25,2025-03-10,CHI,IND,18.0,1,-0.2133805946364548,-13.130081300813018,-0.19999999999999996
0022400956,2024-25,2025-03-13,CHI,BKN,6.0,1,-1.274609799933605,-72.4390243902439,0.3
0022401063,2024-25,2025-03-27,CHI,LAL,2.0,1,-1.0346059389287403,-62.39837398373983,0.4
0022401077,2024-25,2025-03-29,CHI,DAL,-1.0,0,-1.3949058138639758,-83.8821138211382,0.4
0022401099,2024-25,2025-04-01,CHI,TOR,19.0,1,-0.2917866471324275,-18.35365853658537,0.0
0022401122,2024-25,2025-04-04,CHI,POR,5.0,1,-1.7625474778033858,-90.9349593495935,0.0
0022401160,2024-25,2025-04-09,CHI,MIA,8.0,1,-0.02747306669449867,-2.76422764227641,0.0
0022401176,2024-25,2025-04-11,CHI,WAS,30.0,1,-0.7965859259903549,-55.99593495934959,0.49999999999999994
0022400133,2024-25,2024-11-01,CLE,ORL,11.0,1,-0.7922866013938484,-55.87398373983739,0.4
0022400154,2024-25,2024-11-04,CLE,MIL,2.0,1,0.10331639774523181,9.166666666666664,0.8333333333333334
0022400188,2024-25,2024-11-08,CLE,GSW,19.0,1,-0.2245015985042167,-13.861788617886177,0.125
0022400199,2024-25,2024-11-09,CLE,BKN,5.0,1,-0.7063102293736979,-50.1219512195122,0.5555555555555556
0022400013,2024-25,2024-11-15,CLE,CHI,18.0,1,-0.24642580007803086,-19.634146341463413,0.6
0022400236,2024-25,2024-11-17,CLE,CHA,14.0,1,-0.5048349886997313,-35.264227642276424,0.6
0022400252,2024-25,2024-11-20,CLE,NOP,28.0,1,-0.4171023444966269,-18.78048780487805,0.7
0022400275,2024-25,2024-11-24,CLE,TOR,14.0,1,-0.489327003313823,-10.121951219512196,0.6000000000000001
0022400287,2024-25,2024-11-27,CLE,ATL,-11.0,0,-0.9630154757411253,-32.96747967479674,0.5
0022400307,2024-25,2024-12-01,CLE,BOS,4.0,1,-0.44211575233868816,-28.983739837398385,-0.20000000000000007
0022400051,2024-25,2024-12-03,CLE,WAS,31.0,1,-0.29886916189937784,-19.81707317073171,0.7
0022400325,2024-25,2024-12-05,CLE,DEN,12.0,1,-0.7316320967448177,-52.418699186991866,0.19999999999999996
0022401208,2024-25,2024-12-13,CLE,WAS,10.0,1,-0.5509703774445598,-25.365853658536587,0.5
0022400374,2024-25,2024-12-20,CLE,MIL,23.0,1,-0.3430122177572434,-22.03252032520325,-0.10000000000000009
0022400380,2024-25,2024-12-21,CLE,PHI,27.0,1,-0.5611684504376375,-35.24390243902439,0.09999999999999998
0022400392,2024-25,2024-12-23,CLE,UTA,11.0,1,-0.9273757108632887,-60.548780487804876,0.5
0022400488,2024-25,2025-01-05,CLE,CHA,10.0,1,0.361684530225747,26.707317073170735,0.8
0022400509,2024-25,2025-01-08,CLE,OKC,7.0,1,-0.9422970778457657,-46.05691056910569,0.0
0022400517,2024-25,2025-01-09,CLE,TOR,6.0,1,-0.6880362038372719,-48.73983739837398,0.9
0022400543,2024-25,2025-01-12,CLE,IND,-15.0,0,-0.9246184808138231,-44.65447154471545,0.30000000000000004
0022400603,2024-25,2025-01-20,CLE,PHX,26.0,1,-0.16675931527342616,-14.065040650406516,0.20000000000000007
0022400640,2024-25,2025-01-25,CLE,HOU,-4.0,0,0.36559940936084967,28.089430894308933,-0.09999999999999998
0022400649,2024-25,2025-01-27,CLE,DET,19.0,1,-0.7331076788543381,-52.62195121951219,-0.09999999999999998
0022400675,2024-25,2025-01-30,CLE,ATL,22.0,1,0.5284493147938157,37.07317073170732,0.2
0022400696,2024-25,2025-02-02,CLE,DAL,43.0,1,-0.8963404836169571,-59.00406504065041,0.19999999999999996
0022400710,2024-25,2025-02-04,CLE,BOS,-7.0,0,-0.8002845437944304,-56.15853658536586,-0.09999999999999998
0022400755,2024-25,2025-02-10,CLE,MIN,21.0,1,-0.5372849309341603,-37.073170731707314,-0.20000000000000007
0022400797,2024-25,2025-02-21,CLE,NYK,37.0,1,-0.11933463300917249,-7.439024390243908,0.09999999999999998
0022400819,2024-25,2025-02-23,CLE,MEM,6.0,1,-1.075540169956363,-71.80894308943088,0.30000000000000004
0022400867,2024-25,2025-03-02,CLE,POR,4.0,1,-0.6830560192700119,-49.79674796747968,0.30000000000000004
0022400893,2024-25,2025-03-05,CLE,MIA,5.0,1,0.19913296642279568,12.601626016260155,0.6
0022400940,2024-25,2025-03-11,CLE,BKN,5.0,1,-0.28607405786188633,-20.670731707317074,0.8
0022400979,2024-25,2025-03-16,CLE,ORL,-5.0,0,-0.7511942210040601,-45.243902439024396,0.7
0022401059,2024-25,2025-03-27,CLE,SAS,8.0,1,0.569587690176961,28.27235772357723,0.09999999999999998
0022401081,2024-25,2025-03-30,CLE,LAC,5.0,1,-0.3176890117634367,-25.731707317073173,-0.30000000000000004
0022401103,2024-25,2025-04-02,CLE,NYK,19.0,1,-1.1093024283267563,-72.96747967479675,-0.09999999999999998
0022401138,2024-25,2025-04-06,CLE,SAC,-7.0,0,-0.5436252298901838,-38.130081300813,0.3
0022401147,2024-25,2025-04-08,CLE,CHI,22.0,1,-0.35398089979418734,-22.74390243902439,-0.09999999999999998
0022401189,2024-25,2025-04-13,CLE,IND,-8.0,0,0.01758820967422453,1.3414634146341413,0.0
0022400153,2024-25,2024-11-03,DAL,ORL,23.0,1,-1.2328494438974682,-79.91869918699186,0.09999999999999998
0022400165,2024-25,2024-11-04,DAL,IND,-7.0,0,0.10502190187591595,5.203252032520332,0.3333333333333333
0022400176,2024-25,2024-11-06,DAL,CHI,20.0,1,-0.26588654589612637,-15.020325203252035,0.14285714285714285
0022400190,2024-25,2024-11-08,DAL,PHX,-1.0,0,-0.7156768422581115,-50.345528455284544,-0.25
0022400232,2024-25,2024-11-16,DAL,SAS,17.0,1,-0.09703534862685578,-6.341463414634134,-0.09999999999999998
0022400024,2024-25,2024-11-19,DAL,NOP,41.0,1,0.02609298841275806,4.491869918699187,0.2
0022400292,2024-25,2024-11-27,DAL,NYK,15.0,1,-0.2510866840232758,-17.520325203252035,-0.19999999999999996
0022400056,2024-25,2024-12-03,DAL,MEM,5.0,1,0.436906150341763,31.23983739837398,0.10000000000000009
0022400368,2024-25,2024-12-19,DAL,LAC,-23.0,0,-0.3164403280994114,-24.024390243902438,0.30000000000000004
0022400385,2024-25,2024-12-21,DAL,LAC,16.0,1,-0.2391160933567929,-18.048780487804876,0.30000000000000004
0022400401,2024-25,2024-12-23,DAL,POR,24.0,1,-0.5485960907347347,-32.01219512195122,0.6000000000000001
0022400406,2024-25,2024-12-25,DAL,MIN,-6.0,0,-0.8246818508407183,-57.581300813008134,0.20000000000000007
0022400474,2024-25,2025-01-03,DAL,CLE,-12.0,0,-0.4821817106835301,-36.32113821138211,-0.5
0022400504,2024-25,2025-01-07,DAL,LAL,21.0,1,0.020336666466197167,1.8292682926829116,-0.39999999999999997
0022400521,2024-25,2025-01-09,DAL,POR,6.0,1,-1.2877630893347227,-75.0609756097561,-0.09999999999999998
0022400540,2024-25,2025-01-12,DAL,DEN,-11.0,0,-0.9712648814795806,-62.886178861788615,-0.19999999999999996
0022400559,2024-25,2025-01-14,DAL,DEN,-19.0,0,-0.4619905377804212,-24.91869918699187,-0.39999999999999997
0022400583,2024-25,2025-01-17,DAL,OKC,8.0,1,-0.2652090817695509,-20.44715447154472,-0.7
0022400614,2024-25,2025-01-22,DAL,MIN,-1.0,0,-0.22712864944627043,-17.5609756097561,-0.2
0022400635,2024-25,2025-01-25,DAL,BOS,-15.0,0,-1.0554719920526012,-56.52439024390243,-0.09999999999999998
0022400657,2024-25,2025-01-27,DAL,WAS,22.0,1,-1.3134670756500935,-75.58943089430895,0.4
0022400741,2024-25,2025-02-08,DAL,HOU,11.0,1,-0.1499779802263692,-11.17886178861788,0.0
0022400762,2024-25,2025-02-10,DAL,SAC,-1.0,0,-1.0370347002157119,-68.84146341463415,0.09999999999999998
0022400782,2024-25,2025-02-12,DAL,GSW,4.0,1,-0.9703678511411202,-66.48373983739836,-0.09999999999999998
0022400786,2024-25,2025-02-13,DAL,MIA,5.0,1,-0.5339157132228072,-39.26829268292683,0.09999999999999998
0022400803,2024-25,2025-02-21,DAL,NOP,8.0,1,-0.5391187670371964,-4.979674796747967,0.5
0022400847,2024-25,2025-02-27,DAL,CHA,7.0,1,-1.1259500220480592,-17.195121951219505,0.3
0022400865,2024-25,2025-03-01,DAL,MIL,-15.0,0,-0.49213566442753465,-33.02845528455285,-0.09999999999999998
0022400880,2024-25,2025-03-03,DAL,SAC,-24.0,0,-0.5106030168390777,-35.91463414634146,0.0
0022400906,2024-25,2025-03-07,DAL,MEM,-11.0,0,-0.11082437439582458,-7.784552845528452,0.10000000000000003
0022400921,2024-25,2025-03-09,DAL,PHX,-9.0,0,-0.5975363481504083,-41.849593495934954,0.10000000000000003
0022400976,2024-25,2025-03-16,DAL,PHI,-5.0,0,-0.4330990222177218,-31.56504065040651,0.0
0022401019,2024-25,2025-03-21,DAL,DET,6.0,1,-0.6794294653219796,-44.83739837398373,-0.5
0022401095,2024-25,2025-03-31,DAL,BKN,-4.0,0,-0.5517154332752084,-39.34959349593496,0.3
0022401109,2024-25,2025-04-02,DAL,ATL,2.0,1,-0.9755359397462622,-66.9308943089431,-0.09999999999999998
0022401159,2024-25,2025-04-09,DAL,LAL,-15.0,0,-0.7440720557714332,-45.365853658536594,0.0
0022401178,2024-25,2025-04-11,DAL,TOR,22.0,1,-0.7650755170063189,-48.963414634146346,-0.09999999999999998
0022400148,2024-25,2024-11-02,DEN,UTA,26.0,1,1.0432344633853436,33.658536585365866,0.4
0022400166,2024-25,2024-11-04,DEN,TOR,2.0,1,-1.8753128122397131,-79.0040650406504,0.2142857142857143
0022400177,2024-25,2024-11-06,DEN,OKC,2.0,1,-1.4263553897234154,-76.72764227642276,-0.4285714285714286
0022400194,2024-25,2024-11-08,DEN,MIA,13.0,1,-1.352788078296385,-76.239837398374,0.19642857142857145
0022400208,2024-25,2024-11-10,DEN,DAL,2.0,1,-1.5834049540544972,-77.6219512195122,0.11111111111111105
0022400033,2024-25,2024-11-22,DEN,DAL,-3.0,0,-0.29986550118063193,-7.317073170731703,0.19999999999999996
0022400283,2024-25,2024-11-25,DEN,NYK,-27.0,0,0.876361679746758,31.504065040650403,0.09999999999999998
0022400058,2024-25,2024-12-03,DEN,GSW,4.0,1,0.45386049993573047,14.105691056910572,0.0
0022401213,2024-25,2024-12-13,DEN,LAC,22.0,1,-1.4329200449029433,-81.44308943089432,-0.09999999999999998
0022400402,2024-25,2024-12-23,DEN,PHX,27.0,1,0.6072614446028374,9.634146341463406,0.19999999999999996
0022400424,2024-25,2024-12-27,DEN,CLE,-14.0,0,-0.18868296550174168,-3.8414634146341484,-0.30000000000000004
0022400432,2024-25,2024-12-28,DEN,DET,13.0,1,-1.315189639508128,-45.08130081300812,0.0
0022400461,2024-25,2025-01-01,DEN,ATL,19.0,1,-1.224573780467157,-43.78048780487805,0.09999999999999998
0022400475,2024-25,2025-01-03,DEN,SAS,-3.0,0,-1.0593148035849016,-69.2479674796748,0.09999999999999998
0022400507,2024-25,2025-01-07,DEN,BOS,-12.0,0,-0.6223983284284712,-6.260162601626007,0.09999999999999998
0022400515,2024-25,2025-01-08,DEN,LAC,23.0,1,-1.3609692751196643,-60.7520325203252,0.0
0022400531,2024-25,2025-01-10,DEN,BKN,19.0,1,-1.9254645979519998,-79.08536585365854,0.39999999999999997
0022400568,2024-25,2025-01-15,DEN,HOU,-20.0,0,0.28843767477919613,1.6260162601626007,0.10000000000000009
0022400609,2024-25,2025-01-21,DEN,PHI,35.0,1,-0.013176278044068734,-0.04065040650405649,0.49999999999999994
0022400626,2024-25,2025-01-23,DEN,SAC,9.0,1,-1.7202142150644477,-78.35365853658536,-0.09999999999999998
0022400706,2024-25,2025-02-03,DEN,NOP,12.0,1,0.46672100088768176,4.59349593495935,0.19999999999999996
0022400726,2024-25,2025-02-05,DEN,NOP,25.0,1,-0.0162416489331646,-6.9105691056910565,0.29999999999999993
0022400730,2024-25,2025-02-06,DEN,ORL,22.0,1,-2.0475923128724896,-45.77235772357724,0.49999999999999994
0022400763,2024-25,2025-02-10,DEN,POR,29.0,1,-0.5177094257640125,-6.382113821138205,-0.10000000000000009
0022400780,2024-25,2025-02-12,DEN,POR,11.0,1,-0.3586741400351893,-23.394308943089435,0.0
0022400794,2024-25,2025-02-20,DEN,CHA,14.0,1,-2.873535267208822,-99.0040650406504,0.6000000000000001
0022400808,2024-25,2025-02-22,DEN,LAL,-23.0,0,-2.0166388723236714,-92.86585365853658,0.20000000000000007
0022400896,2024-25,2025-03-05,DEN,SAC,6.0,1,-0.17714799351831156,-0.9756097560975547,0.0
0022400909,2024-25,2025-03-07,DEN,PHX,8.0,1,-0.9628178960340483,-64.73577235772358,0.39999999999999997
0022400952,2024-25,2025-03-12,DEN,MIN,-20.0,0,0.28826055902737957,7.032520325203251,0.0
0022400965,2024-25,2025-03-14,DEN,LAL,5.0,1,-2.194279442798071,-79.32926829268294,-0.19999999999999996
0022400975,2024-25,2025-03-15,DEN,WAS,-3.0,0,-1.7872759732281949,-45.73170731707318,0.09999999999999998
0022401042,2024-25,2025-03-24,DEN,CHI,-10.0,0,-0.4098446967856926,-0.5284552845528481,-0.19999999999999996
0022401057,2024-25,2025-03-26,DEN,MIL,10.0,1,-1.9334556863946715,-79.1260162601626,0.0
0022401073,2024-25,2025-03-28,DEN,UTA,36.0,1,-0.889855125129349,-62.784552845528445,0.4
0022401102,2024-25,2025-04-01,DEN,MIN,-1.0,0,-1.7822354996091483,-91.95121951219512,-0.19999999999999996
0022401110,2024-25,2025-04-02,DEN,SAS,-7.0,0,-1.9983502724397268,-71.34146341463415,0.09999999999999998
0022401142,2024-25,2025-04-06,DEN,IND,-5.0,0,-0.2141069632997754,-1.1788617886178798,-0.4
0022401180,2024-25,2025-04-11,DEN,MEM,8.0,1,-0.5661400467577195,-3.1300813008130035,0.0
0022400156,2024-25,2024-11-04,DET,LAL,12.0,1,0.36941638851125846,28.41463414634147,-0.38095238095238093
0022400185,2024-25,2024-11-08,DET,ATL,1.0,1,-0.12812682740257667,-9.390243902439032,-0.1111111111111111
0022400201,2024-25,2024-11-10,DET,HOU,-2.0,0,-0.8367197512494624,-58.51626016260163,-0.15555555555555556
0022400002,2024-25,2024-11-12,DET,MIA,2.0,1,-1.0491925854615407,-68.96341463414635,-0.0444444444444444
0022400244,2024-25,2024-11-18,DET,CHI,-10.0,0,0.00839591368177428,0.3658536585365795,0.3
0022400278,2024-25,2024-11-25,DET,TOR,2.0,1,-0.29554379954876364,-23.617886178861795,0.2
0022400301,2024-25,2024-11-30,DET,PHI,-15.0,0,0.5085022634985844,31.38211382113821,0.3
0022400052,2024-25,2024-12-03,DET,MIL,-21.0,0,-0.2052975236843756,-6.2195121951219505,-0.4
0022401221,2024-25,2024-12-16,DET,MIA,1.0,1,-0.15473928726173813,-5.081300813008132,-0.39999999999999997
0022400360,2024-25,2024-12-19,DET,UTA,-7.0,0,-1.635813752753194,-82.27642276422765,0.2
0022400455,2024-25,2025-01-01,DET,ORL,9.0,1,0.017966202071503026,0.8130081300813004,0.09999999999999998
0022400469,2024-25,2025-01-03,DET,CHA,4.0,1,-0.19456752866329646,-4.044715447154472,0.5
0022400479,2024-25,2025-01-04,DET,MIN,14.0,1,-0.6429807542660392,-40.32520325203252,0.19999999999999996
0022400493,2024-25,2025-01-06,DET,POR,3.0,1,-0.6672880614647967,-47.25609756097561,0.29999999999999993
0022400518,2024-25,2025-01-09,DET,GSW,-3.0,0,-0.37119011567495463,-10.77235772357723,0.4
0022400534,2024-25,2025-01-11,DET,TOR,9.0,1,-0.6161831200616283,-43.96341463414635,0.7000000000000001
0022400572,2024-25,2025-01-16,DET,IND,-11.0,0,-0.4717907486748589,-35.0,0.10000000000000009
0022400586,2024-25,2025-01-18,DET,PHX,-4.0,0,-1.0166587673492629,-67.09349593495935,0.19999999999999996
0022400680,2024-25,2025-01-31,DET,DAL,15.0,1,-0.6440049775088877,-44.79674796747967,0.0
0022400695,2024-25,2025-02-02,DET,CHI,8.0,1,-0.7231636024543646,-51.44308943089431,0.2
0022400701,2024-25,2025-02-03,DET,ATL,-2.0,0,-0.39540926404899135,-30.162601626016254,0.3
0022400718,2024-25,2025-02-05,DET,CLE,-3.0,0,-0.6474791622887759,-46.21951219512194,-0.19999999999999996
0022400738,2024-25,2025-02-07,DET,PHI,13.0,1,-0.5623437116906671,-38.88211382113821,-0.09999999999999998
0022400752,2024-25,2025-02-09,DET,CHA,10.0,1,-0.4649796642472368,-30.34552845528455,0.3
0022400821,2024-25,2025-02-24,DET,LAC,9.0,1,-0.4313890480183075,-31.382113821138205,0.30000000000000004
0022400836,2024-25,2025-02-26,DET,BOS,20.0,1,-0.8740176913599086,-62.13414634146341,-0.09999999999999998
0022400850,2024-25,2025-02-28,DET,DEN,-15.0,0,-1.1605746414723654,-72.3780487804878,0.0
0022400861,2024-25,2025-03-01,DET,BKN,21.0,1,-0.34512292430727876,-25.24390243902439,0.30000000000000004
0022400941,2024-25,2025-03-11,DET,WAS,20.0,1,0.18997292423756518,5.325203252032523,0.29999999999999993
0022400954,2024-25,2025-03-13,DET,WAS,-4.0,0,-0.4782321867135857,-31.890243902439018,0.29999999999999993
0022400969,2024-25,2025-03-15,DET,OKC,-6.0,0,-0.4317213871456299,-27.90650406504065,-0.20000000000000007
0022401029,2024-25,2025-03-23,DET,NOP,6.0,1,-0.2955097949704363,-18.536585365853668,0.3
0022401046,2024-25,2025-03-25,DET,SAS,26.0,1,-0.6036055557759682,-42.703252032520325,0.0
0022401067,2024-25,2025-03-28,DET,CLE,11.0,1,-1.1407657422963444,-63.069105691056905,0.0
0022401129,2024-25,2025-04-05,DET,MEM,-6.0,0,-0.10241316530979627,-7.682926829268297,0.3
0022401144,2024-25,2025-04-07,DET,SAC,-10.0,0,-1.245269395680758,-74.45121951219511,0.3
0022401167,2024-25,2025-04-10,DET,NYK,9.0,1,-0.8381713198711853,-53.333333333333336,-0.19999999999999996
0022401171,2024-25,2025-04-11,DET,MIL,-6.0,0,-0.8739208569552602,-55.08130081300813,-0.09999999999999998
0022400007,2024-25,2024-11-12,GSW,DAL,3.0,1,0.0025532875484465256,0.44715447154470667,0.30000000000000004
0022400019,2024-25,2024-11-15,GSW,MEM,5.0,1,-0.9548848459866158,-46.6260162601626,0.20000000000000007
0022400258,2024-25,2024-11-20,GSW,ATL,23.0,1,-0.5021154891339417,-33.29268292682926,0.30000000000000004
0022400284,2024-25,2024-11-25,GSW,BKN,-8.0,0,-0.03084298287844678,-2.560975609756099,0.29999999999999993
0022400299,2024-25,2024-11-27,GSW,OKC,-4.0,0,-0.04010098838164228,-7.5,0.0
0022400332,2024-25,2024-12-05,GSW,HOU,6.0,1,0.11372456118653432,10.121951219512198,-0.29999999999999993
0022400338,2024-25,2024-12-06,GSW,MIN,-17.0,0,-0.07199639254620606,-4.5121951219512155,-0.09999999999999998
0022400355,2024-25,2024-12-08,GSW,MIN,8.0,1,-0.3586741400351893,-23.394308943089435,-0.3
0022401228,2024-25,2024-12-15,GSW,DAL,-10.0,0,-0.4728379930239832,-31.99186991869919,-0.5
0022400403,2024-25,2024-12-23,GSW,IND,-6.0,0,-0.02778558801427089,-1.5853658536585442,-0.2
0022400408,2024-25,2024-12-25,GSW,LAL,-2.0,0,-0.44535661704588264,-28.699186991869915,-0.2
0022400431,2024-25,2024-12-28,GSW,PHX,4.0,1,-0.3738189556353485,-24.756097560975604,0.0
0022400446,2024-25,2024-12-30,GSW,CLE,-18.0,0,-0.12252950734102908,-10.508130081300816,-0.6000000000000001
0022400467,2024-25,2025-01-02,GSW,PHI,34.0,1,-1.385348288431969,-85.5081300813008,-0.39999999999999997
0022400485,2024-25,2025-01-04,GSW,MEM,8.0,1,-1.3378105972716567,-82.72357723577235,-0.3
0022400492,2024-25,2025-01-05,GSW,SAC,-30.0,0,-0.09587969496656201,-7.195121951219512,0.0
0022400508,2024-25,2025-01-07,GSW,MIA,-16.0,0,-0.9791364572364674,-67.2560975609756,0.0
0022400589,2024-25,2025-01-18,GSW,WAS,8.0,1,-0.8571196925749912,-51.138211382113816,0.4
0022400604,2024-25,2025-01-20,GSW,BOS,-40.0,0,-1.4399096895844647,-85.26422764227641,-0.09999999999999998
0022400628,2024-25,2025-01-23,GSW,CHI,25.0,1,0.10271703580781559,9.186991869918693,0.0
0022400644,2024-25,2025-01-25,GSW,LAL,-10.0,0,-0.44535661704588264,-28.699186991869915,-0.19999999999999996
0022400661,2024-25,2025-01-28,GSW,UTA,11.0,1,-1.2363676401537183,-80.20325203252034,0.30000000000000004
0022400673,2024-25,2025-01-29,GSW,OKC,7.0,1,0.1761277646707999,7.886178861788618,-0.19999999999999996
0022400685,2024-25,2025-01-31,GSW,PHX,-25.0,0,-0.6999858348323303,-48.88211382113821,-0.19999999999999996
0022400708,2024-25,2025-02-03,GSW,ORL,5.0,1,-1.1017552001813389,-71.9918699186992,0.3
0022400812,2024-25,2025-02-23,GSW,DAL,24.0,1,-0.7174385429309165,-45.8130081300813,0.0
0022400834,2024-25,2025-02-25,GSW,CHA,36.0,1,-1.9193591817304743,-89.369918699187,0.39999999999999997
0022400919,2024-25,2025-03-08,GSW,DET,5.0,1,0.903473530588093,58.292682926829265,0.0
0022400938,2024-25,2025-03-10,GSW,POR,10.0,1,-0.7384250398262531,-53.51626016260163,0.4
0022400957,2024-25,2025-03-13,GSW,SAC,26.0,1,-0.5891662749741305,-26.097560975609753,0.4
0022400974,2024-25,2025-03-15,GSW,NYK,3.0,1,-0.6758329553719581,-40.508130081300806,0.4
0022400990,2024-25,2025-03-17,GSW,DEN,-9.0,0,-0.9420069295174579,-62.01219512195122,0.4
0022401012,2024-25,2025-03-18,GSW,MIL,11.0,1,-0.704941067810007,-49.837398373983746,0.20000000000000007
0022401005,2024-25,2025-03-20,GSW,TOR,3.0,1,-0.5662543712204822,-39.24796747967479,0.20000000000000007
0022401125,2024-25,2025-04-04,GSW,DEN,14.0,1,0.09995266528122525,7.235772357723583,0.29999999999999993
0022401143,2024-25,2025-04-06,GSW,HOU,-10.0,0,-0.9695665204926249,-66.40243902439025,-0.10000000000000009
0022401163,2024-25,2025-04-09,GSW,SAS,-3.0,0,-0.10353225471770605,-5.243902439024382,0.49999999999999994
0022401198,2024-25,2025-04-13,GSW,LAC,-5.0,0,-0.13739501966498252,-10.406504065040643,-0.20000000000000007
0022400144,2024-25,2024-11-02,HOU,GSW,-6.0,0,-0.624578255127691,-40.79268292682926,-0.20000000000000007
0022400161,2024-25,2024-11-04,HOU,NYK,12.0,1,-0.6959608085640417,-42.3780487804878,-0.09999999999999998
0022400173,2024-25,2024-11-06,HOU,SAS,27.0,1,-1.0800538352509865,-69.89837398373984,0.14285714285714285
0022400213,2024-25,2024-11-11,HOU,WAS,15.0,1,-0.12205573032810563,-5.528455284552848,0.35
0022400222,2024-25,2024-11-13,HOU,LAC,8.0,1,-0.5742321469197235,-39.796747967479675,0.09999999999999998
0022400016,2024-25,2024-11-15,HOU,LAC,21.0,1,-0.3586741400351893,-23.394308943089435,0.19999999999999996
0022400254,2024-25,2024-11-20,HOU,IND,17.0,1,-0.47433826008969737,-35.52845528455285,0.19999999999999996
0022400031,2024-25,2024-11-22,HOU,POR,28.0,1,-0.35135770249609516,-22.5,0.4
0022400267,2024-25,2024-11-23,HOU,POR,-6.0,0,-0.13579969561156108,-11.626016260162608,0.4
0022400310,2024-25,2024-12-01,HOU,OKC,3.0,1,-1.1930076293837604,-65.20325203252034,0.10000000000000009
0022401204,2024-25,2024-12-11,HOU,GSW,1.0,1,-0.35820306725238893,-27.662601626016247,0.19999999999999996
0022400365,2024-25,2024-12-19,HOU,NOP,20.0,1,-0.8342023208675751,-28.90243902439024,0.5
0022400422,2024-25,2024-12-27,HOU,MIN,-1.0,0,-0.06073669887885502,-4.674796747967484,0.09999999999999998
0022400439,2024-25,2024-12-29,HOU,MIA,-4.0,0,-1.2132693625160331,-74.04471544715449,0.0
0022400460,2024-25,2025-01-01,HOU,DAL,11.0,1,-1.6012176640762057,-89.8780487804878,0.09999999999999998
0022400471,2024-25,2025-01-03,HOU,BOS,-23.0,0,-1.1158255580179781,-74.0040650406504,0.09999999999999998
0022400491,2024-25,2025-01-05,HOU,LAL,4.0,1,-1.1832430471109925,-77.01219512195121,-0.09999999999999998
0022400551,2024-25,2025-01-13,HOU,MEM,2.0,1,-0.5498013150569646,-35.650406504065046,0.19999999999999996
0022400600,2024-25,2025-01-20,HOU,DET,-11.0,0,0.35135830519509403,25.8130081300813,0.0
0022400615,2024-25,2025-01-22,HOU,CLE,1.0,1,-0.7276395883189344,-51.89024390243903,-0.10000000000000009
0022400689,2024-25,2025-02-01,HOU,BKN,-12.0,0,-0.0012079136797621404,-0.08130081300812719,0.49999999999999994
0022400753,2024-25,2025-02-09,HOU,TOR,7.0,1,0.22320485152279632,16.280487804878057,-0.19999999999999996
0022400779,2024-25,2025-02-12,HOU,PHX,8.0,1,-1.2636282213926548,-81.6260162601626,0.0
0022400784,2024-25,2025-02-13,HOU,GSW,-7.0,0,-1.0214986985053298,-58.08943089430895,-0.09999999999999998
0022400801,2024-25,2025-02-21,HOU,MIN,6.0,1,-0.5029809313320129,-4.857723577235772,-0.3
0022400831,2024-25,2025-02-25,HOU,MIL,3.0,1,-0.3817703539136365,-24.512195121951226,-0.3
0022400844,2024-25,2025-02-26,HOU,SAS,12.0,1,-0.9132243084661625,-56.05691056910568,0.10000000000000003
0022400862,2024-25,2025-03-01,HOU,SAC,-10.0,0,-0.8510280127949483,-40.0,-0.09999999999999998
0022400913,2024-25,2025-03-08,HOU,NOP,29.0,1,-0.11955804667839642,-8.130081300813004,0.0
0022400934,2024-25,2025-03-10,HOU,ORL,13.0,1,-0.6199537400226198,-44.36991869918699,0.09999999999999998
0022400949,2024-25,2025-03-12,HOU,PHX,7.0,1,-0.8213819852509708,-57.25609756097561,0.19999999999999996
0022400961,2024-25,2025-03-14,HOU,DAL,37.0,1,-0.6526790257027175,-46.52439024390244,0.39999999999999997
0022400970,2024-25,2025-03-15,HOU,CHI,3.0,1,-0.0036606626364039108,-1.9512195121951237,0.09999999999999998
0022400985,2024-25,2025-03-17,HOU,PHI,7.0,1,-0.8136786473756844,-56.68699186991871,0.39999999999999997
0022401035,2024-25,2025-03-23,HOU,DEN,-5.0,0,-0.7253087823350441,-32.88617886178862,0.4
0022401049,2024-25,2025-03-25,HOU,ATL,7.0,1,-0.48086668915167186,-32.13414634146341,0.20000000000000007
0022401107,2024-25,2025-04-02,HOU,UTA,38.0,1,-0.11639178289414454,-6.300813008130078,0.7000000000000001
0022401123,2024-25,2025-04-04,HOU,OKC,14.0,1,-0.454674100241327,-29.451219512195124,-0.19999999999999996
0022401193,2024-25,2025-04-13,HOU,DEN,-15.0,0,0.1253198543559169,11.097560975609753,0.09999999999999998
0022400170,2024-25,2024-11-06,IND,ORL,7.0,1,-0.7623451282560723,-45.609756097560975,0.05357142857142855
0022400203,2024-25,2024-11-10,IND,NYK,11.0,1,-0.2673109789222052,-21.50406504065041,-0.05555555555555558
0022400009,2024-25,2024-11-15,IND,MIA,-13.0,0,-0.17093913496915883,-13.13008130081301,0.0
0022400235,2024-25,2024-11-17,IND,MIA,9.0,1,-0.7173482800703787,-45.50813008130082,-0.09999999999999998
0022400272,2024-25,2024-11-24,IND,WAS,12.0,1,0.1839874712970224,14.065040650406502,0.4
0022400279,2024-25,2024-11-25,IND,NOP,4.0,1,-0.2978492104414403,-22.47967479674797,0.30000000000000004
0022400288,2024-25,2024-11-27,IND,POR,7.0,1,-1.232072884704292,-74.41056910569105,0.0
0022400045,2024-25,2024-11-29,IND,DET,-24.0,0,-0.8733987446691029,-62.09349593495936,0.09999999999999998
0022400349,2024-25,2024-12-08,IND,CHA,-4.0,0,-0.19399593972739937,-14.593495934959357,0.30000000000000004
0022401216,2024-25,2024-12-15,IND,NOP,15.0,1,-0.09011490381871773,-3.1300813008130106,0.4
0022400410,2024-25,2024-12-26,IND,OKC,-6.0,0,0.5082238098969081,37.6829268292683,-0.30000000000000004
0022400450,2024-25,2024-12-31,IND,MIL,-8.0,0,0.21986896349448512,15.447154471544714,0.19999999999999996
0022400480,2024-25,2025-01-04,IND,PHX,18.0,1,0.26473559451540785,21.808943089430898,0.39999999999999997
0022400510,2024-25,2025-01-08,IND,CHI,16.0,1,0.0551579418716435,4.796747967479675,0.09999999999999998
0022400525,2024-25,2025-01-10,IND,GSW,12.0,1,-1.0608676191495159,-69.369918699187,0.29999999999999993
0022400554,2024-25,2025-01-14,IND,CLE,-10.0,0,-0.11955804667839644,-7.825203252032516,-0.20000000000000007
0022400588,2024-25,2025-01-18,IND,PHI,13.0,1,0.001172592484035409,0.0406504065040707,0.5
0022400664,2024-25,2025-01-29,IND,DET,14.0,1,0.7059415329593559,27.845528455284565,0.30000000000000004
0022400686,2024-25,2025-02-01,IND,ATL,5.0,1,-1.2786234301318715,-57.64227642276423,0.5
0022400765,2024-25,2025-02-11,IND,NYK,-13.0,0,0.7852569243397761,55.731707317073166,0.0
0022400788,2024-25,2025-02-20,IND,MEM,14.0,1,-0.9929567913474995,-28.231707317073166,-0.09999999999999998
0022400813,2024-25,2025-02-23,IND,LAC,18.0,1,-0.906935997603222,-31.05691056910569,0.19999999999999996
0022400822,2024-25,2025-02-24,IND,DEN,-9.0,0,-0.6736116902485871,-43.211382113821145,-0.20000000000000007
0022400837,2024-25,2025-02-26,IND,TOR,20.0,1,-0.814728209633558,-56.89024390243902,0.3
0022400868,2024-25,2025-03-02,IND,CHI,15.0,1,-0.13896817846484175,-10.304878048780495,0.2
0022400882,2024-25,2025-03-04,IND,HOU,13.0,1,-1.0927982419294913,-70.630081300813,0.09999999999999998
0022400942,2024-25,2025-03-11,IND,MIL,1.0,1,0.1353773449730697,8.943089430894304,-0.19999999999999996
0022400998,2024-25,2025-03-19,IND,DAL,4.0,1,0.3001149677639947,24.34959349593496,0.3
0022401011,2024-25,2025-03-20,IND,BKN,6.0,1,-0.24431310382849203,-19.65447154471544,0.39999999999999997
0022401024,2024-25,2025-03-22,IND,BKN,5.0,1,-0.3586741400351893,-23.394308943089435,0.39999999999999997
0022401037,2024-25,2025-03-24,IND,MIN,16.0,1,-0.1942474636539465,-12.5,-0.20000000000000007
0022401055,2024-25,2025-03-26,IND,LAL,-1.0,0,-0.7240200019808303,-51.50406504065041,0.39999999999999997
0022401090,2024-25,2025-03-31,IND,SAC,2.0,1,-0.14074998899207217,-10.873983739837406,0.39999999999999997
0022401104,2024-25,2025-04-02,IND,CHA,14.0,1,-0.4563689177790174,-29.613821138211385,0.39999999999999997
0022401119,2024-25,2025-04-04,IND,UTA,28.0,1,-0.9740865496877293,-66.8089430894309,0.7000000000000001
0022401148,2024-25,2025-04-08,IND,WAS,6.0,1,0.08686609531807044,4.166666666666671,0.6000000000000001
0022401168,2024-25,2025-04-10,IND,CLE,2.0,1,-0.4429043590222782,-28.536585365853654,0.10000000000000009
0022401172,2024-25,2025-04-11,IND,ORL,-14.0,0,-0.11117537529486521,-8.3739837398374,0.0
0022400150,2024-25,2024-11-02,LAC,OKC,-13.0,0,-0.8909477547751001,-62.82520325203253,-0.6
0022400168,2024-25,2024-11-04,LAC,SAS,9.0,1,-0.9538161118350004,-65.38617886178861,-0.16666666666666669
0022400179,2024-25,2024-11-06,LAC,PHI,12.0,1,-0.5664234894266926,-39.30894308943089,0.26190476190476186
0022400200,2024-25,2024-11-09,LAC,TOR,2.0,1,0.40502457555631965,30.8130081300813,0.33333333333333337
0022400243,2024-25,2024-11-17,LAC,UTA,11.0,1,-0.0009197921540540221,-0.2845528455284523,0.10000000000000003
0022400251,2024-25,2024-11-18,LAC,GSW,3.0,1,0.30091964076620115,24.1869918699187,-0.30000000000000004
0022400259,2024-25,2024-11-20,LAC,ORL,11.0,1,-0.5664234894266926,-39.30894308943089,0.0
0022400034,2024-25,2024-11-22,LAC,SAC,16.0,1,0.03104492350205762,7.174796747967479,0.19999999999999996
0022400314,2024-25,2024-12-01,LAC,DEN,4.0,1,0.5253237717753995,39.14634146341464,0.0
0022400060,2024-25,2024-12-03,LAC,POR,22.0,1,-0.5009775725127633,-34.8170731707317,0.19999999999999996
0022400324,2024-25,2024-12-04,LAC,MIN,-28.0,0,-0.47265693993146063,-36.951219512195124,0.4
0022400356,2024-25,2024-12-08,LAC,HOU,-11.0,0,-0.7018951681821006,-29.674796747967477,0.09999999999999998
0022401226,2024-25,2024-12-16,LAC,UTA,37.0,1,-0.10140459839805299,-1.4227642276422756,0.3
0022400426,2024-25,2024-12-27,LAC,GSW,10.0,1,-0.10715274788216685,-7.154471544715449,0.2
0022400486,2024-25,2025-01-04,LAC,ATL,26.0,1,-0.05015752637105847,-4.349593495934954,0.0
0022400553,2024-25,2025-01-13,LAC,MIA,11.0,1,-1.695370783657546,-86.01626016260164,-0.09999999999999998
0022400571,2024-25,2025-01-15,LAC,BKN,59.0,1,-1.5758127369791493,-87.01219512195122,0.3
0022400596,2024-25,2025-01-19,LAC,LAL,14.0,1,-0.14330833489855724,-4.674796747967484,0.0
0022400611,2024-25,2025-01-20,LAC,CHI,-13.0,0,-0.843410063614788,-54.430894308943095,0.3
0022400620,2024-25,2025-01-22,LAC,BOS,-4.0,0,-0.5823371215037043,-40.508130081300806,-0.09999999999999998
0022400983,2024-25,2025-01-23,LAC,WAS,17.0,1,-0.3425777296002326,-26.504065040650403,0.5
0022400646,2024-25,2025-01-25,LAC,MIL,10.0,1,-0.5271031954572829,-41.42276422764227,-0.20000000000000007
0022400715,2024-25,2025-02-04,LAC,LAL,-25.0,0,-0.24356548131955913,-5.691056910569117,-0.20000000000000007
0022400733,2024-25,2025-02-06,LAC,IND,-7.0,0,-0.7400936658695562,-53.699186991869915,-0.19999999999999996
0022400751,2024-25,2025-02-08,LAC,UTA,20.0,1,-1.0597100694342612,-69.32926829268291,0.2
0022400783,2024-25,2025-02-12,LAC,MEM,14.0,1,-1.3301222050182016,-75.40650406504065,-0.30000000000000004
0022400898,2024-25,2025-03-05,LAC,DET,8.0,1,0.006245694584666284,0.325203252032523,-0.5
0022400911,2024-25,2025-03-07,LAC,NYK,10.0,1,-0.6442859074113205,-45.99593495934959,-0.19999999999999996
0022400927,2024-25,2025-03-09,LAC,SAC,1.0,1,-0.46224165650551097,-29.939024390243908,-0.29999999999999993
0022400538,2024-25,2025-03-16,LAC,CHA,35.0,1,-0.23190882292117898,-5.447154471544721,0.3
0022400997,2024-25,2025-03-18,LAC,CLE,13.0,1,-0.9802234813387392,-67.3780487804878,-0.30000000000000004
0022401023,2024-25,2025-03-21,LAC,MEM,20.0,1,-1.2333802458771248,-70.54878048780488,0.19999999999999996
0022401036,2024-25,2025-03-23,LAC,OKC,-2.0,0,-0.9528025210754514,-63.3130081300813,-0.09999999999999998
0022401111,2024-25,2025-04-02,LAC,NOP,16.0,1,0.5903694207538798,35.6910569105691,0.4
0022401127,2024-25,2025-04-04,LAC,DAL,23.0,1,-0.9552343127503387,-65.54878048780489,0.30000000000000004
0022401132,2024-25,2025-04-05,LAC,DAL,31.0,1,-0.016241648933164612,-1.971544715447159,0.30000000000000004
0022401155,2024-25,2025-04-08,LAC,SAS,5.0,1,-0.8909477547751,-58.41463414634146,0.5
0022401166,2024-25,2025-04-09,LAC,HOU,17.0,1,0.1813615940878047,7.967479674796746,0.0
0022400195,2024-25,2024-11-08,LAL,PHI,10.0,1,0.10868208727197194,8.617886178861795,0.35714285714285715
0022400211,2024-25,2024-11-10,LAL,TOR,20.0,1,-0.9071559939483724,-63.27235772357724,0.35555555555555557
0022400225,2024-25,2024-11-13,LAL,MEM,5.0,1,-0.6439526633684612,-28.3739837398374,0.0
0022400026,2024-25,2024-11-19,LAL,UTA,6.0,1,0.10777357140145634,8.495934959349597,0.3
0022400263,2024-25,2024-11-21,LAL,ORL,-1.0,0,-0.7875979472699759,-55.79268292682928,0.09999999999999998
0022400270,2024-25,2024-11-23,LAL,DEN,-25.0,0,-1.205794131859733,-78.63821138211382,0.09999999999999998
0022400048,2024-25,2024-11-29,LAL,OKC,-8.0,0,0.33172675789915573,23.2520325203252,0.0
0022400358,2024-25,2024-12-08,LAL,POR,9.0,1,0.7789246105684802,49.95934959349592,0.0
0022401220,2024-25,2024-12-15,LAL,MEM,6.0,1,-0.1221626646212311,-10.12195121951219,-0.6000000000000001
0022400404,2024-25,2024-12-23,LAL,DET,-3.0,0,-0.4229037929214805,-27.84552845528455,0.09999999999999998
0022400435,2024-25,2024-12-28,LAL,SAC,10.0,1,-0.38924289826133807,-23.455284552845526,0.09999999999999998
0022400454,2024-25,2024-12-31,LAL,CLE,-12.0,0,-1.266105123700745,-72.19512195121952,-0.30000000000000004
0022400468,2024-25,2025-01-02,LAL,POR,8.0,1,-0.25398248110612454,-18.4349593495935,0.3
0022400477,2024-25,2025-01-03,LAL,ATL,17.0,1,-0.681211509625017,-48.00813008130082,0.19999999999999996
0022400552,2024-25,2025-01-13,LAL,SAS,-24.0,0,-1.192807306043581,-50.28455284552846,0.19999999999999996
0022400570,2024-25,2025-01-15,LAL,MIA,9.0,1,-1.3216088405684812,-77.58130081300813,0.0
0022400585,2024-25,2025-01-17,LAL,BKN,1.0,1,-0.9791763494664567,-65.99593495934958,0.3
0022400610,2024-25,2025-01-21,LAL,WAS,23.0,1,-0.566041896881019,-39.95934959349594,0.5
0022400629,2024-25,2025-01-23,LAL,BOS,21.0,1,-1.0104723916936043,-68.10975609756099,-0.09999999999999998
0022400731,2024-25,2025-02-06,LAL,GSW,8.0,1,-1.148431669418711,-77.76422764227642,0.30000000000000004
0022400742,2024-25,2025-02-08,LAL,IND,7.0,1,-0.8596183027880603,-56.849593495934954,0.10000000000000009
0022400768,2024-25,2025-02-10,LAL,UTA,19.0,1,-0.5171858116860356,-36.40243902439024,0.7
0022400524,2024-25,2025-02-19,LAL,CHA,-3.0,0,-1.5633395870873579,-64.65447154471543,0.7000000000000001
0022400835,2024-25,2025-02-25,LAL,DAL,8.0,1,-0.06031099184101193,-4.8373983739837385,0.30000000000000004
0022400849,2024-25,2025-02-27,LAL,MIN,9.0,1,-1.0245918202744697,-67.33739837398373,0.30000000000000004
0022400859,2024-25,2025-02-28,LAL,LAC,4.0,1,-1.300000998695328,-60.48780487804878,0.4
0022400874,2024-25,2025-03-02,LAL,LAC,6.0,1,-0.8369063267487751,-58.597560975609746,0.4
0022400890,2024-25,2025-03-04,LAL,NOP,21.0,1,-1.0527728544187815,-69.04471544715446,0.30000000000000004
0022400903,2024-25,2025-03-06,LAL,NYK,4.0,1,-1.2493003426115203,-74.4918699186992,0.20000000000000007
0022400977,2024-25,2025-03-16,LAL,PHX,11.0,1,0.14571779849710492,12.439024390243901,0.19999999999999996
0022400537,2024-25,2025-03-17,LAL,SAS,16.0,1,-0.6832790771028477,-48.29268292682927,0.19999999999999996
0022401006,2024-25,2025-03-19,LAL,DEN,12.0,1,-0.38284836143083945,-29.81707317073171,0.0
0022400996,2024-25,2025-03-20,LAL,MIL,-29.0,0,-0.11243622584689912,-9.207317073170735,0.09999999999999998
0022401028,2024-25,2025-03-22,LAL,CHI,-31.0,0,-0.74079521746503,-52.96747967479674,-0.09999999999999998
0022401096,2024-25,2025-03-31,LAL,HOU,6.0,1,-0.10801759223576052,-5.650406504065046,-0.4
0022401117,2024-25,2025-04-03,LAL,GSW,-7.0,0,-2.059377203459583,-94.34959349593497,-0.09999999999999998
0022401126,2024-25,2025-04-04,LAL,NOP,16.0,1,0.09565881499992943,5.040650406504071,0.2
0022401185,2024-25,2025-04-11,LAL,HOU,31.0,1,0.541183453049916,38.78048780487805,-0.09999999999999998
0022400174,2024-25,2024-11-06,MEM,LAL,17.0,1,-0.3073385471654122,-19.14634146341463,-0.0714285714285714
0022400191,2024-25,2024-11-08,MEM,WAS,24.0,1,-0.2575060919250051,-14.735772357723576,0.22222222222222227
0022400238,2024-25,2024-11-17,MEM,DEN,15.0,1,0.5070854042345805,35.81300813008131,-0.19999999999999996
0022400023,2024-25,2024-11-19,MEM,DEN,-12.0,0,-0.13579969561156102,-11.138211382113823,-0.09999999999999998
0022400255,2024-25,2024-11-20,MEM,PHI,6.0,1,-0.5114148212142264,-38.577235772357724,0.5
0022400282,2024-25,2024-11-25,MEM,POR,25.0,1,-0.5209584179983887,-40.08130081300812,0.09999999999999998
0022400293,2024-25,2024-11-27,MEM,DET,20.0,1,-0.9206346861770383,-59.85772357723576,0.19999999999999996
0022400042,2024-25,2024-11-29,MEM,NOP,11.0,1,-0.2773804269011413,-19.166666666666664,0.6
0022400306,2024-25,2024-12-01,MEM,IND,15.0,1,-0.6728334904785409,-47.459349593495936,0.29999999999999993
0022400329,2024-25,2024-12-05,MEM,SAC,5.0,1,-0.6832219712648234,-47.07317073170731,0.39999999999999997
0022401211,2024-25,2024-12-13,MEM,BKN,16.0,1,-0.5424630391327234,-25.12195121951219,0.4
0022400366,2024-25,2024-12-19,MEM,GSW,51.0,1,0.05656193778771419,3.699186991869915,0.6000000000000001
0022400399,2024-25,2024-12-23,MEM,LAC,-4.0,0,-0.14815032146603294,-10.325203252032523,0.30000000000000004
0022400414,2024-25,2024-12-26,MEM,TOR,29.0,1,-0.8849282634220714,-43.00813008130081,0.49999999999999994
0022400499,2024-25,2025-01-06,MEM,DAL,15.0,1,0.9419259960944655,70.40650406504065,0.09999999999999998
0022400520,2024-25,2025-01-09,MEM,HOU,-4.0,0,-1.1407628541949104,-75.89430894308944,-0.09999999999999998
0022400601,2024-25,2025-01-20,MEM,MIN,2.0,1,-0.6184452500447122,-40.975609756097555,0.0
0022400616,2024-25,2025-01-22,MEM,CHA,12.0,1,-0.688391345987788,-41.60569105691057,0.19999999999999996
0022400632,2024-25,2025-01-24,MEM,NOP,13.0,1,-0.006968291317201003,-1.8089430894308922,-0.09999999999999998
0022400643,2024-25,2025-01-25,MEM,UTA,22.0,1,-0.05055347034688622,-3.49593495934959,0.39999999999999997
0022400676,2024-25,2025-01-30,MEM,HOU,1.0,1,-0.6491823858502288,-43.373983739837406,-0.10000000000000009
0022400703,2024-25,2025-02-03,MEM,SAS,19.0,1,-0.07814531115559578,-4.91869918699188,0.5
0022400746,2024-25,2025-02-08,MEM,OKC,-13.0,0,-0.39881653654526045,-30.772357723577237,0.20000000000000007
0022400832,2024-25,2025-02-25,MEM,PHX,3.0,1,-0.6166132269644131,-33.13008130081301,0.39999999999999997
0022400856,2024-25,2025-02-28,MEM,NYK,-1.0,0,-1.0357823523276153,-54.75609756097561,0.0
0022400863,2024-25,2025-03-01,MEM,SAS,-2.0,0,-0.32319308645791406,-24.43089430894308,0.2
0022400878,2024-25,2025-03-03,MEM,ATL,-2.0,0,-0.17262170028880902,-11.930894308943088,0.0
0022400895,2024-25,2025-03-05,MEM,OKC,-17.0,0,-0.455578045903206,-29.57317073170732,-0.5
0022400935,2024-25,2025-03-10,MEM,PHX,2.0,1,-0.3138037304376411,-19.837398373983746,0.0
0022400950,2024-25,2025-03-12,MEM,UTA,7.0,1,-1.2549297006170292,-74.57317073170731,0.3
0022400962,2024-25,2025-03-14,MEM,CLE,-9.0,0,-0.20503425362422315,-12.703252032520325,-0.5
0022400971,2024-25,2025-03-15,MEM,MIA,34.0,1,-0.542710863441374,-35.040650406504064,0.2
0022401078,2024-25,2025-03-29,MEM,LAL,-7.0,0,-0.7081455715398105,-47.195121951219505,0.09999999999999998
0022401093,2024-25,2025-03-31,MEM,BOS,-14.0,0,-0.8510758576171773,-60.18292682926829,-0.5
0022401100,2024-25,2025-04-01,MEM,GSW,-9.0,0,-0.4611056753548405,-35.32520325203252,-0.39999999999999997
0022401170,2024-25,2025-04-10,MEM,MIN,-16.0,0,-0.37943400041550623,-29.756097560975604,-0.19999999999999996
0022401194,2024-25,2025-04-13,MEM,DAL,35.0,1,0.3633341414173019,28.211382113821138,-0.09999999999999998
0022400159,2024-25,2024-11-04,MIA,SAC,-1.0,0,-0.4770791227747482,-35.5691056910569,0.09999999999999998
0022400245,2024-25,2024-11-18,MIA,PHI,17.0,1,0.3847431378764797,31.34146341463415,0.2
0022400273,2024-25,2024-11-24,MIA,DAL,5.0,1,-1.5849965625856857,-80.56910569105692,-0.09999999999999998
0022400036,2024-25,2024-11-26,MIA,MIL,-3.0,0,-0.9097080043393676,-45.54878048780487,-0.19999999999999996
0022400046,2024-25,2024-11-29,MIA,TOR,10.0,1,-0.7038673434702604,-46.21951219512195,0.2
0022400321,2024-25,2024-12-04,MIA,LAL,41.0,1,-0.590202145317338,-41.17886178861789,0.0
0022400346,2024-25,2024-12-07,MIA,PHX,10.0,1,-0.8708999849751202,-56.260162601626014,0.3
0022400351,2024-25,2024-12-08,MIA,CLE,9.0,1,-0.5977271370581333,-44.756097560975604,-0.09999999999999998
0022401206,2024-25,2024-12-12,MIA,TOR,10.0,1,-0.5109317161665912,-23.902439024390247,0.29999999999999993
0022400375,2024-25,2024-12-20,MIA,OKC,-7.0,0,-1.0331965212668888,-64.22764227642276,-0.30000000000000004
0022400396,2024-25,2024-12-23,MIA,BKN,15.0,1,-0.20570082457670527,-10.528455284552845,0.2
0022400457,2024-25,2025-01-01,MIA,NOP,11.0,1,-0.37347026450590853,-28.292682926829265,0.6
0022400463,2024-25,2025-01-02,MIA,IND,-13.0,0,-0.23096031532982647,-17.865853658536587,0.0
0022400481,2024-25,2025-01-04,MIA,UTA,-36.0,0,-0.13094256464945986,-10.914634146341463,0.3
0022400579,2024-25,2025-01-17,MIA,DEN,-20.0,0,0.11804764370306076,3.902439024390233,-0.19999999999999996
0022400592,2024-25,2025-01-19,MIA,SAS,21.0,1,-0.7289905613415625,-52.09349593495936,0.0
0022400607,2024-25,2025-01-21,MIA,POR,-9.0,0,-1.2172864649489419,-74.16666666666666,0.10000000000000003
0022400652,2024-25,2025-01-27,MIA,ORL,6.0,1,-0.03341526878008766,-1.6666666666666643,0.2
0022400667,2024-25,2025-01-29,MIA,CLE,-20.0,0,-0.5044615578004812,-35.22357723577236,0.0
0022400759,2024-25,2025-02-10,MIA,BOS,-18.0,0,-0.5097190581726815,-34.63414634146342,-0.19999999999999996
0022400841,2024-25,2025-02-26,MIA,ATL,22.0,1,-0.11955804667839645,-8.577235772357724,-0.2
0022400854,2024-25,2025-02-28,MIA,IND,5.0,1,-0.5013724509137668,-34.91869918699187,-0.3
0022400869,2024-25,2025-03-02,MIA,NYK,-4.0,0,-0.6117155400181934,-43.43495934959349,-0.29999999999999993
0022400877,2024-25,2025-03-03,MIA,WAS,16.0,1,-0.10444055705056471,-7.886178861788615,0.0
0022400907,2024-25,2025-03-07,MIA,MIN,-2.0,0,-0.21282362593604862,-16.300813008130085,-0.09999999999999998
0022400916,2024-25,2025-03-08,MIA,CHI,-5.0,0,-0.04460895751920291,-3.9227642276422827,0.10000000000000003
0022400931,2024-25,2025-03-10,MIA,CHA,-3.0,0,-0.4781690903797369,-31.808943089430898,0.30000000000000004
0022400948,2024-25,2025-03-12,MIA,LAC,-15.0,0,-1.0937744293987486,-70.67073170731706,-0.10000000000000003
0022400958,2024-25,2025-03-14,MIA,BOS,-12.0,0,-0.5118585229766919,-35.9959349593496,-0.39999999999999997
0022401000,2024-25,2025-03-19,MIA,DET,-3.0,0,-0.4382492425145725,-31.707317073170742,-0.4
0022401015,2024-25,2025-03-21,MIA,HOU,-4.0,0,-0.5378955375267715,-37.64227642276423,-0.7000000000000001
0022401032,2024-25,2025-03-23,MIA,CHA,17.0,1,-0.8520834500228693,-60.50813008130081,-0.4
0022401047,2024-25,2025-03-25,MIA,GSW,26.0,1,-0.10054273443764433,-9.410569105691057,-0.7000000000000001
0022401062,2024-25,2025-03-27,MIA,ATL,10.0,1,-0.8398622115712364,-59.247967479674806,-0.49999999999999994
0022401114,2024-25,2025-04-03,MIA,MEM,-2.0,0,-0.052319325881189455,-3.211382113821145,0.39999999999999997
0022401131,2024-25,2025-04-05,MIA,MIL,-6.0,0,-0.6205190440057017,-44.45121951219512,0.19999999999999996
0022401145,2024-25,2025-04-07,MIA,PHI,12.0,1,-0.5009609973273053,-34.77642276422765,0.6
0022401190,2024-25,2025-04-13,MIA,WAS,-1.0,0,-0.2663794371381567,-19.34959349593496,0.49999999999999994
0022400145,2024-25,2024-11-02,MIL,CLE,-1.0,0,-0.523098015183433,-37.357723577235774,-0.8
0022400182,2024-25,2024-11-07,MIL,UTA,23.0,1,-0.06820622173157087,-2.032520325203251,0.0
0022400202,2024-25,2024-11-10,MIL,BOS,-6.0,0,-0.1299947260519176,-9.08536585365853,-0.5777777777777778
0022400005,2024-25,2024-11-12,MIL,TOR,14.0,1,-1.5221420340982734,-77.2560975609756,0.0
0022400223,2024-25,2024-11-13,MIL,DET,7.0,1,-0.4312173518490626,-30.12195121951219,-0.3
0022400248,2024-25,2024-11-18,MIL,HOU,1.0,1,-0.18432794785738515,-14.918699186991887,-0.5
0022400253,2024-25,2024-11-20,MIL,CHI,16.0,1,-0.9965242873747157,-66.58536585365853,0.10000000000000003
0022400029,2024-25,2024-11-22,MIL,IND,12.0,1,-0.8448820641416528,-59.65447154471544,0.09999999999999998
0022400268,2024-25,2024-11-23,MIL,CHA,6.0,1,-0.4302180781940098,-31.869918699186996,0.19999999999999996
0022400302,2024-25,2024-11-30,MIL,WAS,10.0,1,-0.521761492321431,-30.528455284552848,0.7
0022400323,2024-25,2024-12-04,MIL,ATL,-15.0,0,-0.11930724958274788,-8.617886178861788,0.30000000000000004
0022401201,2024-25,2024-12-10,MIL,ORL,5.0,1,-0.12654445907264983,-8.719512195121936,0.0
0022400382,2024-25,2024-12-21,MIL,WAS,11.0,1,-0.21023658755908295,-15.8130081300813,0.49999999999999994
0022400415,2024-25,2024-12-26,MIL,BKN,-6.0,0,-0.4884712424820037,-38.21138211382114,0.49999999999999994
0022400465,2024-25,2025-01-02,MIL,BKN,-3.0,0,-0.9493354387404466,-54.47154471544716,0.39999999999999997
0022400483,2024-25,2025-01-04,MIL,POR,-3.0,0,-1.163467894063084,-75.79268292682927,0.3
0022400516,2024-25,2025-01-08,MIL,SAS,16.0,1,0.13237629444636967,10.8130081300813,0.0
0022400558,2024-25,2025-01-14,MIL,SAC,15.0,1,0.30321207459043586,22.33739837398374,-0.19999999999999996
0022400564,2024-25,2025-01-15,MIL,ORL,29.0,1,-0.28076467806803174,-21.219512195121943,0.09999999999999998
0022400580,2024-25,2025-01-17,MIL,TOR,18.0,1,-0.7469223204977646,-54.28861788617886,0.3
0022400594,2024-25,2025-01-19,MIL,PHI,14.0,1,-1.0395177840624128,-68.8821138211382,0.49999999999999994
0022400624,2024-25,2025-01-23,MIL,MIA,29.0,1,-1.3409461062510097,-76.82926829268294,0.29999999999999993
0022400699,2024-25,2025-02-02,MIL,MEM,-13.0,0,0.34623572303934746,18.33333333333333,-0.20000000000000007
0022400754,2024-25,2025-02-09,MIL,PHI,8.0,1,-0.19182919929212927,-15.020325203252028,-0.09999999999999998
0022400760,2024-25,2025-02-10,MIL,GSW,-14.0,0,-0.463691937145851,-35.85365853658536,-0.09999999999999998
0022400793,2024-25,2025-02-20,MIL,LAC,6.0,1,-1.1874261037039722,-34.1260162601626,-0.19999999999999996
0022400817,2024-25,2025-02-23,MIL,MIA,7.0,1,-0.19816597974850292,-17.032520325203244,0.09999999999999998
0022400846,2024-25,2025-02-27,MIL,DEN,9.0,1,0.21038885563555973,13.577235772357724,-0.30000000000000004
0022400897,2024-25,2025-03-05,MIL,DAL,30.0,1,0.3253797401672929,23.617886178861795,0.30000000000000004
0022400917,2024-25,2025-03-08,MIL,ORL,-2.0,0,-1.314875529243481,-74.16666666666666,0.5
0022400922,2024-25,2025-03-09,MIL,CLE,-12.0,0,-0.5497761248724062,-40.04065040650406,-0.19999999999999996
0022400955,2024-25,2025-03-13,MIL,LAL,20.0,1,-0.030442495069203823,-1.7479674796747986,-0.20000000000000007
0022400972,2024-25,2025-03-15,MIL,IND,7.0,1,-1.2004007146698106,-73.51626016260161,0.09999999999999998
0022400982,2024-25,2025-03-16,MIL,OKC,-16.0,0,-0.8932078896294838,-55.44715447154471,-0.30000000000000004
0022401070,2024-25,2025-03-28,MIL,NYK,-9.0,0,-0.2166414159068398,-14.837398373983739,-0.09999999999999998
0022401083,2024-25,2025-03-30,MIL,ATL,-21.0,0,-0.5934890395926654,-41.40243902439025,-0.19999999999999996
0022401101,2024-25,2025-04-01,MIL,PHX,10.0,1,-0.9635976456624298,-66.03658536585365,-0.09999999999999998
0022401152,2024-25,2025-04-08,MIL,MIN,7.0,1,-0.18429274936898876,-14.674796747967477,-0.09999999999999998
0022401161,2024-25,2025-04-10,MIL,NOP,25.0,1,-0.9341605835200555,-64.2479674796748,0.3
0022401192,2024-25,2025-04-13,MIL,DET,7.0,1,-0.11955804667839641,-9.30894308943089,0.19999999999999996
0022400162,2024-25,2024-11-04,MIN,CHA,21.0,1,-0.31403000217777766,-25.284552845528452,0.16666666666666669
0022400193,2024-25,2024-11-08,MIN,POR,25.0,1,-0.5268627062527022,-26.7479674796748,0.2916666666666667
0022400206,2024-25,2024-11-10,MIN,MIA,-1.0,0,-0.9426946125049802,-64.73577235772356,0.29166666666666663
0022400234,2024-25,2024-11-17,MIN,PHX,3.0,1,0.15442510960479033,8.536585365853654,-0.19999999999999996
0022400037,2024-25,2024-11-26,MIN,HOU,-6.0,0,0.15842147507442655,12.276422764227647,-0.19999999999999996
0022400294,2024-25,2024-11-27,MIN,SAC,-11.0,0,-0.8435150465108318,-54.47154471544715,0.10000000000000003
0022400044,2024-25,2024-11-29,MIN,LAC,1.0,1,-1.222109328783877,-74.2479674796748,-0.3
0022400318,2024-25,2024-12-02,MIN,LAL,29.0,1,-1.6045012694008864,-90.0,-0.3
0022401210,2024-25,2024-12-13,MIN,LAL,10.0,1,-1.07654774029174,-42.39837398373984,0.2
0022400367,2024-25,2024-12-19,MIN,NYK,-26.0,0,-0.34903683191742785,-26.829268292682922,-0.09999999999999998
0022400383,2024-25,2024-12-21,MIN,GSW,-10.0,0,-0.7036436323855446,-43.23170731707317,0.39999999999999997
0022400441,2024-25,2024-12-29,MIN,SAS,2.0,1,-0.7013313059506012,-37.357723577235774,0.09999999999999998
0022400464,2024-25,2025-01-02,MIN,BOS,-3.0,0,-0.5166711889009258,-38.61788617886179,0.0
0022400500,2024-25,2025-01-06,MIN,LAC,2.0,1,-0.4869537101710517,-27.317073170731717,-0.19999999999999996
0022400535,2024-25,2025-01-11,MIN,MEM,-2.0,0,0.3910019328630969,30.853658536585357,0.09999999999999998
0022400565,2024-25,2025-01-15,MIN,GSW,-1.0,0,-0.4257283408145669,-18.617886178861795,0.19999999999999996
0022400590,2024-25,2025-01-18,MIN,CLE,-7.0,0,0.3013710232265985,17.357723577235774,-0.30000000000000004
0022400634,2024-25,2025-01-25,MIN,DEN,29.0,1,-0.7496335251002166,-56.78861788617887,-0.20000000000000007
0022400656,2024-25,2025-01-27,MIN,ATL,8.0,1,-0.9399399245667043,-61.60569105691056,0.19999999999999996
0022400690,2024-25,2025-02-01,MIN,WAS,-2.0,0,-0.26174872829610296,-19.186991869918693,0.7
0022400704,2024-25,2025-02-03,MIN,SAC,-2.0,0,-0.85618567474475,-61.07723577235772,0.09999999999999998
0022400723,2024-25,2025-02-05,MIN,CHI,19.0,1,-0.7607575538855738,-55.060975609756106,0.19999999999999996
0022400729,2024-25,2025-02-06,MIN,HOU,13.0,1,-0.8397442744162826,-54.227642276422756,0.09999999999999998
0022400747,2024-25,2025-02-08,MIN,POR,16.0,1,-1.107141373485826,-71.19918699186994,-0.20000000000000007
0022400776,2024-25,2025-02-12,MIN,MIL,-2.0,0,0.13429875411233963,11.747967479674806,0.39999999999999997
0022400787,2024-25,2025-02-13,MIN,OKC,15.0,1,-0.7041443302000244,-49.796747967479675,-0.20000000000000007
0022400820,2024-25,2025-02-23,MIN,OKC,-7.0,0,-0.4319774497597559,-27.357723577235774,-0.30000000000000004
0022400887,2024-25,2025-03-04,MIN,PHI,14.0,1,-0.5233378181028057,-28.048780487804876,0.30000000000000004
0022400925,2024-25,2025-03-09,MIN,SAS,17.0,1,-0.2339040389679416,-12.642276422764226,0.3
0022400963,2024-25,2025-03-14,MIN,ORL,7.0,1,-0.925973472158763,-51.26016260162602,0.39999999999999997
0022400981,2024-25,2025-03-16,MIN,UTA,26.0,1,-0.9441189515546095,-62.33739837398373,0.7000000000000001
0022400986,2024-25,2025-03-17,MIN,IND,-2.0,0,-0.44602242750193544,-33.33333333333334,0.30000000000000004
0022401001,2024-25,2025-03-19,MIN,NOP,-4.0,0,-0.658033224585796,-46.808943089430905,0.6000000000000001
0022401016,2024-25,2025-03-21,MIN,NOP,41.0,1,-0.23911609335679287,-13.78048780487805,0.5
0022401071,2024-25,2025-03-28,MIN,PHX,15.0,1,-0.8606788298651746,-61.38211382113822,0.09999999999999998
0022401084,2024-25,2025-03-30,MIN,DET,19.0,1,-0.7331538178011754,-47.01219512195122,0.0
0022401179,2024-25,2025-04-11,MIN,BKN,26.0,1,-0.40651277761467836,-19.024390243902445,0.39999999999999997
0022401195,2024-25,2025-04-13,MIN,UTA,11.0,1,-0.4983700627073529,-34.613821138211385,0.7000000000000001
0022400138,2024-25,2024-11-01,NOP,IND,7.0,1,0.15341154835419402,11.788617886178855,0.0
0022400152,2024-25,2024-11-03,NOP,ATL,-15.0,0,-0.677984713244373,-47.70325203252033,0.16666666666666669
0022400164,2024-25,2024-11-04,NOP,POR,-18.0,0,-0.36233021839147855,-27.23577235772357,0.14285714285714285
0022400175,2024-25,2024-11-06,NOP,CLE,-9.0,0,-0.7180583445141044,-50.63008130081301,-0.625
0022400214,2024-25,2024-11-11,NOP,BKN,-2.0,0,-0.6574643729129716,-44.14634146341463,-0.10000000000000003
0022400017,2024-25,2024-11-15,NOP,DEN,7.0,1,0.11928991253634597,4.207317073170728,-0.6
0022400231,2024-25,2024-11-16,NOP,LAL,-5.0,0,-0.5842123392341352,-43.82113821138212,-0.39999999999999997
0022400032,2024-25,2024-11-22,NOP,GSW,-4.0,0,-0.1562714497759857,-12.682926829268297,-0.7000000000000001
0022400295,2024-25,2024-11-27,NOP,TOR,-26.0,0,-0.5957869794651424,-41.86991869918698,-0.1
0022400330,2024-25,2024-12-05,NOP,PHX,2.0,1,-0.22516977631498625,-16.6260162601626,-0.30000000000000004
0022400342,2024-25,2024-12-07,NOP,OKC,-10.0,0,-0.8471754905558373,-59.81707317073171,-0.6
0022401207,2024-25,2024-12-12,NOP,SAC,-2.0,0,-0.6314598847428721,-41.21951219512195,-0.30000000000000004
0022400384,2024-25,2024-12-21,NOP,NYK,-11.0,0,-0.42051332786084217,-27.276422764227643,-0.6
0022400390,2024-25,2024-12-22,NOP,DEN,-3.0,0,-0.6795516564923385,-43.90243902439025,-0.4
0022400416,2024-25,2024-12-26,NOP,HOU,-17.0,0,-0.9389475213683023,-45.609756097560975,-0.6
0022400423,2024-25,2024-12-27,NOP,MEM,-8.0,0,-0.4472651942303454,-33.45528455284553,-0.6
0022400444,2024-25,2024-12-30,NOP,LAC,-3.0,0,-0.7477128004546484,-31.46341463414634,-0.5
0022400472,2024-25,2025-01-03,NOP,WAS,12.0,1,-0.3613336872276488,-27.398373983739823,-0.3
0022400505,2024-25,2025-01-07,NOP,MIN,-7.0,0,-0.17241969978494237,-13.008130081300806,-0.2
0022400514,2024-25,2025-01-08,NOP,POR,-19.0,0,-0.807176996460305,-52.6829268292683,-0.2
0022400566,2024-25,2025-01-15,NOP,DAL,3.0,1,-0.08687865869504638,-6.097560975609753,0.10000000000000003
0022400581,2024-25,2025-01-17,NOP,UTA,13.0,1,-0.7405776392240753,-53.80081300813007,0.2
0022400605,2024-25,2025-01-20,NOP,UTA,4.0,1,-0.016241648933164488,-0.8130081300813012,0.3
0022400670,2024-25,2025-01-29,NOP,DAL,-1.0,0,0.14994783767401348,13.45528455284554,0.09999999999999998
0022400683,2024-25,2025-01-31,NOP,BOS,-2.0,0,-0.737851886444384,-53.47560975609756,-0.09999999999999998
0022400777,2024-25,2025-02-12,NOP,SAC,-8.0,0,-0.44846274645401896,-29.227642276422763,-0.30000000000000004
0022400785,2024-25,2025-02-13,NOP,SAC,7.0,1,-0.3586741400351893,-28.292682926829272,-0.5
0022400818,2024-25,2025-02-23,NOP,SAS,18.0,1,-0.3489752241327324,-22.195121951219512,-0.30000000000000004
0022400833,2024-25,2025-02-25,NOP,SAS,6.0,1,-0.4619905377804212,-24.91869918699187,-0.09999999999999998
0022400902,2024-25,2025-03-06,NOP,HOU,-12.0,0,-0.09288377430755118,-4.7154471544715335,0.0
0022400923,2024-25,2025-03-09,NOP,MEM,-3.0,0,0.014063948668257942,1.1991869918699223,0.2
0022400943,2024-25,2025-03-11,NOP,LAC,7.0,1,-0.9705872448782766,-66.5650406504065,0.0
0022401141,2024-25,2025-03-13,NOP,ORL,-20.0,0,-0.18670897931536565,-12.296747967479675,0.2
0022400987,2024-25,2025-03-17,NOP,DET,-46.0,0,-0.3738187461317138,-28.943089430894304,-0.2
0022401041,2024-25,2025-03-24,NOP,PHI,13.0,1,-0.6764180013056957,-15.44715447154472,0.0
0022401072,2024-25,2025-03-28,NOP,GSW,-16.0,0,-0.9404840335003575,-45.73170731707317,-0.39999999999999997
0022401085,2024-25,2025-03-30,NOP,CHA,4.0,1,-0.8471754905558374,-55.914634146341456,0.0
0022400617,2024-25,2025-04-06,NOP,MIL,-4.0,0,-0.5828616974559531,-28.617886178861795,-0.2
0022401177,2024-25,2025-04-11,NOP,MIA,-49.0,0,0.035863902303031825,2.886178861788615,-0.49999999999999994
0022401196,2024-25,2025-04-13,NOP,OKC,-15.0,0,-0.9796937325808681,-67.33739837398375,-0.6000000000000001
0022400189,2024-25,2024-11-08,NYK,MIL,22.0,1,-0.8337672949623793,-55.85365853658536,0.17857142857142855
0022400219,2024-25,2024-11-13,NYK,CHI,-1.0,0,-0.18018232638466314,-12.560975609756092,0.09999999999999998
0022400014,2024-25,2024-11-15,NYK,BKN,2.0,1,-0.2310390596012071,-13.3739837398374,0.0
0022400240,2024-25,2024-11-17,NYK,BKN,10.0,1,-0.23911609335679287,-13.78048780487805,0.09999999999999998
0022400246,2024-25,2024-11-18,NYK,WAS,28.0,1,-0.19574556996351478,-14.41056910569106,0.39999999999999997
0022400308,2024-25,2024-12-01,NYK,NOP,33.0,1,-0.4911158241305233,-37.03252032520326,0.6
0022400053,2024-25,2024-12-03,NYK,ORL,15.0,1,-0.4701551529579999,-30.91463414634147,-0.20000000000000007
0022400327,2024-25,2024-12-05,NYK,CHA,24.0,1,-0.4676897298540617,-30.630081300813004,0.6000000000000001
0022400343,2024-25,2024-12-07,NYK,DET,-9.0,0,-0.04284308116929292,-7.581300813008131,0.5
0022401202,2024-25,2024-12-11,NYK,ATL,-8.0,0,0.3332191960822522,27.642276422764223,0.09999999999999998
0022400397,2024-25,2024-12-23,NYK,TOR,14.0,1,-0.09707279731492152,-6.504065040650403,0.6000000000000001
0022400405,2024-25,2024-12-25,NYK,SAS,3.0,1,-0.49319314078858684,-33.150406504065046,0.30000000000000004
0022400458,2024-25,2025-01-01,NYK,UTA,16.0,1,-0.6798609336457266,-47.35772357723577,0.6000000000000001
0022400496,2024-25,2025-01-06,NYK,ORL,-9.0,0,-0.1822624950754881,-14.430894308943081,0.4
0022400511,2024-25,2025-01-08,NYK,TOR,14.0,1,-0.22171959176794112,-12.947154471544714,0.6
0022400529,2024-25,2025-01-10,NYK,OKC,-25.0,0,-0.3500462540016189,-22.418699186991873,-0.20000000000000007
0022400539,2024-25,2025-01-12,NYK,MIL,34.0,1,-0.6165218688919452,-44.044715447154466,0.0
0022400549,2024-25,2025-01-13,NYK,DET,-5.0,0,-0.19197677126266816,-12.926829268292678,-0.20000000000000007
0022400578,2024-25,2025-01-17,NYK,MIN,-17.0,0,-0.4688202162069891,-36.86991869918699,0.0
0022400602,2024-25,2025-01-20,NYK,ATL,9.0,1,-1.1489742878628266,-63.53658536585367,-0.19999999999999996
0022400641,2024-25,2025-01-25,NYK,SAC,23.0,1,-1.470527859571753,-85.16260162601625,-0.30000000000000004
0022400653,2024-25,2025-01-27,NYK,MEM,37.0,1,-0.9425639050514205,-62.05284552845528,-0.20000000000000007
0022400668,2024-25,2025-01-29,NYK,DEN,10.0,1,-1.1666620471808187,-75.95528455284553,0.0
0022400692,2024-25,2025-02-01,NYK,LAL,-16.0,0,-1.3901387811082973,-79.79674796747967,0.0
0022400702,2024-25,2025-02-03,NYK,HOU,6.0,1,-0.9629651479980832,-64.77642276422763,0.09999999999999998
0022400748,2024-25,2025-02-08,NYK,BOS,-27.0,0,-0.5848222049928609,-36.28048780487805,0.10000000000000009
0022400773,2024-25,2025-02-12,NYK,ATL,1.0,1,-0.33066638469364823,-26.219512195121958,0.4
0022400792,2024-25,2025-02-20,NYK,CHI,2.0,1,-0.7046715094003975,-6.930894308943089,0.5
0022400838,2024-25,2025-02-26,NYK,PHI,5.0,1,-0.34703366187406204,-17.58130081300813,0.5
0022400885,2024-25,2025-03-04,NYK,GSW,-12.0,0,-0.7067903401872615,-44.8780487804878,-0.10000000000000009
0022400984,2024-25,2025-03-17,NYK,MIA,21.0,1,0.03652291374566263,3.028455284552834,0.3
0022401026,2024-25,2025-03-22,NYK,WAS,19.0,1,-0.34090046679541813,-26.016260162601633,0.0
0022401048,2024-25,2025-03-25,NYK,DAL,15.0,1,-0.8914213774474842,-58.47560975609756,0.10000000000000003
0022401056,2024-25,2025-03-26,NYK,LAC,-13.0,0,-0.44858476586985296,-33.78048780487805,-0.30000000000000004
0022401082,2024-25,2025-03-30,NYK,POR,17.0,1,-0.25365449126618034,-18.292682926829265,0.19999999999999996
0022401098,2024-25,2025-04-01,NYK,PHI,14.0,1,-0.37363509411019036,-24.796747967479675,0.5
0022401140,2024-25,2025-04-06,NYK,PHX,14.0,1,0.20314419891240357,17.723577235772353,0.19999999999999996
0022401151,2024-25,2025-04-08,NYK,BOS,-2.0,0,-0.41657161449846514,-27.235772357723576,-0.20000000000000007
0022401175,2024-25,2025-04-11,NYK,CLE,-6.0,0,-0.03128662848133379,-3.333333333333343,-0.09999999999999998
0022400163,2024-25,2024-11-04,OKC,ORL,16.0,1,-0.14990086969352012,-4.390243902439025,0.5714285714285714
0022400192,2024-25,2024-11-08,OKC,HOU,19.0,1,-0.10108186814773054,-7.987804878048792,0.25
0022400207,2024-25,2024-11-10,OKC,GSW,-11.0,0,-1.299370637087089,-75.22357723577235,0.11111111111111105
0022400215,2024-25,2024-11-11,OKC,LAC,6.0,1,-0.8858220193942427,-55.28455284552845,0.20000000000000007
0022400221,2024-25,2024-11-13,OKC,NOP,18.0,1,-0.47290514976973674,-31.199186991869922,0.6000000000000001
0022400018,2024-25,2024-11-15,OKC,PHX,16.0,1,-1.4155467456847943,-76.6869918699187,0.0
0022400242,2024-25,2024-11-17,OKC,DAL,-2.0,0,-0.8279028379581174,-57.76422764227642,0.4
0022400256,2024-25,2024-11-20,OKC,POR,10.0,1,0.24662357649028424,19.9390243902439,0.09999999999999998
0022400055,2024-25,2024-12-03,OKC,UTA,27.0,1,-0.16552006034223177,-12.012195121951216,0.49999999999999994
0022401203,2024-25,2024-12-10,OKC,DAL,14.0,1,-0.5672226742967437,-37.357723577235774,-0.20000000000000007
0022400400,2024-25,2024-12-23,OKC,WAS,18.0,1,-0.1477543738804129,-11.300813008130085,0.7
0022400440,2024-25,2024-12-29,OKC,MEM,24.0,1,0.13776655982084002,8.252032520325201,0.19999999999999996
0022400452,2024-25,2024-12-31,OKC,MIN,8.0,1,-0.5500955583243263,-38.23170731707317,0.4
0022400466,2024-25,2025-01-02,OKC,LAC,18.0,1,-0.7969099652603747,-56.03658536585366,0.5
0022400473,2024-25,2025-01-03,OKC,NYK,10.0,1,-0.46010833348791297,-31.585365853658537,0.09999999999999998
0022400487,2024-25,2025-01-05,OKC,BOS,13.0,1,-0.9075761322204516,-63.333333333333336,0.4
0022400574,2024-25,2025-01-16,OKC,CLE,20.0,1,0.14019335736718536,9.715447154471548,0.0
0022400595,2024-25,2025-01-19,OKC,BKN,26.0,1,-1.2921066831750596,-50.243902439024396,0.6000000000000001
0022400618,2024-25,2025-01-22,OKC,UTA,9.0,1,-0.98243337871047,-63.94308943089431,0.5
0022400625,2024-25,2025-01-23,OKC,DAL,-6.0,0,-0.557490702374177,-40.71138211382113,0.5
0022400691,2024-25,2025-02-01,OKC,SAC,34.0,1,-0.36590900924309866,-24.71544715447154,0.09999999999999998
0022400705,2024-25,2025-02-03,OKC,MIL,29.0,1,-1.085742064640806,-72.70325203252031,0.09999999999999998
0022400724,2024-25,2025-02-05,OKC,PHX,31.0,1,-1.7597339932088558,-88.43495934959348,0.09999999999999998
0022400739,2024-25,2025-02-07,OKC,TOR,12.0,1,-0.9043281284549194,-63.10975609756098,0.09999999999999998
0022400761,2024-25,2025-02-10,OKC,NOP,36.0,1,-0.8050597824672451,-40.02032520325204,0.6000000000000001
0022400778,2024-25,2025-02-12,OKC,MIA,14.0,1,-0.7313548952699296,-52.33739837398374,0.4
0022400826,2024-25,2025-02-24,OKC,MIN,-3.0,0,-0.11955804667839642,-10.121951219512205,0.5
0022400879,2024-25,2025-03-03,OKC,HOU,9.0,1,0.04018792194546697,2.4796747967479575,0.30000000000000004
0022400908,2024-25,2025-03-07,OKC,POR,18.0,1,-1.1721342405607538,-42.82520325203251,0.30000000000000004
0022400920,2024-25,2025-03-09,OKC,DEN,24.0,1,-0.46406177297069645,-30.304878048780495,0.10000000000000009
0022400936,2024-25,2025-03-10,OKC,DEN,-13.0,0,-0.23911609335679287,-18.638211382113823,0.30000000000000004
0022401002,2024-25,2025-03-19,OKC,PHI,33.0,1,-0.9279652742731792,-70.26422764227642,0.6000000000000001
0022401017,2024-25,2025-03-21,OKC,CHA,35.0,1,-1.072662247370998,-69.65447154471545,0.5
0022401064,2024-25,2025-03-27,OKC,MEM,21.0,1,0.08709281083215337,2.682926829268297,0.30000000000000004
0022401079,2024-25,2025-03-29,OKC,IND,21.0,1,-1.062608533835471,-69.4918699186992,0.09999999999999998
0022401094,2024-25,2025-03-31,OKC,CHI,28.0,1,-0.37082356638061853,-24.451219512195124,0.20000000000000007
0022401108,2024-25,2025-04-02,OKC,DET,16.0,1,-0.176367024995154,-12.09349593495935,0.4
0022401135,2024-25,2025-04-06,OKC,LAL,-27.0,0,-0.5833471132935957,-33.67886178861789,0.4
0022401153,2024-25,2025-04-08,OKC,LAL,16.0,1,-0.23911609335679287,-13.78048780487805,0.30000000000000004
0022400186,2024-25,2024-11-08,ORL,NOP,27.0,1,-0.3387732232028149,-25.487804878048784,0.0
0022400204,2024-25,2024-11-10,ORL,WAS,27.0,1,-0.5990760035812668,-42.17479674796748,0.11428571428571432
0022400003,2024-25,2024-11-12,ORL,CHA,25.0,1,-0.622872802662437,-44.613821138211385,0.0
0022400217,2024-25,2024-11-13,ORL,IND,4.0,1,0.2737431889528882,23.739837398373986,-0.09999999999999998
0022400010,2024-25,2024-11-15,ORL,PHI,12.0,1,-0.5033147559840406,-35.12195121951219,0.3
0022400265,2024-25,2024-11-23,ORL,DET,11.0,1,0.5070793080712614,30.000000000000007,0.19999999999999996
0022400289,2024-25,2024-11-27,ORL,CHI,14.0,1,-0.5440409475938235,-41.199186991869915,0.4
0022400352,2024-25,2024-12-08,ORL,PHX,5.0,1,-0.5611631594333938,-39.32926829268292,0.39999999999999997
0022401227,2024-25,2024-12-15,ORL,NYK,-9.0,0,-0.7320198016014126,-25.48780487804878,0.09999999999999998
0022400361,2024-25,2024-12-19,ORL,OKC,-6.0,0,-0.8444907814878262,-29.471544715447155,-0.30000000000000004
0022400377,2024-25,2024-12-21,ORL,MIA,7.0,1,-0.7058037753822451,-43.39430894308943,-0.09999999999999998
0022400393,2024-25,2024-12-23,ORL,BOS,4.0,1,-0.8409446871035773,-55.38617886178862,-0.19999999999999996
0022400411,2024-25,2024-12-26,ORL,MIA,-1.0,0,-0.6582660842219328,-28.65853658536586,0.0
0022400419,2024-25,2024-12-27,ORL,NYK,-23.0,0,-0.2387332215938438,-18.49593495934959,-0.4
0022400436,2024-25,2024-12-29,ORL,BKN,1.0,1,-0.5089448432820831,-35.50813008130081,0.10000000000000003
0022400490,2024-25,2025-01-05,ORL,UTA,-13.0,0,-0.7848022473169738,-53.231707317073166,0.10000000000000003
0022400519,2024-25,2025-01-09,ORL,MIN,-15.0,0,-0.7095535749259883,-47.56097560975609,0.0
0022400526,2024-25,2025-01-10,ORL,MIL,-3.0,0,-0.45494268743451216,-34.59349593495935,0.0
0022400544,2024-25,2025-01-12,ORL,PHI,5.0,1,-0.5033147559840406,-35.12195121951219,-0.19999999999999996
0022400593,2024-25,2025-01-19,ORL,DEN,-13.0,0,-0.3770443914980215,-26.321138211382113,-0.29999999999999993
0022400622,2024-25,2025-01-23,ORL,POR,-22.0,0,-0.1719576206310087,-12.94715447154472,-0.10000000000000003
0022400638,2024-25,2025-01-25,ORL,DET,8.0,1,-0.1989903656984255,-12.581300813008127,-0.49999999999999994
0022400743,2024-25,2025-02-08,ORL,SAS,1.0,1,-0.24244800949887585,-10.731707317073173,-0.09999999999999998
0022400756,2024-25,2025-02-10,ORL,ATL,-6.0,0,-0.6144965219746525,-43.841463414634156,0.0
0022400770,2024-25,2025-02-12,ORL,CHA,16.0,1,-0.7480609366388761,-54.32926829268293,0.09999999999999998
0022400798,2024-25,2025-02-21,ORL,MEM,-1.0,0,-0.5150268610030052,-35.93495934959349,-0.19999999999999996
0022400815,2024-25,2025-02-23,ORL,WAS,20.0,1,-0.272064030872628,-19.45121951219512,0.10000000000000003
0022400830,2024-25,2025-02-25,ORL,CLE,-40.0,0,-0.4943740127949877,-34.329268292682926,-0.4
0022400845,2024-25,2025-02-27,ORL,GSW,-6.0,0,-1.22772305395173,-74.32926829268294,-0.19999999999999996
0022400870,2024-25,2025-03-02,ORL,TOR,-2.0,0,-1.4537893137895423,-82.76422764227642,0.3
0022400883,2024-25,2025-03-04,ORL,TOR,-1.0,0,-0.701106631137214,-43.028455284552834,0.10000000000000003
0022400944,2024-25,2025-03-06,ORL,CHI,-2.0,0,-0.9442610848488091,-62.3780487804878,0.2
0022400999,2024-25,2025-03-19,ORL,HOU,-8.0,0,-0.6182452061982593,-41.78861788617886,-0.39999999999999997
0022401038,2024-25,2025-03-24,ORL,LAL,12.0,1,-1.3245273094609291,-82.07317073170731,0.0
0022401060,2024-25,2025-03-27,ORL,DAL,-9.0,0,-0.40739374056980754,-32.90650406504064,0.3
0022401074,2024-25,2025-03-29,ORL,SAC,30.0,1,-1.223727392212145,-74.28861788617886,0.3
0022401091,2024-25,2025-03-31,ORL,LAC,-9.0,0,-1.1234602884141174,-71.64634146341464,-0.09999999999999998
0022401149,2024-25,2025-04-08,ORL,ATL,7.0,1,-1.1693218767803981,-48.13008130081301,0.19999999999999996
0022401156,2024-25,2025-04-09,ORL,BOS,20.0,1,-0.8515778482798088,-55.04065040650407,-0.20000000000000007
0022400205,2024-25,2024-11-10,PHI,CHA,2.0,1,0.6326491704528913,40.853658536585364,-0.3194444444444444
0022400004,2024-25,2024-11-12,PHI,NYK,-12.0,0,-0.5917927254318309,-41.32113821138211,-0.2222222222222222
0022400220,2024-25,2024-11-13,PHI,CLE,-8.0,0,-0.5503134423913107,-40.1219512195122,-0.8
0022400027,2024-25,2024-11-22,PHI,BKN,15.0,1,0.4928124659133893,33.048780487804876,-0.30000000000000004
0022400274,2024-25,2024-11-24,PHI,LAC,-26.0,0,-1.2110498300623411,-73.92276422764229,-0.49999999999999994
0022400290,2024-25,2024-11-27,PHI,HOU,-7.0,0,-1.6045293667563771,-88.17073170731707,-0.6000000000000001
0022400322,2024-25,2024-12-04,PHI,ORL,-4.0,0,-0.6172547194413953,-42.03252032520325,-0.5
0022400333,2024-25,2024-12-06,PHI,ORL,8.0,1,-0.5977902333919822,-41.97154471544715,-0.5
0022401209,2024-25,2024-12-13,PHI,IND,-14.0,0,-0.4722346787534345,-5.691056910569105,0.09999999999999998
0022400373,2024-25,2024-12-20,PHI,CHA,10.0,1,-0.9354101017959802,-53.41463414634147,0.5
0022400394,2024-25,2024-12-23,PHI,SAS,5.0,1,-0.41524938499520103,-26.991869918699187,0.09999999999999998
0022400494,2024-25,2025-01-06,PHI,PHX,-10.0,0,-0.11508690691525406,-9.837398373983739,0.39999999999999997
0022400512,2024-25,2025-01-08,PHI,WAS,6.0,1,-0.6617125877340514,-46.93089430894309,0.3
0022400527,2024-25,2025-01-10,PHI,NOP,-8.0,0,-0.7348557549281682,-52.987804878048784,0.39999999999999997
0022400555,2024-25,2025-01-14,PHI,OKC,-16.0,0,-0.37718126434746796,-29.837398373983746,-0.4
0022400561,2024-25,2025-01-15,PHI,NYK,-6.0,0,-0.10444111202267356,-7.9268292682926855,-0.09999999999999998
0022400631,2024-25,2025-01-24,PHI,CLE,3.0,1,-0.2791101791426106,-21.138211382113823,-0.49999999999999994
0022400660,2024-25,2025-01-28,PHI,LAL,14.0,1,-0.8799104836322762,-57.317073170731696,-0.3
0022400669,2024-25,2025-01-29,PHI,SAC,13.0,1,-0.46165142522259395,-35.40650406504065,-0.39999999999999997
0022400681,2024-25,2025-01-31,PHI,DEN,-3.0,0,-0.7335273876418031,-52.74390243902439,-0.19999999999999996
0022400698,2024-25,2025-02-02,PHI,BOS,-8.0,0,-0.8544138016065647,-60.83333333333332,-0.19999999999999996
0022400712,2024-25,2025-02-04,PHI,DAL,2.0,1,-0.8059452385572256,-56.402439024390254,0.0
0022400721,2024-25,2025-02-05,PHI,MIA,-7.0,0,-0.7174091802300193,-50.56910569105692,0.09999999999999998
0022400764,2024-25,2025-02-11,PHI,TOR,-3.0,0,-0.39249362509311025,-26.34146341463415,0.0
0022400789,2024-25,2025-02-20,PHI,BOS,-20.0,0,-0.436967157182356,-1.808943089430894,-0.5
0022400807,2024-25,2025-02-22,PHI,BKN,-2.0,0,-0.37338942077134485,-7.540650406504066,-0.39999999999999997
0022400823,2024-25,2025-02-24,PHI,CHI,-32.0,0,-0.7011675312968547,-43.109756097560975,-0.1
0022400864,2024-25,2025-03-01,PHI,GSW,7.0,1,-0.8499008002739763,-56.463414634146346,-0.6
0022400876,2024-25,2025-03-03,PHI,POR,-17.0,0,-1.4187898652431905,-84.53252032520324,-0.4
0022400924,2024-25,2025-03-09,PHI,UTA,4.0,1,-0.6362466874664572,-40.20325203252032,-0.1
0022400959,2024-25,2025-03-14,PHI,IND,-12.0,0,0.12274697918179302,8.13008130081301,-0.3
0022401053,2024-25,2025-03-26,PHI,WAS,-5.0,0,0.22399725609966076,17.845528455284544,-0.09999999999999998
0022401076,2024-25,2025-03-29,PHI,MIA,-23.0,0,-0.7774639003933632,-49.22764227642276,-0.19999999999999998
0022401087,2024-25,2025-03-30,PHI,TOR,-18.0,0,-0.17371543344574314,-11.544715447154466,-0.5
0022401115,2024-25,2025-04-03,PHI,MIL,-13.0,0,-0.44793782379398445,-34.63414634146341,-0.30000000000000004
0022401130,2024-25,2025-04-05,PHI,MIN,-5.0,0,-0.6125055141281379,-43.51626016260163,-0.7
0022401173,2024-25,2025-04-11,PHI,ATL,-14.0,0,-0.8340496886639919,-52.23577235772357,-0.30000000000000004
0022401191,2024-25,2025-04-13,PHI,CHI,-20.0,0,-0.7011675312968546,-49.004065040650396,-0.6
0022400149,2024-25,2024-11-02,PHX,POR,6.0,1,-0.8987101519712842,-53.69918699186993,0.46666666666666673
0022400167,2024-25,2024-11-04,PHX,PHI,2.0,1,-1.1760026873261058,-76.40243902439023,0.6333333333333333
0022400178,2024-25,2024-11-06,PHX,MIA,3.0,1,-0.9567028845134087,-65.630081300813,0.3571428571428571
0022400209,2024-25,2024-11-10,PHX,SAC,-9.0,0,-0.17683591036609786,-12.317073170731703,0.33333333333333326
0022400249,2024-25,2024-11-18,PHX,ORL,-10.0,0,0.26749776184728435,9.552845528455293,0.09999999999999998
0022400257,2024-25,2024-11-20,PHX,NYK,-16.0,0,-1.1787604711174993,-72.90650406504065,-0.09999999999999998
0022400039,2024-25,2024-11-26,PHX,LAL,27.0,1,-1.050459573698449,-39.918699186991866,-0.19999999999999996
0022400297,2024-25,2024-11-27,PHX,BKN,-10.0,0,-1.433164824796085,-83.82113821138212,0.0
0022400303,2024-25,2024-11-30,PHX,GSW,8.0,1,-0.8991539314975796,-43.78048780487805,-0.2
0022400057,2024-25,2024-12-03,PHX,SAS,11.0,1,-1.284740237850504,-72.6829268292683,-0.39999999999999997
0022401219,2024-25,2024-12-15,PHX,POR,7.0,1,-0.5694096146190001,-38.82113821138211,0.2
0022400369,2024-25,2024-12-19,PHX,IND,-9.0,0,-1.0336260843128322,-54.63414634146341,0.0
0022400387,2024-25,2024-12-21,PHX,DET,-8.0,0,-1.0611282781294624,-69.97967479674796,0.09999999999999998
0022400409,2024-25,2024-12-25,PHX,DEN,10.0,1,-0.11955804667839644,-8.516260162601633,-0.19999999999999996
0022400425,2024-25,2024-12-27,PHX,DAL,-9.0,0,-0.8374921919004658,-58.71951219512194,-0.29999999999999993
0022400453,2024-25,2024-12-31,PHX,MEM,-5.0,0,-0.4430172891323263,-29.552845528455272,-0.39999999999999997
0022400522,2024-25,2025-01-09,PHX,ATL,8.0,1,-0.14650221827013593,-6.016260162601625,-0.3
0022400533,2024-25,2025-01-11,PHX,UTA,8.0,1,-0.4649933478083313,-30.40650406504065,0.0
0022400547,2024-25,2025-01-12,PHX,CHA,7.0,1,0.1736081948301915,13.292682926829265,0.30000000000000004
0022400645,2024-25,2025-01-25,PHX,WAS,10.0,1,-0.764149838787225,-36.666666666666664,0.7
0022400659,2024-25,2025-01-27,PHX,LAC,2.0,1,-1.0747282793108723,-71.5650406504065,0.09999999999999998
0022400672,2024-25,2025-01-29,PHX,MIN,-8.0,0,-0.7822004513255578,-49.89837398373983,0.20000000000000007
0022400740,2024-25,2025-02-07,PHX,UTA,8.0,1,0.12853355052404855,11.03658536585366,0.3
0022400749,2024-25,2025-02-08,PHX,DEN,-17.0,0,-0.2020810375175454,-14.085365853658537,-0.19999999999999996
0022400767,2024-25,2025-02-11,PHX,MEM,-7.0,0,-0.6609107917409417,-39.959349593495936,-0.30000000000000004
0022400848,2024-25,2025-02-27,PHX,NOP,-8.0,0,-0.1746541193889971,-9.390243902439039,-0.09999999999999998
0022400857,2024-25,2025-02-28,PHX,NOP,17.0,1,-0.016241648933164612,-1.971544715447159,-0.2
0022400873,2024-25,2025-03-02,PHX,MIN,-18.0,0,-0.8236674878435206,-57.49999999999999,-0.10000000000000003
0022400889,2024-25,2025-03-04,PHX,LAC,2.0,1,-1.664491456023596,-78.0691056910569,-0.2
0022400967,2024-25,2025-03-14,PHX,SAC,16.0,1,-0.04942302165242474,-1.3414634146341342,-0.2
0022400991,2024-25,2025-03-17,PHX,TOR,40.0,1,-0.4459339265093035,-18.65853658536585,-0.19999999999999996
0022401007,2024-25,2025-03-19,PHX,CHI,6.0,1,-0.9261029092282214,-63.88211382113821,-0.09999999999999998
0022401021,2024-25,2025-03-21,PHX,CLE,11.0,1,-0.9118926808818629,-63.47560975609756,-0.19999999999999996
0022401043,2024-25,2025-03-24,PHX,MIL,2.0,1,-1.5247373075678277,-85.46747967479675,0.09999999999999998
0022401058,2024-25,2025-03-26,PHX,BOS,-30.0,0,-1.2543251719838875,-79.7560975609756,-0.30000000000000004
0022401088,2024-25,2025-03-30,PHX,HOU,-39.0,0,0.5713775901680023,42.3170731707317,-0.4
0022401154,2024-25,2025-04-08,PHX,GSW,-38.0,0,0.3811609846440893,21.54471544715446,-0.29999999999999993
0022401164,2024-25,2025-04-09,PHX,OKC,-13.0,0,-0.9350784130738733,-56.6260162601626,-0.5
0022401182,2024-25,2025-04-11,PHX,SAS,19.0,1,-1.0358346034696717,-68.71951219512195,0.0
0022400210,2024-25,2024-11-10,POR,MEM,-45.0,0,-0.1329954211026652,-7.5203252032520425,-0.3
0022400008,2024-25,2024-11-12,POR,MIN,14.0,1,-0.9621811074114244,-65.95528455284554,-0.3
0022400226,2024-25,2024-11-13,POR,MIN,8.0,1,-0.23911609335679285,-18.821138211382113,-0.19999999999999996
0022400239,2024-25,2024-11-17,POR,ATL,4.0,1,-1.476302914626324,-84.39024390243902,0.0
0022400049,2024-25,2024-11-29,POR,SAC,9.0,1,-0.002720849036016215,-0.2439024390243958,0.0
0022400312,2024-25,2024-12-01,POR,DAL,-6.0,0,-1.0885513260902215,-70.32520325203251,-0.19999999999999996
0022400339,2024-25,2024-12-06,POR,UTA,-42.0,0,-0.9357667401149646,-65.04065040650407,0.30000000000000004
0022401215,2024-25,2024-12-13,POR,SAS,-2.0,0,-0.9720035293969659,-33.41463414634146,-0.39999999999999997
0022400371,2024-25,2024-12-19,POR,DEN,2.0,1,0.016903741360761115,0.6910569105691025,-0.39999999999999997
0022400417,2024-25,2024-12-26,POR,UTA,2.0,1,-0.8315809102368336,-50.12195121951219,-0.09999999999999998
0022400434,2024-25,2024-12-28,POR,DAL,4.0,1,-1.3352212899999802,-82.5,-0.49999999999999994
0022400447,2024-25,2024-12-30,POR,PHI,-22.0,0,-0.9376972371846777,-61.36178861788618,-0.39999999999999997
0022400536,2024-25,2025-01-11,POR,MIA,-21.0,0,-0.2076000441689137,-9.105691056910572,-0.19999999999999996
0022400560,2024-25,2025-01-14,POR,BKN,-18.0,0,-1.2081093727686179,-78.41463414634146,0.2
0022400575,2024-25,2025-01-16,POR,LAC,-29.0,0,-0.7610354033771035,-48.84146341463415,-0.19999999999999996
0022400591,2024-25,2025-01-18,POR,HOU,-22.0,0,-0.9283473663768824,-60.7520325203252,-0.3
0022400597,2024-25,2025-01-19,POR,CHI,11.0,1,-0.7025105902424117,-49.71544715447155,-0.2
0022400647,2024-25,2025-01-26,POR,OKC,-10.0,0,0.6179294409536787,39.430894308943095,-0.19999999999999996
0022400662,2024-25,2025-01-28,POR,MIL,13.0,1,-1.208109372768618,-73.80081300813009,-0.4
0022400678,2024-25,2025-01-30,POR,ORL,29.0,1,-0.8514759293465228,-60.30487804878049,0.3
0022400694,2024-25,2025-02-01,POR,PHX,19.0,1,-0.864682930734979,-61.72764227642276,-0.09999999999999998
0022400709,2024-25,2025-02-03,POR,PHX,2.0,1,-0.3586741400351893,-23.394308943089435,0.09999999999999998
0022400716,2024-25,2025-02-04,POR,IND,23.0,1,-0.8181391905062813,-53.27235772357723,0.0
0022400732,2024-25,2025-02-06,POR,SAC,6.0,1,-0.7367689641804017,-53.23170731707318,0.4
0022400796,2024-25,2025-02-20,POR,LAL,-8.0,0,-1.2539850343817145,-40.18292682926829,-0.09999999999999998
0022400810,2024-25,2025-02-22,POR,CHA,53.0,1,-1.5416659480858348,-86.07723577235772,0.39999999999999997
0022400926,2024-25,2025-03-09,POR,DET,-7.0,0,-0.25895760064246154,-11.463414634146346,-0.19999999999999996
0022400953,2024-25,2025-03-12,POR,NYK,-1.0,0,-0.4698762668374048,-34.75609756097561,0.0
0022400980,2024-25,2025-03-16,POR,TOR,3.0,1,-1.3114257705138497,-73.90243902439025,-0.19999999999999996
0022400995,2024-25,2025-03-17,POR,WAS,15.0,1,-1.2712538125018946,-67.76422764227642,-0.19999999999999996
0022401008,2024-25,2025-03-19,POR,MEM,16.0,1,-0.8087893196984861,-52.134146341463406,-0.09999999999999998
0022401022,2024-25,2025-03-21,POR,DEN,19.0,1,-0.7294024121469986,-52.13414634146341,-0.09999999999999998
0022401034,2024-25,2025-03-23,POR,BOS,-13.0,0,-0.5952647460826529,-41.605691056910565,-0.4
0022401051,2024-25,2025-03-25,POR,CLE,-11.0,0,-1.1768133305414703,-72.82520325203251,-0.19999999999999996
0022401139,2024-25,2025-04-06,POR,SAS,11.0,1,-0.11863885024901027,-5.853658536585357,0.09999999999999998
0022401183,2024-25,2025-04-11,POR,GSW,-17.0,0,-0.11856409574678223,-8.333333333333336,-0.19999999999999996
0022401199,2024-25,2025-04-13,POR,LAL,28.0,1,-0.7131607632138339,-44.0040650406504,-0.39999999999999997
0022400180,2024-25,2024-11-06,SAC,TOR,15.0,1,0.2635437853091963,12.560975609756099,0.3214285714285714
0022400196,2024-25,2024-11-08,SAC,LAC,-9.0,0,-0.44823289129664023,-28.983739837398375,0.125
0022400227,2024-25,2024-11-13,SAC,PHX,23.0,1,-0.23559143320629805,-10.304878048780495,-0.20000000000000007
0022400020,2024-25,2024-11-15,SAC,MIN,-4.0,0,-0.7018184614639835,-49.146341463414636,0.19999999999999996
0022400233,2024-25,2024-11-16,SAC,UTA,4.0,1,0.02659362529077479,3.1300813008130035,0.3
0022400250,2024-25,2024-11-18,SAC,ATL,-1.0,0,-0.8526725503695275,-60.71138211382114,0.19999999999999996
0022400276,2024-25,2024-11-24,SAC,BKN,-5.0,0,-1.0031366213297317,-61.463414634146346,0.2
0022400285,2024-25,2024-11-25,SAC,OKC,-21.0,0,-0.4181659820485182,-22.5609756097561,-0.19999999999999996
0022400313,2024-25,2024-12-01,SAC,SAS,-2.0,0,-0.12707329343849447,-9.329268292682926,-0.3
0022400059,2024-25,2024-12-03,SAC,HOU,9.0,1,-0.745602483544177,-54.24796747967479,-0.5
0022400357,2024-25,2024-12-08,SAC,UTA,44.0,1,0.3650021311561056,27.5,0.09999999999999998
0022401225,2024-25,2024-12-16,SAC,DEN,-1.0,0,0.1478809757087049,17.96747967479675,0.0
0022400372,2024-25,2024-12-19,SAC,LAL,-13.0,0,-0.6705491612095711,-11.300813008130081,0.09999999999999998
0022400376,2024-25,2024-12-21,SAC,LAL,-4.0,0,-0.2391160933567929,-18.048780487804876,0.0
0022400389,2024-25,2024-12-22,SAC,IND,-27.0,0,0.16836777067276418,7.6016260162601625,-0.09999999999999998
0022400418,2024-25,2024-12-26,SAC,DET,-1.0,0,-0.6867908101427355,-29.308943089430898,-0.09999999999999998
0022400448,2024-25,2024-12-30,SAC,DAL,10.0,1,-0.5965762357800655,-39.43089430894309,-0.3
0022400462,2024-25,2025-01-01,SAC,PHI,6.0,1,-0.5985020637187517,-42.13414634146342,-0.4
0022400476,2024-25,2025-01-03,SAC,MEM,5.0,1,-0.5640349026915973,-39.04471544715447,-0.29999999999999993
0022400501,2024-25,2025-01-06,SAC,MIA,5.0,1,-0.6982855279323262,-37.52032520325204,0.0
0022400576,2024-25,2025-01-16,SAC,HOU,5.0,1,-0.028989115525248244,-1.707317073170728,0.0
0022400598,2024-25,2025-01-19,SAC,WAS,23.0,1,-1.2525939765614666,-71.78861788617887,0.7000000000000001
0022400619,2024-25,2025-01-22,SAC,GSW,6.0,1,-0.6397493498755016,-28.170731707317074,0.4
0022400727,2024-25,2025-02-05,SAC,ORL,-19.0,0,-0.22468943657607182,-15.284552845528452,0.4
0022400750,2024-25,2025-02-08,SAC,NOP,5.0,1,-0.11850214438387244,-8.150406504065046,0.10000000000000003
0022400805,2024-25,2025-02-21,SAC,GSW,-24.0,0,-1.0866854943619397,-31.239837398373982,-0.09999999999999998
0022400828,2024-25,2025-02-24,SAC,CHA,42.0,1,-1.896211672608766,-91.66666666666667,0.2
0022400910,2024-25,2025-03-07,SAC,SAS,18.0,1,-0.09683315350587096,-6.666666666666657,0.29999999999999993
0022400939,2024-25,2025-03-10,SAC,NYK,-29.0,0,0.18215013113269146,14.918699186991866,0.09999999999999998
0022400992,2024-25,2025-03-17,SAC,MEM,10.0,1,-1.1089493055346393,-75.4471544715447,0.0
0022401009,2024-25,2025-03-19,SAC,CLE,4.0,1,-0.838203073558977,-58.800813008130085,-0.30000000000000004
0022401013,2024-25,2025-03-20,SAC,CHI,-12.0,0,-0.8353280146360688,-54.0650406504065,-0.09999999999999998
0022401027,2024-25,2025-03-22,SAC,MIL,-6.0,0,-0.6867908101427356,-47.987804878048784,-0.09999999999999998
0022401044,2024-25,2025-03-24,SAC,BOS,-18.0,0,-0.9722305970479239,-66.6869918699187,-0.6000000000000001
0022401052,2024-25,2025-03-25,SAC,OKC,-16.0,0,-0.07450435796746806,-5.731707317073173,-0.6000000000000001
0022401066,2024-25,2025-03-27,SAC,POR,21.0,1,-0.4627023681071907,-30.142276422764226,-0.2
0022401165,2024-25,2025-04-09,SAC,DEN,-8.0,0,0.8601751639207627,57.07317073170731,0.10000000000000003
0022401184,2024-25,2025-04-11,SAC,LAC,-1.0,0,-0.44823289129664023,-28.983739837398375,-0.4
0022401200,2024-25,2025-04-13,SAC,PHX,11.0,1,-0.47665387460087955,-31.605691056910565,0.2
0022400146,2024-25,2024-11-02,SAS,MIN,10.0,1,0.05391316658612903,4.715447154471548,-0.19999999999999996
0022400183,2024-25,2024-11-07,SAS,POR,13.0,1,0.12070446620327721,9.065040650406495,0.0
0022400197,2024-25,2024-11-09,SAS,UTA,-1.0,0,-0.6471676708809784,-46.158536585365844,0.3194444444444444
0022400216,2024-25,2024-11-11,SAS,SAC,20.0,1,-1.103627936315198,-71.01626016260164,-0.19999999999999996
0022400224,2024-25,2024-11-13,SAS,WAS,9.0,1,-0.883698117303868,-62.581300813008134,0.2777777777777778
0022400015,2024-25,2024-11-15,SAS,LAL,-5.0,0,-0.8081695152860549,-56.48373983739837,-0.09999999999999998
0022400025,2024-25,2024-11-19,SAS,OKC,6.0,1,-0.3755929742798141,-20.691056910569102,-0.19999999999999996
0022400262,2024-25,2024-11-21,SAS,UTA,8.0,1,-1.3897180997448721,-76.40243902439025,0.2
0022400269,2024-25,2024-11-23,SAS,GSW,10.0,1,-1.1993142688840581,-78.27235772357723,-0.30000000000000004
0022400296,2024-25,2024-11-27,SAS,LAL,-18.0,0,-0.22628822629571405,-8.678861788617894,0.09999999999999998
0022400331,2024-25,2024-12-05,SAS,CHI,-15.0,0,0.35160566144664684,17.479674796747965,0.19999999999999996
0022400337,2024-25,2024-12-06,SAS,SAC,-27.0,0,-0.66454378787515,-47.27642276422765,0.2
0022400354,2024-25,2024-12-08,SAS,NOP,5.0,1,-0.8568817777820334,-61.15853658536586,0.4
0022401218,2024-25,2024-12-15,SAS,MIN,-14.0,0,0.45842981095222113,27.926829268292682,0.09999999999999998
0022400370,2024-25,2024-12-19,SAS,ATL,7.0,1,-0.7315936855715129,-30.365853658536587,-0.19999999999999996
0022400386,2024-25,2024-12-21,SAS,POR,20.0,1,-1.0834645743197202,-72.6219512195122,0.3
0022400451,2024-25,2024-12-31,SAS,LAC,36.0,1,-0.3676467100260956,-28.90243902439024,-0.09999999999999998
0022400484,2024-25,2025-01-04,SAS,DEN,-11.0,0,-0.11955804667839648,-5.8943089430894275,0.0
0022400567,2024-25,2025-01-15,SAS,MEM,-14.0,0,-0.29840304644144156,-24.55284552845528,-0.09999999999999998
0022400582,2024-25,2025-01-17,SAS,MEM,-28.0,0,-0.701106631137214,-43.028455284552834,-0.09999999999999998
0022400671,2024-25,2025-01-29,SAS,LAC,-12.0,0,0.7918426671057677,19.59349593495935,-0.3
0022400684,2024-25,2025-01-31,SAS,MIL,26.0,1,-1.3946010231945971,-83.84146341463415,-0.49999999999999994
0022400693,2024-25,2025-02-01,SAS,MIA,-2.0,0,-0.3075453328231889,-14.918699186991873,-0.10000000000000003
0022400795,2024-25,2025-02-20,SAS,PHX,11.0,1,-0.8332158007312574,-11.727642276422765,0.0
0022400802,2024-25,2025-02-21,SAS,DET,-15.0,0,-0.21752636716720963,-16.66666666666667,-0.19999999999999996
0022400871,2024-25,2025-03-02,SAS,OKC,-14.0,0,-0.25862829989284375,-16.808943089430898,-0.5
0022400888,2024-25,2025-03-04,SAS,BKN,14.0,1,-0.5912549004963816,-41.23983739837398,-0.10000000000000003
0022400937,2024-25,2025-03-10,SAS,DAL,-4.0,0,-0.08392751617582095,-7.032520325203251,0.0
0022400951,2024-25,2025-03-12,SAS,DAL,10.0,1,-0.23911609335679287,-13.78048780487805,-0.09999999999999998
0022400964,2024-25,2025-03-14,SAS,CHA,-11.0,0,-0.9544681299951412,-65.4471544715447,0.09999999999999998
0022400973,2024-25,2025-03-15,SAS,NOP,4.0,1,-0.09318306219052443,-7.3983739837398375,-0.10000000000000003
0022401003,2024-25,2025-03-19,SAS,NYK,15.0,1,0.2742347279106122,17.642276422764226,-0.19999999999999996
0022401018,2024-25,2025-03-21,SAS,PHI,8.0,1,-0.8141431182391935,-56.72764227642276,0.2
0022401080,2024-25,2025-03-29,SAS,BOS,-10.0,0,-0.5293016512073658,-28.333333333333343,-0.4
0022401086,2024-25,2025-03-30,SAS,GSW,-42.0,0,-0.4518572022257137,-34.22764227642277,-0.19999999999999996
0022400988,2024-25,2025-04-01,SAS,ORL,-11.0,0,-1.096396119528856,-70.83333333333334,-0.19999999999999996
0022401124,2024-25,2025-04-04,SAS,CLE,-1.0,0,0.303320491016028,20.813008130081293,-0.09999999999999998
0022401197,2024-25,2025-04-13,SAS,TOR,7.0,1,0.44956338699626663,32.6829268292683,-0.39999999999999997
0022400137,2024-25,2024-11-01,TOR,LAL,-6.0,0,-0.3004671075756362,-23.943089430894304,-0.39999999999999997
0022400143,2024-25,2024-11-02,TOR,SAC,3.0,1,-0.7232767945191957,-50.73170731707317,-0.43333333333333335
0022400011,2024-25,2024-11-15,TOR,DET,-4.0,0,-0.5095282289407332,-36.58536585365854,-0.4
0022400247,2024-25,2024-11-18,TOR,IND,11.0,1,-0.34864196510105744,-26.66666666666667,-0.4
0022400261,2024-25,2024-11-21,TOR,MIN,5.0,1,-0.4802503139925569,-26.829268292682926,-0.39999999999999997
0022400309,2024-25,2024-12-01,TOR,MIA,3.0,1,-0.11955804667839645,-10.44715447154472,-0.3
0022400054,2024-25,2024-12-03,TOR,IND,11.0,1,-0.8312201831487133,-57.98780487804877,0.0
0022400328,2024-25,2024-12-05,TOR,OKC,-37.0,0,-0.7276958714735057,-51.93089430894309,-0.19999999999999996
0022400344,2024-25,2024-12-07,TOR,DAL,-7.0,0,-0.6027300526129871,-42.5609756097561,-0.4
0022400359,2024-25,2024-12-09,TOR,NYK,-5.0,0,-0.48479310157354627,-32.49999999999999,-0.19999999999999996
0022401223,2024-25,2024-12-16,TOR,CHI,-1.0,0,-0.24309261250381792,-7.276422764227642,-0.2
0022400364,2024-25,2024-12-19,TOR,BKN,-7.0,0,-0.7082133141573406,-11.95121951219512,-0.10000000000000003
0022400388,2024-25,2024-12-22,TOR,HOU,-4.0,0,-0.5498970972944177,-25.325203252032523,-0.3
0022400438,2024-25,2024-12-29,TOR,ATL,-29.0,0,-0.6557553269619916,-45.365853658536594,-0.5
0022400459,2024-25,2025-01-01,TOR,BKN,17.0,1,0.2702959278340828,20.975609756097555,-0.3
0022400470,2024-25,2025-01-03,TOR,ORL,-9.0,0,-0.3155598992936804,-20.386178861788615,-0.30000000000000004
0022400497,2024-25,2025-01-06,TOR,MIL,-24.0,0,-0.9491178602819865,-61.666666666666664,-0.4
0022400550,2024-25,2025-01-13,TOR,GSW,3.0,1,-0.12721288321588262,-7.642276422764226,-0.30000000000000004
0022400562,2024-25,2025-01-15,TOR,BOS,13.0,1,-0.005868812957256719,-6.605691056910569,-0.39999999999999997
0022400608,2024-25,2025-01-21,TOR,ORL,16.0,1,-0.46470654492974917,-28.536585365853654,0.0
0022400654,2024-25,2025-01-27,TOR,NOP,9.0,1,-0.12425659019248642,-8.739837398373986,0.0
0022400682,2024-25,2025-01-31,TOR,CHI,-16.0,0,-0.25509948038702746,-20.36585365853658,0.49999999999999994
0022400697,2024-25,2025-02-02,TOR,LAC,7.0,1,-0.8312917357785174,-58.028455284552855,0.0
0022400713,2024-25,2025-02-04,TOR,NYK,-6.0,0,-0.7552052371574867,-54.81707317073171,0.10000000000000009
0022400722,2024-25,2025-02-05,TOR,MEM,-31.0,0,-0.44125000088637645,-32.92682926829268,-0.20000000000000007
0022400774,2024-25,2025-02-12,TOR,CLE,-23.0,0,0.44242645096063393,33.089430894308954,-0.19999999999999996
0022400800,2024-25,2025-02-21,TOR,MIA,-9.0,0,-0.7951194888910552,-10.955284552845528,0.0
0022400816,2024-25,2025-02-23,TOR,PHX,18.0,1,-1.5314986814024416,-85.42682926829269,0.0
0022400829,2024-25,2025-02-25,TOR,BOS,-10.0,0,-0.49915539296482536,-30.26422764227642,-0.6000000000000001
0022400905,2024-25,2025-03-07,TOR,UTA,9.0,1,-0.6850070363571219,-50.46747967479675,0.10000000000000003
0022400915,2024-25,2025-03-08,TOR,WAS,-1.0,0,0.2805267096569183,23.902439024390244,0.2
0022400932,2024-25,2025-03-10,TOR,WAS,15.0,1,-0.0162416489331646,-6.9105691056910565,0.0
0022400947,2024-25,2025-03-12,TOR,PHI,13.0,1,-0.6037187478407993,-42.743902439024396,0.3
0022401033,2024-25,2025-03-23,TOR,SAS,-34.0,0,-0.10161577193384705,-8.00813008130082,0.09999999999999998
0022401069,2024-25,2025-03-28,TOR,CHA,11.0,1,0.38644980731955625,31.097560975609753,0.09999999999999998
0022401116,2024-25,2025-04-03,TOR,POR,-9.0,0,-0.05998048209267659,-5.609756097560975,0.0
0022401121,2024-25,2025-04-04,TOR,DET,-12.0,0,-0.4735253848227299,-37.03252032520325,-0.09999999999999998
0022401158,2024-25,2025-04-09,TOR,CHA,30.0,1,-0.6476610438558932,-44.756097560975604,0.4
0022400006,2024-25,2024-11-12,UTA,PHX,-8.0,0,-0.27034514586819064,-13.3739837398374,-0.5777777777777778
0022400228,2024-25,2024-11-14,UTA,DAL,2.0,1,-1.9468973724487149,-89.55284552845528,-0.2
0022400264,2024-25,2024-11-23,UTA,NYK,15.0,1,0.373795523044922,11.78861788617887,-0.3
0022400038,2024-25,2024-11-26,UTA,SAS,-13.0,0,-1.3976881976433122,-80.04065040650407,-0.19999999999999996
0022400298,2024-25,2024-11-27,UTA,DEN,-19.0,0,-0.17848936446217206,-12.012195121951216,-0.3
0022400304,2024-25,2024-11-30,UTA,DAL,-12.0,0,-1.6568580407750084,-89.3089430894309,-0.3
0022400311,2024-25,2024-12-01,UTA,LAL,-1.0,0,-1.1722419023519193,-59.77642276422765,-0.39999999999999997
0022401214,2024-25,2024-12-13,UTA,PHX,-8.0,0,-1.6367373012843556,-82.39837398373984,-0.09999999999999998
0022400433,2024-25,2024-12-28,UTA,PHI,-3.0,0,-0.25771172137170373,-4.512195121951223,-0.39999999999999997
0022400445,2024-25,2024-12-30,UTA,DEN,-11.0,0,-0.6717759444697408,-40.203252032520325,-0.3
0022400506,2024-25,2025-01-07,UTA,ATL,-3.0,0,-0.043410003032890554,-0.2845528455284523,0.0
0022400523,2024-25,2025-01-09,UTA,MIA,-5.0,0,-1.7240229280250865,-78.41463414634146,-0.09999999999999998
0022400546,2024-25,2025-01-12,UTA,BKN,1.0,1,0.637583259006573,34.105691056910565,0.0
0022400569,2024-25,2025-01-15,UTA,CHA,-5.0,0,-0.7289978746566779,-43.617886178861795,0.19999999999999998
0022400658,2024-25,2025-01-27,UTA,MIL,-15.0,0,-0.23270253104891603,-4.552845528455293,-0.6000000000000001
0022400677,2024-25,2025-01-30,UTA,MIN,-25.0,0,-0.07981011109797775,-0.5284552845528481,-0.5
0022400687,2024-25,2025-02-01,UTA,ORL,14.0,1,-1.4974864142131759,-77.0528455284553,-0.1
0022400707,2024-25,2025-02-03,UTA,IND,-1.0,0,-1.3958134317371287,-76.4430894308943,-0.6000000000000001
0022400725,2024-25,2025-02-05,UTA,GSW,3.0,1,-1.2620323902446653,-74.77642276422765,-0.5
0022400781,2024-25,2025-02-12,UTA,LAL,12.0,1,-0.11955804667839653,-1.036585365853668,-0.7
0022401004,2024-25,2025-02-13,UTA,LAC,-4.0,0,-1.0213506626996753,-43.495934959349604,-0.3
0022400804,2024-25,2025-02-21,UTA,OKC,-23.0,0,-1.4028577820356851,-50.0609756097561,-0.5
0022400809,2024-25,2025-02-22,UTA,HOU,9.0,1,-1.5141335875686783,-85.2439024390244,0.0
0022400827,2024-25,2025-02-24,UTA,POR,-2.0,0,-1.4812447652800111,-85.87398373983739,-0.19999999999999996
0022400843,2024-25,2025-02-26,UTA,SAC,-17.0,0,-1.253011036658191,-74.53252032520325,-0.2
0022400858,2024-25,2025-02-28,UTA,MIN,1.0,1,-1.9521822668765927,-79.20731707317074,-0.2
0022400872,2024-25,2025-03-02,UTA,NOP,-7.0,0,-1.294304810182331,-75.1829268292683,-0.10000000000000003
0022400881,2024-25,2025-03-03,UTA,DET,-28.0,0,-1.3744528254105322,-60.89430894308943,-0.6000000000000001
0022400966,2024-25,2025-03-14,UTA,TOR,-8.0,0,-0.36187766783220876,-1.9918699186991802,-0.5
0022400989,2024-25,2025-03-17,UTA,CHI,-14.0,0,0.09898476159080338,0.4471544715447209,-0.5
0022400627,2024-25,2025-03-19,UTA,WAS,16.0,1,-2.19859304535039,-79.369918699187,-0.5
0022401020,2024-25,2025-03-21,UTA,BOS,-22.0,0,-1.2769659488712937,-74.89837398373984,-0.7000000000000001
0022401030,2024-25,2025-03-23,UTA,CLE,-29.0,0,-1.6358563249238243,-77.90650406504065,-0.5
0022401050,2024-25,2025-03-25,UTA,MEM,-37.0,0,-1.3324871115745525,-75.9959349593496,-0.4
0022401065,2024-25,2025-03-27,UTA,HOU,-11.0,0,-1.5141335875686786,-77.17479674796749,-0.8
0022401162,2024-25,2025-04-09,UTA,POR,7.0,1,-0.25915674915584097,-8.739837398373979,-0.4
0022401181,2024-25,2025-04-11,UTA,OKC,-34.0,0,-1.6196146759906598,-87.66260162601625,-0.7000000000000001
0022400155,2024-25,2024-11-04,WAS,GSW,-13.0,0,-0.4396099856889183,-33.37398373983739,-0.43333333333333335
0022400237,2024-25,2024-11-17,WAS,DET,-20.0,0,-0.33611477221132713,-25.670731707317067,-0.39999999999999997
0022400028,2024-25,2024-11-22,WAS,BOS,-12.0,0,-0.1554370007936891,-1.9512195121951201,-0.7000000000000001
0022400035,2024-25,2024-11-26,WAS,CHI,-19.0,0,-0.3039932904976363,-17.15447154471545,-0.4
0022400291,2024-25,2024-11-27,WAS,LAC,-25.0,0,-0.4262483100163472,-31.6260162601626,-0.6
0022400326,2024-25,2024-12-05,WAS,DAL,-36.0,0,-0.6342396627740355,-42.96747967479675,-0.9
0022400341,2024-25,2024-12-07,WAS,DEN,9.0,1,-0.7813327468756187,-49.857723577235774,-0.4
0022400353,2024-25,2024-12-08,WAS,MEM,-28.0,0,-0.5771023989218911,-42.84552845528455,-0.7000000000000001
0022401217,2024-25,2024-12-15,WAS,BOS,-14.0,0,0.13220999243564302,4.634146341463415,-0.7000000000000001
0022400362,2024-25,2024-12-19,WAS,CHA,9.0,1,-0.4429455431427558,-9.288617886178864,0.0
0022400412,2024-25,2024-12-26,WAS,CHA,3.0,1,0.16676095871359037,17.703252032520325,0.1
0022400429,2024-25,2024-12-28,WAS,NYK,-4.0,0,-1.0986469507590446,-73.35365853658537,-0.5
0022400443,2024-25,2024-12-30,WAS,NYK,-20.0,0,-0.5815485844588176,-34.53252032520325,-0.5
0022400456,2024-25,2025-01-01,WAS,CHI,18.0,1,-0.5625035898211523,-38.96341463414634,-0.2
0022400489,2024-25,2025-01-05,WAS,NOP,-12.0,0,-0.11955804667839645,-8.902439024390254,0.19999999999999998
0022400503,2024-25,2025-01-07,WAS,HOU,-23.0,0,-0.7322577573210021,-52.50000000000001,-0.3
0022400545,2024-25,2025-01-12,WAS,OKC,-41.0,0,0.1380140920474379,11.666666666666671,-0.7
0022400548,2024-25,2025-01-13,WAS,MIN,-14.0,0,-0.2251883426667174,-16.991869918699187,-0.39999999999999997
0022400573,2024-25,2025-01-16,WAS,PHX,-7.0,0,-0.8585478743798716,-55.12195121951219,-0.30000000000000004
0022400665,2024-25,2025-01-29,WAS,TOR,-24.0,0,0.1651310564735357,14.552845528455286,-0.6
0022400674,2024-25,2025-01-30,WAS,LAL,-38.0,0,-0.48138968684599526,-37.5609756097561,-0.6
0022400735,2024-25,2025-02-07,WAS,CLE,-10.0,0,-0.27031376837731436,-19.674796747967477,-0.3
0022400744,2024-25,2025-02-08,WAS,ATL,-14.0,0,-0.46857769211753475,-36.5040650406504,0.09999999999999998
0022400757,2024-25,2025-02-10,WAS,SAS,-10.0,0,-0.9640345107866652,-66.15853658536585,0.0
0022400771,2024-25,2025-02-12,WAS,IND,-4.0,0,-0.7339183863915892,-52.84552845528456,-0.3
0022400799,2024-25,2025-02-21,WAS,MIL,-3.0,0,-1.4624425211900915,-56.6869918699187,-0.10000000000000003
0022400824,2024-25,2025-02-24,WAS,BKN,8.0,1,0.12397068390548073,7.520325203252035,-0.39999999999999997
0022400839,2024-25,2025-02-26,WAS,POR,-8.0,0,-1.0950965019057461,-70.7520325203252,-0.19999999999999996
0022400894,2024-25,2025-03-05,WAS,UTA,3.0,1,-0.8140195539958546,-55.20325203252032,-0.09999999999999998
0022401014,2024-25,2025-03-21,WAS,ORL,-15.0,0,0.5930525288995019,46.09756097560975,0.2
0022401039,2024-25,2025-03-24,WAS,TOR,-8.0,0,-0.19144866400417926,-14.227642276422763,-0.09999999999999998
0022401061,2024-25,2025-03-27,WAS,IND,-53.0,0,0.03293782933232925,2.378048780487802,-0.39999999999999997
0022401075,2024-25,2025-03-29,WAS,BKN,-3.0,0,-0.691557796432683,-48.353658536585364,0.19999999999999998
0022401092,2024-25,2025-03-31,WAS,MIA,-26.0,0,-0.5126857290731428,-36.03658536585366,-0.10000000000000003
0022401105,2024-25,2025-04-02,WAS,SAC,5.0,1,-0.7026223441644417,-49.24796747967479,-0.09999999999999998
0022401112,2024-25,2025-04-03,WAS,ORL,-12.0,0,-0.5879149504397647,-44.26829268292683,-0.39999999999999997
0022401157,2024-25,2025-04-09,WAS,PHI,-19.0,0,-0.009149099298723401,-0.8943089430894275,0.2
